Rk,Season,Team,Lg,W,GP,W,L,WL%,ERA,G,CG,SHO,SV,IP,H,R,ER,HR,BB,IBB,SO,HBP,BK,WP,BF,ERA+,FIP,WHIP,H9,HR9,BB9,SO9,SO/BB
1,2022,LAD,NL,111,162,111,51,.685,2.80,162,1,1,43,1451.1,1114,513,451,152,407,13,1465,75,3,38,5865,145,3.45,1.048,6.9,0.9,2.5,9.1,3.60
2,2018,BOS,AL,108,162,108,54,.667,3.75,162,2,0,46,1458.2,1305,647,608,176,512,8,1558,84,3,51,6166,118,3.82,1.246,8.1,1.1,3.2,9.6,3.04
3,2021,SFG,NL,107,162,107,55,.660,3.24,162,2,2,56,1455.0,1254,594,524,151,416,20,1425,63,7,44,6002,128,3.55,1.148,7.8,0.9,2.6,8.8,3.43
4,2019,HOU,AL,107,162,107,55,.660,3.66,162,2,1,47,1462.1,1205,640,595,230,448,0,1671,41,8,41,5995,127,3.98,1.130,7.4,1.4,2.8,10.3,3.73
5,2022,HOU,AL,106,162,106,56,.654,2.90,162,3,1,53,1445.0,1121,518,465,134,458,6,1524,60,6,56,5856,132,3.28,1.093,7.0,0.8,2.9,9.5,3.33
6,2021,LAD,NL,106,162,106,56,.654,3.01,162,1,0,56,1452.0,1107,561,486,161,486,43,1599,63,9,52,5948,141,3.54,1.097,6.9,1.0,3.0,9.9,3.29
7,2019,LAD,NL,106,162,106,56,.654,3.37,162,3,1,44,1445.2,1201,613,541,185,392,24,1519,66,7,40,5913,123,3.73,1.102,7.5,1.2,2.4,9.5,3.88
8,2023,ATL,NL,104,162,104,58,.642,4.14,162,1,1,52,1440.0,1341,716,662,187,534,14,1516,70,8,56,6135,106,4.10,1.302,8.4,1.2,3.3,9.5,2.84
9,2017,LAD,NL,104,162,104,58,.642,3.38,162,2,0,51,1444.2,1226,580,543,184,442,33,1549,40,10,40,5925,123,3.67,1.155,7.6,1.1,2.8,9.6,3.50
10,2019,NYY,AL,103,162,103,59,.636,4.31,162,1,1,50,1443.0,1374,739,691,248,507,12,1534,44,5,55,6133,104,4.47,1.304,8.6,1.5,3.2,9.6,3.03
11,2018,HOU,AL,103,162,103,59,.636,3.11,162,3,2,46,1455.0,1164,534,503,152,435,4,1687,66,4,67,5913,134,3.23,1.099,7.2,0.9,2.7,10.4,3.88
12,2016,CHC,NL,103,162,103,58,.640,3.15,162,5,2,38,1459.2,1125,556,511,163,495,24,1441,63,0,80,5933,133,3.77,1.110,6.9,1.0,3.1,8.9,2.91
13,2009,NYY,AL,103,162,103,59,.636,4.26,162,3,1,51,1450.0,1386,753,687,181,574,28,1260,71,5,66,6247,108,4.32,1.352,8.6,1.1,3.6,7.8,2.20
14,2017,CLE,AL,102,162,102,60,.630,3.30,162,7,3,37,1440.2,1267,564,529,163,406,15,1614,45,1,48,5866,138,3.33,1.161,7.9,1.0,2.5,10.1,3.98
15,2011,PHI,NL,102,162,102,60,.630,3.02,162,18,7,47,1477.0,1320,529,495,120,404,41,1299,47,6,23,6069,127,3.24,1.167,8.0,0.7,2.5,7.9,3.22
16,2023,BAL,AL,101,162,101,61,.623,3.89,162,0,0,49,1454.0,1334,678,629,177,473,16,1431,63,7,64,6098,105,3.98,1.243,8.3,1.1,2.9,8.9,3.03
17,2022,ATL,NL,101,162,101,61,.623,3.46,162,1,1,55,1448.0,1224,609,556,148,500,21,1554,62,4,55,6031,119,3.46,1.191,7.6,0.9,3.1,9.7,3.11
18,2022,NYM,NL,101,162,101,61,.623,3.57,162,0,0,41,1438.2,1274,606,570,169,428,13,1565,71,2,35,5950,109,3.50,1.183,8.0,1.1,2.7,9.8,3.66
19,2019,MIN,AL,101,162,101,61,.623,4.18,162,1,0,50,1463.1,1456,754,680,198,452,10,1463,61,5,71,6246,109,4.03,1.304,9.0,1.2,2.8,9.0,3.24
20,2017,HOU,AL,101,162,101,61,.623,4.12,162,1,0,45,1446.0,1314,700,662,192,522,17,1593,70,4,86,6111,99,3.91,1.270,8.2,1.2,3.2,9.9,3.05
21,2023,LAD,NL,100,162,100,62,.617,4.06,162,0,0,44,1446.1,1284,699,652,200,454,20,1388,73,4,49,6018,107,4.23,1.202,8.0,1.2,2.8,8.6,3.06
22,2021,TBR,AL,100,162,100,62,.617,3.67,162,1,0,42,1455.2,1264,651,593,184,436,27,1478,55,6,64,5998,111,3.79,1.168,7.8,1.1,2.7,9.1,3.39
23,2018,NYY,AL,100,162,100,62,.617,3.78,162,2,2,49,1456.2,1311,669,611,177,494,9,1634,58,4,73,6141,112,3.63,1.239,8.1,1.1,3.1,10.1,3.31
24,2015,STL,NL,100,162,100,62,.617,2.94,162,1,0,62,1464.2,1359,525,478,123,477,37,1329,45,5,48,6134,134,3.48,1.254,8.4,0.8,2.9,8.2,2.79
25,2023,TBR,AL,99,162,99,63,.611,3.86,162,0,0,45,1442.0,1258,665,618,177,439,10,1507,63,1,65,5994,110,3.80,1.177,7.9,1.1,2.7,9.4,3.43
26,2022,NYY,AL,99,162,99,63,.611,3.30,162,1,1,47,1451.2,1177,567,532,157,444,10,1459,65,5,40,5938,120,3.56,1.117,7.3,1.0,2.8,9.0,3.29
27,2024,LAD,NL,98,162,98,64,.605,3.90,162,1,1,50,1445.1,1273,686,626,198,501,19,1390,55,7,64,6047,103,4.18,1.227,7.9,1.2,3.1,8.7,2.77
28,2015,PIT,NL,98,162,98,64,.605,3.21,162,0,0,54,1489.2,1392,596,532,110,453,38,1338,75,4,67,6215,121,3.36,1.239,8.4,0.7,2.7,8.1,2.95
29,2014,LAA,AL,98,162,98,64,.605,3.58,162,3,2,46,1482.2,1307,630,590,126,504,41,1342,63,4,74,6179,101,3.57,1.221,7.9,0.8,3.1,8.1,2.66
30,2012,WSN,NL,98,162,98,64,.605,3.33,162,3,1,51,1468.1,1296,594,543,129,497,32,1325,47,4,62,6133,120,3.54,1.221,7.9,0.8,3.0,8.1,2.67
31,2025,MIL,NL,97,162,97,65,.599,3.58,162,0,0,45,1442.1,1237,634,574,168,534,20,1432,66,7,33,6041,118,3.91,1.228,7.7,1.0,3.3,8.9,2.68
32,2019,ATL,NL,97,162,97,65,.599,4.19,162,1,0,44,1450.2,1421,743,675,203,548,33,1393,69,3,70,6243,110,4.39,1.357,8.8,1.3,3.4,8.6,2.54
33,2019,OAK,AL,97,162,97,65,.599,3.97,162,1,1,45,1465.0,1342,680,646,201,477,19,1299,66,4,74,6153,109,4.34,1.242,8.2,1.2,2.9,8.0,2.72
34,2018,OAK,AL,97,162,97,65,.599,3.81,162,2,2,44,1465.2,1303,674,621,184,474,19,1237,53,2,86,6099,110,4.18,1.212,8.0,1.1,2.9,7.6,2.61
35,2017,WSN,NL,97,162,97,65,.599,3.88,162,3,1,46,1446.2,1300,672,623,189,495,39,1457,60,5,44,6068,116,3.99,1.241,8.1,1.2,3.1,9.1,2.94
36,2015,CHC,NL,97,162,97,65,.599,3.36,162,6,4,48,1461.1,1276,608,546,134,407,38,1431,46,3,66,5997,114,3.30,1.152,7.9,0.8,2.5,8.8,3.52
37,2013,BOS,AL,97,162,97,65,.599,3.80,162,5,2,33,1453.2,1366,656,613,156,524,10,1294,47,5,47,6143,109,3.84,1.300,8.5,1.0,3.2,8.0,2.47
38,2013,STL,NL,97,162,97,65,.599,3.42,162,7,4,44,1459.2,1366,596,555,112,451,26,1254,64,1,33,6104,110,3.39,1.245,8.4,0.7,2.8,7.7,2.78
39,2012,CIN,NL,97,162,97,65,.599,3.34,162,9,2,56,1453.0,1356,588,540,152,427,33,1248,51,7,34,6056,123,3.72,1.227,8.4,0.9,2.6,7.7,2.92
40,2011,NYY,AL,97,162,97,65,.599,3.73,162,5,3,47,1458.1,1423,657,605,152,507,43,1222,58,3,67,6216,116,3.87,1.323,8.8,0.9,3.1,7.5,2.41
41,2010,PHI,NL,97,162,97,65,.599,3.67,162,14,6,40,1456.2,1402,640,594,168,416,42,1183,57,5,26,6095,111,3.93,1.248,8.7,1.0,2.6,7.3,2.84
42,2009,LAA,AL,97,162,97,65,.599,4.45,162,9,6,51,1445.0,1513,761,715,180,523,35,1062,58,2,67,6252,99,4.45,1.409,9.4,1.1,3.3,6.6,2.03
43,2025,PHI,NL,96,162,96,66,.593,3.79,162,2,0,47,1440.1,1342,648,607,177,435,9,1471,52,4,36,6026,118,3.70,1.234,8.4,1.1,2.7,9.2,3.38
44,2019,TBR,AL,96,162,96,66,.593,3.65,162,0,0,46,1474.1,1274,656,598,181,453,27,1621,60,7,59,6086,121,3.65,1.171,7.8,1.1,2.8,9.9,3.58
45,2018,MIL,NL,96,163,96,67,.589,3.73,163,0,0,49,1461.0,1259,659,606,173,553,34,1428,61,5,50,6114,110,4.01,1.240,7.8,1.1,3.4,8.8,2.58
46,2014,BAL,AL,96,162,96,66,.593,3.43,162,3,2,53,1461.1,1342,593,557,151,472,25,1174,59,2,42,6104,115,3.96,1.241,8.3,0.9,2.9,7.2,2.49
47,2014,WSN,NL,96,162,96,66,.593,3.03,162,5,4,45,1470.2,1351,555,495,110,352,26,1288,51,2,37,6020,124,3.17,1.158,8.3,0.7,2.2,7.9,3.66
48,2013,ATL,NL,96,162,96,66,.593,3.18,162,1,0,53,1450.1,1326,548,512,127,409,35,1232,51,3,50,5989,118,3.44,1.196,8.2,0.8,2.5,7.6,3.01
49,2013,OAK,AL,96,162,96,66,.593,3.56,162,6,4,46,1452.0,1339,625,574,163,428,23,1183,35,1,56,6069,109,3.83,1.217,8.3,1.0,2.7,7.3,2.76
50,2011,MIL,NL,96,162,96,66,.593,3.63,162,1,1,47,1442.0,1348,638,582,147,440,16,1257,33,5,70,6048,109,3.59,1.240,8.4,0.9,2.7,7.8,2.86
51,2011,TEX,AL,96,162,96,66,.593,3.79,162,10,7,38,1441.1,1327,677,607,170,461,21,1179,46,6,43,6021,117,3.98,1.241,8.3,1.1,2.9,7.4,2.56
52,2010,TBR,AL,96,162,96,66,.593,3.78,162,6,3,51,1453.2,1347,649,611,175,478,34,1189,46,9,60,6103,103,4.09,1.255,8.3,1.1,3.0,7.4,2.49
53,2024,PHI,NL,95,162,95,67,.586,3.85,162,5,4,37,1442.2,1339,671,617,181,444,9,1433,60,4,48,6050,109,3.86,1.236,8.4,1.1,2.8,8.9,3.23
54,2021,HOU,AL,95,162,95,67,.586,3.78,162,2,0,34,1445.0,1231,658,607,187,549,12,1456,70,4,72,6060,114,4.12,1.232,7.7,1.2,3.4,9.1,2.65
55,2021,MIL,NL,95,162,95,67,.586,3.50,162,2,1,44,1436.0,1156,623,558,168,537,19,1618,77,9,60,5990,119,3.72,1.179,7.2,1.1,3.4,10.1,3.01
56,2018,CHC,NL,95,163,95,68,.583,3.65,163,1,0,46,1476.1,1319,645,598,157,622,33,1333,66,3,46,6264,115,4.13,1.315,8.0,1.0,3.8,8.1,2.14
57,2016,TEX,AL,95,162,95,67,.586,4.37,162,1,0,56,1443.0,1441,757,700,201,534,16,1154,53,5,45,6186,105,4.58,1.369,9.0,1.3,3.3,7.2,2.16
58,2016,WSN,NL,95,162,95,67,.586,3.51,162,1,0,46,1459.2,1272,612,570,155,468,43,1476,57,4,47,6036,122,3.58,1.192,7.8,1.0,2.9,9.1,3.15
59,2015,KCR,AL,95,162,95,67,.586,3.73,162,2,1,56,1451.2,1372,641,601,155,489,10,1160,52,2,62,6112,113,4.04,1.282,8.5,1.0,3.0,7.2,2.37
60,2012,NYY,AL,95,162,95,67,.586,3.84,162,6,2,51,1445.1,1401,668,617,190,431,32,1318,49,9,53,6085,110,3.98,1.268,8.7,1.2,2.7,8.2,3.06
61,2011,DET,AL,95,162,95,67,.586,4.04,162,4,2,52,1440.0,1406,711,647,149,492,34,1115,52,5,69,6108,103,3.95,1.318,8.8,0.9,3.1,7.0,2.27
62,2010,NYY,AL,95,162,95,67,.586,4.06,162,3,0,39,1442.1,1349,693,651,179,540,37,1154,62,6,69,6102,107,4.34,1.310,8.4,1.1,3.4,7.2,2.14
63,2009,BOS,AL,95,162,95,67,.586,4.35,162,8,2,41,1436.2,1494,736,695,167,530,24,1230,68,5,42,6283,107,4.14,1.409,9.4,1.0,3.3,7.7,2.32
64,2009,LAD,NL,95,162,95,67,.586,3.41,162,1,1,44,1473.1,1265,611,558,127,584,68,1272,57,2,76,6182,118,3.80,1.255,7.7,0.8,3.6,7.8,2.18
65,2025,NYY,AL,94,162,94,68,.580,3.91,162,0,0,43,1439.2,1239,685,625,175,557,12,1440,57,9,53,6080,107,3.99,1.248,7.7,1.1,3.5,9.0,2.59
66,2025,TOR,AL,94,162,94,68,.580,4.19,162,2,1,42,1438.0,1313,721,669,209,517,25,1430,72,9,32,6089,105,4.26,1.273,8.2,1.3,3.2,8.9,2.77
67,2024,NYY,AL,94,162,94,68,.580,3.74,162,0,0,45,1452.2,1272,668,604,181,533,8,1457,88,11,39,6131,108,4.06,1.243,7.9,1.1,3.3,9.0,2.73
68,2016,CLE,AL,94,161,94,67,.584,3.84,161,5,3,37,1445.0,1330,676,617,186,461,34,1398,34,7,49,6033,118,3.91,1.239,8.3,1.2,2.9,8.7,3.03
69,2014,LAD,NL,94,162,94,68,.580,3.40,162,7,3,47,1464.2,1338,617,554,142,429,35,1373,41,4,64,6075,103,3.48,1.206,8.2,0.9,2.6,8.4,3.20
70,2013,PIT,NL,94,162,94,68,.580,3.26,162,3,0,55,1470.2,1299,577,533,101,515,26,1261,70,6,81,6147,110,3.42,1.233,7.9,0.6,3.2,7.7,2.45
71,2012,ATL,NL,94,162,94,68,.580,3.42,162,5,4,47,1445.1,1310,600,549,145,464,40,1232,41,3,54,5991,117,3.74,1.227,8.2,0.9,2.9,7.7,2.66
72,2012,OAK,AL,94,162,94,68,.580,3.48,162,1,0,47,1470.0,1360,614,569,147,462,34,1136,46,5,40,6131,112,3.89,1.239,8.3,0.9,2.8,7.0,2.46
73,2012,SFG,NL,94,162,94,68,.580,3.68,162,5,4,53,1451.0,1361,649,593,142,489,42,1237,51,4,54,6138,96,3.78,1.275,8.4,0.9,3.0,7.7,2.53
74,2011,ARI,NL,94,162,94,68,.580,3.80,162,5,1,58,1443.1,1414,662,609,159,442,16,1058,53,7,39,6102,104,4.02,1.286,8.8,1.0,2.8,6.6,2.39
75,2010,MIN,AL,94,162,94,68,.580,3.95,162,9,3,40,1453.0,1493,671,638,155,383,19,1048,47,4,41,6106,103,3.91,1.291,9.2,1.0,2.4,6.5,2.74
76,2025,LAD,NL,93,162,93,69,.574,3.95,162,0,0,46,1441.0,1250,683,633,175,563,33,1505,65,5,71,6077,105,3.93,1.258,7.8,1.1,3.5,9.4,2.67
77,2024,MIL,NL,93,162,93,69,.574,3.65,162,0,0,53,1446.0,1289,641,586,196,494,25,1373,64,10,40,6076,115,4.19,1.233,8.0,1.2,3.1,8.5,2.78
78,2024,SDP,NL,93,162,93,69,.574,3.86,162,1,1,44,1439.2,1296,669,617,169,462,17,1453,67,5,63,6029,107,3.78,1.221,8.1,1.1,2.9,9.1,3.15
79,2022,STL,NL,93,162,93,69,.574,3.79,162,3,1,37,1436.0,1335,637,605,146,489,11,1177,60,3,43,6014,104,3.94,1.270,8.4,0.9,3.1,7.4,2.41
80,2021,CHW,AL,93,162,93,69,.574,3.73,162,4,3,43,1403.1,1205,636,581,182,485,16,1588,51,6,84,5861,118,3.74,1.204,7.7,1.2,3.1,10.2,3.27
81,2019,CLE,AL,93,162,93,69,.574,3.76,162,6,5,42,1437.2,1308,657,601,207,450,19,1508,62,2,42,6008,126,4.06,1.223,8.2,1.3,2.8,9.4,3.35
82,2019,WSN,NL,93,162,93,69,.574,4.27,162,1,1,40,1439.1,1340,724,683,202,517,41,1511,61,5,53,6134,106,4.14,1.290,8.4,1.3,3.2,9.4,2.92
83,2017,ARI,NL,93,162,93,69,.574,3.66,162,2,1,43,1441.0,1309,659,586,171,516,45,1482,38,5,82,6072,129,3.80,1.266,8.2,1.1,3.2,9.3,2.87
84,2017,BOS,AL,93,162,93,69,.574,3.70,162,5,1,39,1482.1,1384,668,610,195,465,18,1580,49,3,43,6217,124,3.78,1.247,8.4,1.2,2.8,9.6,3.40
85,2016,BOS,AL,93,162,93,69,.574,4.00,162,9,1,43,1440.0,1342,694,640,176,490,16,1362,65,0,52,6073,112,4.00,1.272,8.4,1.1,3.1,8.5,2.78
86,2015,TOR,AL,93,162,93,69,.574,3.80,162,7,2,34,1441.0,1353,670,609,173,397,20,1117,59,4,62,5984,108,4.09,1.214,8.5,1.1,2.5,7.0,2.81
87,2013,DET,AL,93,162,93,69,.574,3.61,162,3,1,39,1462.2,1369,624,587,128,462,29,1428,42,7,63,6119,116,3.27,1.252,8.4,0.8,2.8,8.8,3.09
88,2012,BAL,AL,93,162,93,69,.574,3.90,162,1,1,55,1483.0,1433,705,642,184,481,36,1177,53,6,34,6278,109,4.20,1.291,8.7,1.1,2.9,7.1,2.45
89,2012,TEX,AL,93,162,93,69,.574,3.99,162,7,2,43,1441.2,1378,707,639,175,446,15,1286,41,8,53,6067,110,3.90,1.265,8.6,1.1,2.8,8.0,2.88
90,2009,PHI,NL,93,162,93,69,.574,4.16,162,8,5,44,1455.2,1479,709,673,189,489,31,1153,75,2,28,6263,101,4.36,1.352,9.1,1.2,3.0,7.1,2.36
91,2025,CHC,NL,92,162,92,70,.568,3.79,162,0,0,44,1435.1,1284,649,605,202,405,9,1265,53,1,29,5904,106,4.16,1.177,8.1,1.3,2.5,7.9,3.12
92,2024,CLE,AL,92,161,92,69,.571,3.60,161,0,0,53,1428.1,1224,621,572,179,492,11,1410,60,5,45,5923,112,3.98,1.201,7.7,1.1,3.1,8.9,2.87
93,2023,MIL,NL,92,162,92,70,.568,3.71,162,1,1,46,1443.0,1218,647,595,198,493,7,1425,60,8,54,5990,117,4.21,1.186,7.6,1.2,3.1,8.9,2.89
94,2022,CLE,AL,92,162,92,70,.568,3.46,162,1,0,51,1456.0,1252,634,560,172,435,14,1390,57,2,49,5989,110,3.75,1.159,7.7,1.1,2.7,8.6,3.20
95,2022,TOR,AL,92,162,92,70,.568,3.87,162,0,0,46,1441.2,1356,679,620,180,424,15,1390,76,5,29,6053,100,3.85,1.235,8.5,1.1,2.6,8.7,3.28
96,2021,BOS,AL,92,162,92,70,.568,4.26,162,0,0,49,1419.0,1409,749,671,176,546,31,1527,79,6,63,6147,111,3.95,1.378,8.9,1.1,3.5,9.7,2.80
97,2021,NYY,AL,92,162,92,70,.568,3.74,162,3,2,47,1435.0,1243,669,596,196,492,10,1569,56,8,85,5999,115,3.90,1.209,7.8,1.2,3.1,9.8,3.19
98,2018,LAD,NL,92,163,92,71,.564,3.38,163,0,0,48,1476.0,1279,610,554,179,422,39,1565,61,10,39,6096,115,3.60,1.152,7.8,1.1,2.6,9.5,3.71
99,2017,CHC,NL,92,162,92,70,.568,3.95,162,2,1,38,1447.1,1294,695,636,194,554,29,1439,66,4,73,6108,112,4.20,1.277,8.0,1.2,3.4,8.9,2.60
100,2015,LAD,NL,92,162,92,70,.568,3.44,162,6,3,47,1445.2,1317,595,553,145,395,32,1396,38,10,52,5932,108,3.41,1.184,8.2,0.9,2.5,8.7,3.53
101,2013,CLE,AL,92,162,92,70,.568,3.82,162,3,3,38,1441.0,1359,662,611,147,554,26,1379,58,3,71,6154,100,3.73,1.328,8.5,0.9,3.5,8.6,2.49
102,2013,LAD,NL,92,162,92,70,.568,3.25,162,7,4,46,1450.1,1321,582,524,127,460,44,1292,43,3,66,6032,110,3.45,1.228,8.2,0.8,2.9,8.0,2.81
103,2013,TBR,AL,92,163,92,71,.564,3.74,163,9,3,42,1464.0,1315,646,608,153,482,38,1310,52,6,69,6083,103,3.71,1.227,8.1,0.9,3.0,8.1,2.72
104,2010,SFG,NL,92,162,92,70,.568,3.36,162,6,3,57,1461.0,1279,583,546,134,578,58,1331,51,4,74,6159,117,3.74,1.271,7.9,0.8,3.6,8.2,2.30
105,2009,COL,NL,92,162,92,70,.568,4.22,162,5,2,45,1438.2,1427,715,675,141,528,51,1154,46,5,48,6171,112,3.96,1.359,8.9,0.9,3.3,7.2,2.19
106,2024,BAL,AL,91,162,91,71,.562,3.94,162,0,0,46,1442.0,1303,699,632,175,481,9,1380,53,8,46,6071,99,3.94,1.237,8.1,1.1,3.0,8.6,2.87
107,2021,TOR,AL,91,162,91,71,.562,3.91,162,1,1,34,1405.1,1257,663,610,209,473,10,1468,75,4,54,5916,115,4.18,1.231,8.1,1.3,3.0,9.4,3.10
108,2019,STL,NL,91,162,91,71,.562,3.79,162,1,1,52,1444.1,1284,662,609,191,545,41,1399,69,4,46,6068,111,4.27,1.266,8.0,1.2,3.4,8.7,2.57
109,2018,CLE,AL,91,162,91,71,.562,3.77,162,5,2,41,1457.2,1349,648,611,200,407,29,1544,59,2,54,6071,115,3.78,1.205,8.3,1.2,2.5,9.5,3.79
110,2018,COL,NL,91,163,91,72,.558,4.33,163,0,0,51,1452.1,1377,745,699,184,525,24,1409,52,8,70,6154,109,4.06,1.310,8.5,1.1,3.3,8.7,2.68
111,2017,NYY,AL,91,162,91,71,.562,3.72,162,2,1,36,1448.1,1248,660,599,192,504,18,1560,53,4,83,6078,122,3.88,1.210,7.8,1.2,3.1,9.7,3.10
112,2016,LAD,NL,91,162,91,71,.562,3.70,162,3,3,47,1453.1,1266,638,598,165,464,51,1510,53,5,58,6014,109,3.61,1.190,7.8,1.0,2.9,9.4,3.25
113,2013,TEX,AL,91,163,91,72,.558,3.62,163,4,2,46,1463.1,1370,636,589,157,498,35,1309,48,5,68,6146,114,3.77,1.277,8.4,1.0,3.1,8.1,2.63
114,2011,TBR,AL,91,162,91,71,.562,3.58,162,15,5,32,1449.0,1263,614,577,161,504,38,1143,46,3,45,6010,105,4.03,1.219,7.8,1.0,3.1,7.1,2.27
115,2010,ATL,NL,91,162,91,71,.562,3.56,162,2,0,41,1439.2,1326,629,569,126,505,64,1241,49,3,42,6052,110,3.65,1.272,8.3,0.8,3.2,7.8,2.46
116,2010,CIN,NL,91,162,91,71,.562,4.01,162,4,2,43,1453.1,1404,685,648,158,524,32,1130,50,6,48,6182,102,4.12,1.327,8.7,1.0,3.2,7.0,2.16
117,2009,STL,NL,91,162,91,71,.562,3.66,162,8,4,43,1440.2,1407,640,586,123,460,23,1049,53,5,43,6087,112,3.82,1.296,8.8,0.8,2.9,6.6,2.28
118,2025,SDP,NL,90,162,90,72,.556,3.63,162,2,2,49,1433.1,1197,621,578,178,535,22,1425,65,5,39,5981,115,4.02,1.208,7.5,1.1,3.4,8.9,2.66
119,2025,SEA,AL,90,162,90,72,.556,3.87,162,0,0,43,1462.2,1331,694,629,192,454,26,1426,74,3,53,6134,99,3.97,1.220,8.2,1.2,2.8,8.8,3.14
120,2023,HOU,AL,90,162,90,72,.556,3.94,162,2,2,42,1445.1,1312,698,632,201,537,6,1460,75,5,37,6110,108,4.31,1.279,8.2,1.3,3.3,9.1,2.72
121,2023,PHI,NL,90,162,90,72,.556,4.03,162,1,1,45,1442.1,1318,715,646,185,470,6,1454,54,7,35,6074,107,4.00,1.240,8.2,1.2,2.9,9.1,3.09
122,2023,TEX,AL,90,162,90,72,.556,4.28,162,3,1,30,1436.1,1330,716,683,198,491,19,1351,59,4,46,6025,101,4.31,1.268,8.3,1.2,3.1,8.5,2.75
123,2022,SEA,AL,90,162,90,72,.556,3.59,162,0,0,40,1447.0,1277,623,577,186,447,24,1391,56,0,45,5986,104,3.90,1.191,7.9,1.2,2.8,8.7,3.11
124,2021,SEA,AL,90,162,90,72,.556,4.30,162,1,0,51,1440.1,1356,748,688,197,485,23,1328,69,3,58,6106,97,4.26,1.278,8.5,1.2,3.0,8.3,2.74
125,2021,STL,NL,90,162,90,72,.556,3.98,162,3,1,50,1416.2,1234,672,626,152,608,30,1225,85,4,66,6046,99,4.30,1.300,7.8,1.0,3.9,7.8,2.01
126,2018,ATL,NL,90,162,90,72,.556,3.75,162,2,1,40,1456.2,1236,657,607,153,635,43,1423,52,8,61,6155,110,3.99,1.284,7.6,0.9,3.9,8.8,2.24
127,2018,TBR,AL,90,162,90,72,.556,3.74,162,0,0,52,1448.1,1236,646,602,164,501,34,1421,53,6,55,5992,110,3.82,1.199,7.7,1.0,3.1,8.8,2.84
128,2015,NYM,NL,90,162,90,72,.556,3.43,162,1,1,50,1462.2,1341,613,557,152,383,43,1337,44,2,46,6046,111,3.53,1.179,8.3,0.9,2.4,8.2,3.49
129,2014,DET,AL,90,162,90,72,.556,4.01,162,5,4,41,1454.0,1475,705,648,127,462,34,1244,42,9,43,6191,97,3.60,1.332,9.1,0.8,2.9,7.7,2.69
130,2014,STL,NL,90,162,90,72,.556,3.50,162,8,5,55,1448.2,1321,603,564,123,470,35,1221,61,5,44,6069,104,3.65,1.236,8.2,0.8,2.9,7.6,2.60
131,2013,CIN,NL,90,162,90,72,.556,3.38,162,5,2,43,1473.2,1294,589,554,170,435,28,1296,66,5,44,6077,112,3.81,1.173,7.9,1.0,2.7,7.9,2.98
132,2012,TBR,AL,90,162,90,72,.556,3.19,162,7,4,50,1459.2,1233,577,518,139,469,35,1383,54,4,59,6000,121,3.51,1.166,7.6,0.9,2.9,8.5,2.95
133,2011,BOS,AL,90,162,90,72,.556,4.20,162,2,1,36,1457.1,1366,737,680,156,540,11,1213,90,7,58,6242,103,4.05,1.308,8.4,1.0,3.3,7.5,2.25
134,2011,STL,NL,90,162,90,72,.556,3.74,162,7,5,47,1462.0,1461,692,608,136,448,44,1098,46,3,48,6211,100,3.75,1.306,9.0,0.8,2.8,6.8,2.45
135,2010,SDP,NL,90,162,90,72,.556,3.39,162,2,2,49,1456.2,1305,581,549,139,517,51,1295,28,5,29,6058,109,3.66,1.251,8.1,0.9,3.2,8.0,2.50
136,2010,TEX,AL,90,162,90,72,.556,3.93,162,7,0,46,1455.1,1355,687,636,162,551,24,1181,63,4,56,6213,114,4.17,1.310,8.4,1.0,3.4,7.3,2.14
137,2025,BOS,AL,89,162,89,73,.549,3.70,162,2,1,45,1448.1,1333,676,596,164,530,17,1361,73,5,53,6150,110,3.98,1.286,8.3,1.0,3.3,8.5,2.57
138,2024,ARI,NL,89,162,89,73,.549,4.62,162,0,0,38,1443.1,1468,788,741,181,481,32,1313,54,8,49,6195,91,4.09,1.350,9.2,1.1,3.0,8.2,2.73
139,2024,ATL,NL,89,162,89,73,.549,3.49,162,2,1,40,1443.1,1277,607,559,150,449,18,1553,68,4,34,5978,120,3.44,1.196,8.0,0.9,2.8,9.7,3.46
140,2024,NYM,NL,89,162,89,73,.549,3.96,162,1,1,39,1442.1,1232,697,634,165,586,7,1455,94,8,67,6098,100,4.05,1.260,7.7,1.0,3.7,9.1,2.48
141,2023,TOR,AL,89,162,89,73,.549,3.78,162,1,1,51,1451.2,1326,671,610,198,488,29,1528,62,12,42,6100,114,4.06,1.250,8.2,1.2,3.0,9.5,3.13
142,2022,SDP,NL,89,162,89,73,.549,3.81,162,0,0,48,1443.1,1263,660,611,173,468,6,1451,88,5,54,6047,100,3.82,1.199,7.9,1.1,2.9,9.0,3.10
143,2019,MIL,NL,89,162,89,73,.549,4.40,162,0,0,50,1459.2,1364,766,713,225,570,28,1497,60,3,41,6251,102,4.46,1.325,8.4,1.4,3.5,9.2,2.63
144,2018,SEA,AL,89,162,89,73,.549,4.13,162,3,1,60,1448.2,1396,711,664,195,400,21,1328,72,3,57,6073,99,4.05,1.240,8.7,1.2,2.5,8.3,3.32
145,2016,BAL,AL,89,162,89,73,.549,4.22,162,1,0,54,1432.0,1408,715,671,183,545,23,1248,51,3,59,6122,102,4.31,1.364,8.8,1.2,3.4,7.8,2.29
146,2016,TOR,AL,89,162,89,73,.549,3.78,162,0,0,43,1459.1,1340,666,613,183,461,10,1314,59,7,50,6113,113,4.04,1.234,8.3,1.1,2.8,8.1,2.85
147,2014,KCR,AL,89,162,89,73,.549,3.51,162,3,2,53,1450.2,1386,624,565,128,440,14,1168,56,6,58,6101,113,3.69,1.259,8.6,0.8,2.7,7.2,2.65
148,2012,LAA,AL,89,162,89,73,.549,4.02,162,6,5,38,1433.1,1339,699,640,186,483,20,1157,40,2,38,6034,95,4.26,1.271,8.4,1.2,3.0,7.3,2.40
149,2011,ATL,NL,89,162,89,73,.549,3.48,162,3,2,52,1479.2,1332,605,572,125,521,73,1332,53,5,61,6220,110,3.49,1.252,8.1,0.8,3.2,8.1,2.56
150,2010,BOS,AL,89,162,89,73,.549,4.20,162,3,1,44,1456.2,1402,744,679,152,580,30,1207,53,3,58,6267,104,4.08,1.361,8.7,0.9,3.6,7.5,2.08
151,2025,CLE,AL,88,162,88,74,.543,3.70,162,2,1,47,1442.1,1291,649,593,169,527,19,1381,54,9,43,6054,112,3.95,1.260,8.1,1.1,3.3,8.6,2.62
152,2024,HOU,AL,88,161,88,73,.547,3.74,161,2,1,43,1431.2,1238,649,595,183,544,2,1479,61,10,49,6018,108,4.03,1.245,7.8,1.2,3.4,9.3,2.72
153,2023,SEA,AL,88,162,88,74,.543,3.74,162,2,1,44,1449.2,1300,659,602,184,421,22,1459,57,4,41,6006,106,3.88,1.187,8.1,1.1,2.6,9.1,3.47
154,2021,ATL,NL,88,161,88,73,.547,3.88,161,2,2,40,1410.2,1237,656,608,183,516,34,1417,66,8,73,5944,113,4.09,1.243,7.9,1.2,3.3,9.0,2.75
155,2018,STL,NL,88,162,88,74,.543,3.85,162,1,1,43,1455.2,1354,691,622,144,593,49,1337,67,4,63,6271,101,3.97,1.338,8.4,0.9,3.7,8.3,2.25
156,2015,TEX,AL,88,162,88,74,.543,4.24,162,5,3,45,1442.2,1459,733,680,171,508,29,1095,63,5,51,6215,100,4.34,1.363,9.1,1.1,3.2,6.8,2.16
157,2014,OAK,AL,88,162,88,74,.543,3.22,162,7,3,31,1463.1,1269,572,524,147,406,28,1244,48,1,59,5972,116,3.67,1.145,7.8,0.9,2.5,7.7,3.06
158,2014,PIT,NL,88,162,88,74,.543,3.47,162,2,1,48,1456.1,1341,631,562,128,499,43,1228,88,3,71,6130,104,3.80,1.263,8.3,0.8,3.1,7.6,2.46
159,2014,SFG,NL,88,162,88,74,.543,3.50,162,8,3,46,1449.0,1305,614,564,133,389,35,1211,57,6,49,5947,99,3.58,1.169,8.1,0.8,2.4,7.5,3.11
160,2012,DET,AL,88,162,88,74,.543,3.75,162,9,3,40,1430.2,1409,670,596,151,438,35,1318,42,6,46,6045,114,3.63,1.291,8.9,0.9,2.8,8.3,3.01
161,2012,STL,NL,88,162,88,74,.543,3.71,162,4,2,42,1462.2,1420,648,603,134,436,28,1218,50,4,46,6158,103,3.62,1.269,8.7,0.8,2.7,7.5,2.79
162,2010,CHW,AL,88,162,88,74,.543,4.09,162,6,2,43,1446.1,1471,704,658,136,490,41,1149,34,9,59,6180,105,3.80,1.356,9.2,0.8,3.0,7.1,2.34
163,2009,SFG,NL,88,162,88,74,.543,3.55,162,11,3,41,1446.0,1268,611,571,140,584,49,1302,41,3,71,6103,120,3.85,1.281,7.9,0.9,3.6,8.1,2.23
164,2025,DET,AL,87,162,87,75,.537,3.95,162,1,1,40,1436.1,1309,691,630,187,485,14,1375,59,4,50,6034,106,4.05,1.249,8.2,1.2,3.0,8.6,2.84
165,2025,HOU,AL,87,162,87,75,.537,3.86,162,3,0,45,1442.0,1257,665,619,199,508,7,1504,58,4,38,6041,107,4.02,1.224,7.8,1.2,3.2,9.4,2.96
166,2023,MIN,AL,87,162,87,75,.537,3.87,162,2,2,38,1451.1,1294,659,624,194,443,16,1560,63,1,51,6028,114,3.89,1.197,8.0,1.2,2.7,9.7,3.52
167,2022,PHI,NL,87,162,87,75,.537,3.97,162,3,1,42,1428.1,1330,685,630,150,463,16,1423,68,3,47,6006,101,3.60,1.255,8.4,0.9,2.9,9.0,3.07
168,2017,COL,NL,87,162,87,75,.537,4.51,162,1,1,47,1437.2,1453,757,721,190,532,20,1270,50,10,69,6177,112,4.32,1.381,9.1,1.2,3.3,8.0,2.39
169,2016,NYM,NL,87,162,87,75,.537,3.57,162,1,1,55,1447.1,1397,617,574,152,439,39,1396,35,7,50,6067,113,3.56,1.269,8.7,0.9,2.7,8.7,3.18
170,2016,SFG,NL,87,162,87,75,.537,3.65,162,10,3,43,1460.1,1334,631,593,158,439,30,1309,46,6,40,6049,110,3.76,1.214,8.2,1.0,2.7,8.1,2.98
171,2015,NYY,AL,87,162,87,75,.537,4.03,162,3,0,48,1457.2,1416,698,652,182,474,16,1370,56,4,78,6191,102,3.97,1.297,8.7,1.1,2.9,8.5,2.89
172,2014,SEA,AL,87,162,87,75,.537,3.17,162,2,1,51,1452.0,1240,554,512,137,463,36,1317,52,8,80,5974,115,3.61,1.173,7.7,0.8,2.9,8.2,2.84
173,2009,FLA,NL,87,162,87,75,.537,4.29,162,5,1,45,1446.0,1425,766,690,160,601,60,1248,45,5,59,6299,100,4.15,1.401,8.9,1.0,3.7,7.8,2.08
174,2009,MIN,AL,87,163,87,76,.534,4.50,163,4,1,48,1453.0,1542,765,726,185,466,20,1052,58,3,43,6274,98,4.39,1.382,9.6,1.1,2.9,6.5,2.26
175,2009,TEX,AL,87,162,87,75,.537,4.38,162,8,3,45,1434.2,1432,740,698,171,531,14,1016,70,8,45,6172,107,4.49,1.368,9.0,1.1,3.3,6.4,1.91
176,2024,DET,AL,86,162,86,76,.531,3.61,162,1,1,45,1446.2,1265,642,581,159,416,11,1354,57,5,40,5969,115,3.70,1.162,7.9,1.0,2.6,8.4,3.25
177,2024,KCR,AL,86,162,86,76,.531,3.76,162,2,0,41,1428.1,1303,644,596,146,472,18,1339,70,3,40,6007,110,3.76,1.243,8.2,0.9,3.0,8.4,2.84
178,2022,MIL,NL,86,162,86,76,.531,3.83,162,0,0,52,1446.0,1238,688,615,190,521,12,1530,67,4,47,6057,106,3.92,1.216,7.7,1.2,3.2,9.5,2.94
179,2022,TBR,AL,86,162,86,76,.531,3.41,162,0,0,44,1435.2,1260,614,544,172,384,15,1384,66,4,54,5930,108,3.68,1.145,7.9,1.1,2.4,8.7,3.60
180,2021,OAK,AL,86,162,86,76,.531,4.02,162,3,3,39,1432.2,1362,687,640,191,439,11,1332,64,2,63,6060,103,4.10,1.257,8.6,1.2,2.8,8.4,3.03
181,2019,NYM,NL,86,162,86,76,.531,4.24,162,3,3,38,1461.0,1405,737,688,204,500,40,1520,60,2,47,6232,97,4.10,1.304,8.7,1.3,3.1,9.4,3.04
182,2017,MIL,NL,86,162,86,76,.531,4.00,162,1,0,54,1445.2,1381,697,642,185,553,45,1346,64,2,50,6164,110,4.24,1.338,8.6,1.2,3.4,8.4,2.43
183,2016,DET,AL,86,161,86,75,.534,4.24,161,3,1,47,1428.0,1417,721,672,182,462,25,1232,51,4,44,6048,101,4.16,1.316,8.9,1.1,2.9,7.8,2.67
184,2016,SEA,AL,86,162,86,76,.531,4.00,162,2,2,49,1457.0,1410,707,647,213,460,30,1318,55,7,52,6147,102,4.30,1.283,8.7,1.3,2.8,8.1,2.87
185,2016,STL,NL,86,162,86,76,.531,4.08,162,2,2,38,1448.1,1432,712,656,159,475,35,1290,52,1,50,6164,100,3.88,1.317,8.9,1.0,3.0,8.0,2.72
186,2015,HOU,AL,86,162,86,76,.531,3.57,162,5,3,39,1441.0,1308,618,572,148,423,17,1280,43,2,61,5965,110,3.66,1.201,8.2,0.9,2.6,8.0,3.03
187,2013,KCR,AL,86,162,86,76,.531,3.45,162,5,2,52,1448.1,1366,601,555,155,469,21,1208,41,4,60,6049,120,3.83,1.267,8.5,1.0,2.9,7.5,2.58
188,2013,WSN,NL,86,162,86,76,.531,3.59,162,6,4,47,1445.2,1367,626,576,142,405,17,1236,48,8,43,6038,106,3.56,1.226,8.5,0.9,2.5,7.7,3.05
189,2012,LAD,NL,86,162,86,76,.531,3.34,162,2,2,40,1450.0,1277,597,538,122,539,62,1276,45,2,46,6068,114,3.64,1.252,7.9,0.8,3.3,7.9,2.37
190,2011,LAA,AL,86,162,86,76,.531,3.57,162,12,6,39,1465.0,1388,633,581,142,476,34,1058,36,4,55,6124,106,3.89,1.272,8.5,0.9,2.9,6.5,2.22
191,2011,SFG,NL,86,162,86,76,.531,3.20,162,3,2,52,1468.0,1260,578,522,96,559,46,1316,50,4,42,6130,109,3.33,1.239,7.7,0.6,3.4,8.1,2.35
192,2010,STL,NL,86,162,86,76,.531,3.57,162,7,3,32,1453.2,1412,641,577,133,477,32,1094,48,4,42,6137,109,3.85,1.299,8.7,0.8,3.0,6.8,2.29
193,2009,ATL,NL,86,162,86,76,.531,3.57,162,3,0,38,1462.2,1399,641,581,119,530,59,1232,49,6,40,6208,116,3.66,1.319,8.6,0.7,3.3,7.6,2.32
194,2009,DET,AL,86,163,86,77,.528,4.29,163,4,1,42,1447.0,1449,745,690,182,594,42,1102,41,6,48,6240,106,4.53,1.412,9.0,1.1,3.7,6.9,1.86
195,2024,SEA,AL,85,162,85,77,.525,3.49,162,1,0,34,1433.0,1174,607,556,183,369,16,1416,52,4,37,5801,107,3.73,1.077,7.4,1.1,2.3,8.9,3.84
196,2019,ARI,NL,85,162,85,77,.525,4.25,162,0,0,45,1465.0,1400,743,691,220,516,38,1427,62,4,49,6230,105,4.40,1.308,8.6,1.4,3.2,8.8,2.77
197,2017,MIN,AL,85,162,85,77,.525,4.59,162,6,3,42,1436.0,1487,788,732,224,483,37,1166,69,8,52,6205,97,4.72,1.372,9.3,1.4,3.0,7.3,2.41
198,2015,LAA,AL,85,162,85,77,.525,3.94,162,2,2,46,1440.2,1355,675,630,166,466,45,1221,71,4,61,6096,97,4.06,1.264,8.5,1.0,2.9,7.6,2.62
199,2014,CLE,AL,85,162,85,77,.525,3.56,162,6,4,40,1468.1,1398,653,581,135,464,51,1450,58,2,56,6193,110,3.42,1.268,8.6,0.8,2.8,8.9,3.13
200,2013,BAL,AL,85,162,85,77,.525,4.20,162,2,1,57,1453.0,1438,709,678,202,473,32,1169,50,3,38,6144,98,4.33,1.315,8.9,1.3,2.9,7.2,2.47
201,2013,NYY,AL,85,162,85,77,.525,3.94,162,7,3,49,1447.1,1452,671,633,171,437,34,1233,51,1,57,6128,102,3.89,1.305,9.0,1.1,2.7,7.7,2.82
202,2012,CHW,AL,85,162,85,77,.525,4.02,162,6,2,37,1445.2,1365,676,646,186,503,29,1246,68,9,66,6098,106,4.23,1.292,8.5,1.2,3.1,7.8,2.48
203,2010,TOR,AL,85,162,85,77,.525,4.22,162,5,2,45,1440.2,1407,728,676,150,539,35,1184,60,3,69,6165,100,4.04,1.351,8.8,0.9,3.4,7.4,2.20
204,2009,SEA,AL,85,162,85,77,.525,3.87,162,4,2,49,1452.2,1359,692,625,172,534,13,1043,43,5,61,6159,110,4.39,1.303,8.4,1.1,3.3,6.5,1.95
205,2023,ARI,NL,84,162,84,78,.519,4.48,162,1,1,44,1435.1,1375,761,714,197,525,13,1351,48,8,40,6100,99,4.35,1.324,8.6,1.2,3.3,8.5,2.57
206,2023,MIA,NL,84,162,84,78,.519,4.21,162,3,1,43,1435.1,1340,723,672,191,514,20,1490,71,9,38,6091,112,4.13,1.292,8.4,1.2,3.2,9.3,2.90
207,2019,BOS,AL,84,162,84,78,.519,4.70,162,1,1,33,1471.0,1423,828,768,215,605,22,1633,76,6,81,6400,104,4.28,1.379,8.7,1.3,3.7,10.0,2.70
208,2019,CHC,NL,84,162,84,78,.519,4.10,162,1,1,38,1442.1,1376,717,657,195,534,16,1444,80,1,60,6190,108,4.25,1.324,8.6,1.2,3.3,9.0,2.70
209,2016,HOU,AL,84,162,84,78,.519,4.06,162,2,1,44,1468.0,1441,701,663,181,453,19,1396,39,2,98,6180,97,3.85,1.290,8.8,1.1,2.8,8.6,3.08
210,2016,NYY,AL,84,162,84,78,.519,4.16,162,0,0,48,1428.1,1358,702,660,214,444,15,1393,57,2,52,6023,104,4.20,1.262,8.6,1.3,2.8,8.8,3.14
211,2015,SFG,NL,84,162,84,78,.519,3.72,162,7,4,41,1444.1,1344,627,597,155,431,28,1165,50,4,40,6009,104,3.91,1.229,8.4,1.0,2.7,7.3,2.70
212,2014,NYY,AL,84,162,84,78,.519,3.75,162,5,2,48,1453.0,1392,664,605,164,398,23,1370,65,6,49,6114,103,3.67,1.232,8.6,1.0,2.5,8.5,3.44
213,2009,TBR,AL,84,162,84,78,.519,4.33,162,3,3,41,1427.1,1421,754,686,183,515,22,1125,46,5,46,6146,101,4.37,1.356,9.0,1.2,3.2,7.1,2.18
214,2025,CIN,NL,83,162,83,79,.512,3.86,162,4,3,41,1435.0,1260,681,616,190,494,13,1380,67,2,45,6035,116,4.11,1.222,7.9,1.2,3.1,8.7,2.79
215,2025,NYM,NL,83,162,83,79,.512,4.03,162,1,1,40,1432.1,1338,715,641,149,556,6,1387,80,4,62,6153,103,3.88,1.322,8.4,0.9,3.5,8.7,2.49
216,2024,CHC,NL,83,162,83,79,.512,3.78,162,1,0,38,1432.1,1302,669,602,181,485,7,1348,48,6,40,6032,106,4.04,1.248,8.2,1.1,3.0,8.5,2.78
217,2024,STL,NL,83,162,83,79,.512,4.04,162,0,0,55,1444.0,1363,719,648,174,454,16,1308,42,5,43,6044,102,3.95,1.258,8.5,1.1,2.8,8.2,2.88
218,2023,CHC,NL,83,162,83,79,.512,4.08,162,1,1,35,1435.1,1328,723,651,179,513,5,1377,64,6,57,6085,105,4.16,1.283,8.3,1.1,3.2,8.6,2.68
219,2022,BAL,AL,83,162,83,79,.512,3.97,162,2,1,46,1433.2,1406,688,632,171,443,8,1214,64,4,47,6058,99,4.03,1.290,8.8,1.1,2.8,7.6,2.74
220,2021,CIN,NL,83,162,83,79,.512,4.40,162,1,1,41,1434.1,1330,760,702,206,617,30,1524,64,8,62,6199,107,4.34,1.357,8.3,1.3,3.9,9.6,2.47
221,2017,STL,NL,83,162,83,79,.512,4.01,162,3,3,43,1450.0,1393,705,646,183,493,50,1351,67,0,38,6153,106,4.09,1.301,8.6,1.1,3.1,8.4,2.74
222,2015,MIN,AL,83,162,83,79,.512,4.07,162,2,0,45,1443.0,1506,700,653,163,413,34,1046,41,2,54,6139,100,4.10,1.330,9.4,1.0,2.6,6.5,2.53
223,2015,WSN,NL,83,162,83,79,.512,3.62,162,4,3,41,1434.2,1366,635,577,145,364,37,1342,55,4,39,5975,110,3.45,1.206,8.6,0.9,2.3,8.4,3.69
224,2014,TOR,AL,83,162,83,79,.512,4.00,162,3,2,45,1443.0,1400,686,642,151,490,23,1199,57,5,43,6150,95,3.97,1.310,8.7,0.9,3.1,7.5,2.45
225,2012,MIL,NL,83,162,83,79,.512,4.22,162,0,0,44,1453.2,1458,733,682,169,525,20,1402,31,5,57,6245,98,3.82,1.364,9.0,1.0,3.3,8.7,2.67
226,2010,COL,NL,83,162,83,79,.512,4.14,162,6,2,35,1442.0,1405,717,663,139,525,54,1234,56,12,77,6143,112,3.83,1.338,8.8,0.9,3.3,7.7,2.35
227,2009,CHC,NL,83,161,83,78,.516,3.84,161,3,2,40,1445.1,1329,672,616,160,586,46,1272,59,6,60,6177,117,4.11,1.325,8.3,1.0,3.6,7.9,2.17
228,2025,KCR,AL,82,162,82,80,.506,3.73,162,0,0,47,1436.2,1308,637,596,171,478,17,1271,45,3,54,5997,110,4.01,1.243,8.2,1.1,3.0,8.0,2.66
229,2024,MIN,AL,82,162,82,80,.506,4.26,162,1,0,43,1440.0,1333,735,682,190,433,14,1500,69,5,47,6078,99,3.84,1.226,8.3,1.2,2.7,9.4,3.46
230,2023,CIN,NL,82,162,82,80,.506,4.83,162,0,0,53,1439.1,1426,821,772,222,613,13,1381,81,7,48,6310,97,4.79,1.417,8.9,1.4,3.8,8.6,2.25
231,2023,NYY,AL,82,162,82,80,.506,3.97,162,3,3,44,1439.2,1272,698,635,195,508,6,1439,85,15,60,6078,110,4.25,1.236,8.0,1.2,3.2,9.0,2.83
232,2023,SDP,NL,82,162,82,80,.506,3.74,162,0,0,36,1440.2,1270,648,598,174,557,14,1445,76,7,48,6082,114,4.14,1.268,7.9,1.1,3.5,9.0,2.59
233,2021,PHI,NL,82,162,82,80,.506,4.39,162,5,4,36,1418.2,1321,745,692,200,509,37,1480,75,5,49,6055,96,4.15,1.290,8.4,1.3,3.2,9.4,2.91
234,2018,ARI,NL,82,162,82,80,.506,3.72,162,2,1,39,1463.0,1313,644,605,174,522,43,1448,57,5,69,6139,113,3.91,1.254,8.1,1.1,3.2,8.9,2.77
235,2018,PIT,NL,82,161,82,79,.509,4.00,161,3,2,40,1433.2,1380,693,637,174,497,43,1336,69,6,95,6144,98,4.06,1.309,8.7,1.1,3.1,8.4,2.69
236,2018,WSN,NL,82,162,82,80,.506,4.04,162,2,1,40,1446.0,1320,682,649,198,487,37,1417,76,6,42,6087,106,4.15,1.250,8.2,1.2,3.0,8.8,2.91
237,2014,MIL,NL,82,162,82,80,.506,3.67,162,3,3,45,1457.2,1386,657,594,167,431,20,1246,42,2,44,6106,103,3.89,1.247,8.6,1.0,2.7,7.7,2.89
238,2011,LAD,NL,82,161,82,79,.509,3.54,161,7,2,40,1432.1,1287,612,563,132,507,48,1265,43,7,50,5997,104,3.61,1.253,8.1,0.8,3.2,7.9,2.50
239,2025,SFG,NL,81,162,81,81,.500,3.82,162,1,0,41,1433.2,1353,684,609,143,506,18,1358,69,8,51,6095,105,3.74,1.297,8.5,0.9,3.2,8.5,2.68
240,2025,TEX,AL,81,162,81,81,.500,3.47,162,2,1,37,1443.0,1235,605,557,172,463,24,1344,50,4,43,5942,110,3.89,1.177,7.7,1.1,2.9,8.4,2.90
241,2024,BOS,AL,81,162,81,81,.500,4.04,162,1,1,40,1452.2,1363,747,652,189,461,26,1353,76,4,49,6154,103,4.10,1.256,8.4,1.2,2.9,8.4,2.93
242,2022,CHW,AL,81,162,81,81,.500,3.92,162,2,1,48,1447.2,1330,717,631,166,533,15,1450,51,6,64,6145,102,3.81,1.287,8.3,1.0,3.3,9.0,2.72
243,2022,SFG,NL,81,162,81,81,.500,3.85,162,1,0,39,1433.0,1397,697,613,132,441,16,1370,52,2,53,6070,103,3.43,1.283,8.8,0.8,2.8,8.6,3.11
244,2019,PHI,NL,81,162,81,81,.500,4.53,162,3,1,36,1453.2,1452,794,731,258,546,38,1392,71,7,45,6274,99,4.88,1.374,9.0,1.6,3.4,8.6,2.55
245,2016,KCR,AL,81,162,81,81,.500,4.21,162,3,0,41,1440.0,1433,712,674,206,517,8,1287,60,7,55,6182,102,4.42,1.354,9.0,1.3,3.2,8.0,2.49
246,2015,BAL,AL,81,162,81,81,.500,4.05,162,0,0,43,1434.2,1406,693,646,174,483,27,1233,54,0,46,6085,102,4.11,1.317,8.8,1.1,3.0,7.7,2.55
247,2015,CLE,AL,81,161,81,80,.503,3.67,161,11,1,38,1432.2,1274,640,584,161,425,27,1407,48,5,48,5904,118,3.62,1.186,8.0,1.0,2.7,8.8,3.31
248,2013,ARI,NL,81,162,81,81,.500,3.92,162,6,2,38,1495.0,1460,695,651,176,485,42,1218,60,3,84,6338,99,4.04,1.301,8.8,1.1,2.9,7.3,2.51
249,2012,ARI,NL,81,162,81,81,.500,3.93,162,4,2,39,1433.2,1432,688,626,155,417,18,1200,51,10,52,6063,104,3.80,1.290,9.0,1.0,2.6,7.5,2.88
250,2012,PHI,NL,81,162,81,81,.500,3.83,162,5,4,42,1451.1,1387,680,618,178,409,33,1385,44,3,30,6072,106,3.72,1.237,8.6,1.1,2.5,8.6,3.39
251,2011,TOR,AL,81,162,81,81,.500,4.32,162,7,3,33,1458.2,1433,761,700,179,540,28,1169,77,3,73,6286,99,4.29,1.353,8.8,1.1,3.3,7.2,2.16
252,2010,DET,AL,81,162,81,81,.500,4.30,162,6,1,32,1444.1,1445,743,690,142,537,29,1056,65,9,75,6198,98,4.15,1.372,9.0,0.9,3.3,6.6,1.97
253,2010,OAK,AL,81,162,81,81,.500,3.56,162,7,3,38,1431.2,1315,626,566,153,512,29,1070,38,8,42,6011,116,4.13,1.276,8.3,1.0,3.2,6.7,2.09
254,2025,ARI,NL,80,162,80,82,.494,4.49,162,0,0,42,1444.0,1403,785,721,196,500,20,1288,57,8,31,6183,96,4.27,1.318,8.7,1.2,3.1,8.0,2.58
255,2024,SFG,NL,80,162,80,82,.494,4.10,162,2,2,36,1433.2,1339,699,653,153,526,11,1436,70,6,53,6095,96,3.80,1.301,8.4,1.0,3.3,9.0,2.73
256,2024,TBR,AL,80,162,80,82,.494,3.77,162,0,0,51,1440.2,1286,663,604,196,445,15,1406,65,2,30,6022,106,4.04,1.202,8.0,1.2,2.8,8.8,3.16
257,2021,CLE,AL,80,162,80,82,.494,4.34,162,0,0,39,1408.0,1281,727,679,216,522,12,1391,59,8,52,5968,99,4.43,1.281,8.2,1.4,3.3,8.9,2.66
258,2018,LAA,AL,80,162,80,82,.494,4.15,162,1,1,35,1437.1,1353,722,662,205,546,17,1386,65,3,87,6108,102,4.36,1.321,8.5,1.3,3.4,8.7,2.54
259,2018,PHI,NL,80,162,80,82,.494,4.14,162,0,0,44,1445.2,1366,728,665,171,500,35,1465,60,7,81,6138,100,3.83,1.291,8.5,1.1,3.1,9.1,2.93
260,2017,LAA,AL,80,162,80,82,.494,4.20,162,1,1,43,1440.2,1373,709,672,224,470,25,1312,44,6,57,6030,102,4.43,1.279,8.6,1.4,2.9,8.2,2.79
261,2017,KCR,AL,80,162,80,82,.494,4.61,162,1,1,39,1437.2,1480,791,737,196,519,24,1216,52,6,48,6218,97,4.43,1.390,9.3,1.2,3.2,7.6,2.34
262,2017,TBR,AL,80,162,80,82,.494,3.97,162,0,0,53,1445.0,1324,704,638,193,503,37,1352,48,4,83,6099,107,4.17,1.264,8.2,1.2,3.1,8.4,2.69
263,2015,TBR,AL,80,162,80,82,.494,3.74,162,1,1,60,1453.1,1314,642,604,175,477,23,1355,46,5,81,6069,105,3.91,1.232,8.1,1.1,3.0,8.4,2.84
264,2011,CLE,AL,80,162,80,82,.494,4.23,162,2,0,38,1453.1,1482,760,683,153,463,34,1024,60,3,42,6235,93,4.06,1.338,9.2,0.9,2.9,6.3,2.21
265,2011,WSN,NL,80,161,80,81,.497,3.58,161,3,2,49,1449.1,1403,643,577,129,477,43,1049,52,6,49,6141,107,3.83,1.297,8.7,0.8,3.0,6.5,2.20
266,2010,LAA,AL,80,162,80,82,.494,4.04,162,10,3,39,1449.1,1422,702,651,148,565,33,1130,46,6,80,6252,99,4.11,1.371,8.8,0.9,3.5,7.0,2.00
267,2010,FLA,NL,80,162,80,82,.494,4.08,162,5,2,39,1438.2,1433,717,652,134,549,42,1168,51,4,49,6217,102,3.92,1.378,9.0,0.8,3.4,7.3,2.13
268,2010,LAD,NL,80,162,80,82,.494,4.01,162,4,4,41,1441.2,1323,692,643,134,539,75,1274,58,8,58,6141,97,3.76,1.292,8.3,0.8,3.4,8.0,2.36
269,2009,MIL,NL,80,162,80,82,.494,4.83,162,1,0,44,1435.0,1498,818,770,207,607,60,1104,65,1,61,6352,86,4.84,1.467,9.4,1.3,3.8,6.9,1.82
270,2025,MIA,NL,79,162,79,83,.488,4.60,162,0,0,40,1443.1,1376,798,737,199,507,17,1294,71,10,65,6185,94,4.34,1.305,8.6,1.2,3.2,8.1,2.55
271,2023,SFG,NL,79,162,79,83,.488,4.02,162,4,2,50,1434.2,1395,719,641,173,403,22,1359,71,12,60,6039,104,3.92,1.253,8.8,1.1,2.5,8.5,3.37
272,2021,SDP,NL,79,162,79,83,.488,4.10,162,2,2,43,1430.0,1277,708,651,205,516,33,1517,87,2,57,6056,95,4.18,1.254,8.0,1.3,3.2,9.5,2.94
273,2016,MIA,NL,79,161,79,82,.491,4.05,161,0,0,55,1435.0,1358,682,646,152,595,62,1379,61,3,66,6164,98,3.97,1.361,8.5,1.0,3.7,8.6,2.32
274,2015,ARI,NL,79,162,79,83,.488,4.04,162,1,1,44,1467.0,1450,713,659,182,500,45,1215,48,3,51,6257,102,4.21,1.329,8.9,1.1,3.1,7.5,2.43
275,2014,ATL,NL,79,162,79,83,.488,3.38,162,5,2,54,1455.0,1369,597,547,121,472,36,1301,37,1,75,6087,106,3.47,1.265,8.5,0.7,2.9,8.0,2.76
276,2014,NYM,NL,79,162,79,83,.488,3.49,162,1,1,42,1463.2,1370,618,568,141,509,38,1303,50,1,56,6170,99,3.75,1.284,8.4,0.9,3.1,8.0,2.56
277,2012,PIT,NL,79,162,79,83,.488,3.86,162,2,1,45,1433.1,1357,674,615,153,490,30,1192,45,3,45,6097,98,3.94,1.289,8.5,1.0,3.1,7.5,2.43
278,2011,CHW,AL,79,162,79,83,.488,4.10,162,6,4,42,1460.0,1463,706,665,147,439,50,1220,44,4,55,6188,106,3.66,1.303,9.0,0.9,2.7,7.5,2.78
279,2011,CIN,NL,79,162,79,83,.488,4.16,162,4,2,39,1467.2,1414,720,678,185,539,47,1112,59,13,51,6259,95,4.37,1.331,8.7,1.1,3.3,6.8,2.06
280,2010,NYM,NL,79,162,79,83,.488,3.70,162,8,4,36,1453.0,1438,652,597,135,545,55,1106,52,5,48,6245,106,4.00,1.365,8.9,0.8,3.4,6.9,2.03
281,2009,CHW,AL,79,162,79,83,.488,4.14,162,4,1,36,1439.2,1438,732,663,169,507,41,1119,41,5,55,6155,114,4.21,1.351,9.0,1.1,3.2,7.0,2.21
282,2025,STL,NL,78,162,78,84,.481,4.29,162,2,2,42,1432.0,1434,754,682,170,461,17,1209,48,4,52,6120,95,4.06,1.323,9.0,1.1,2.9,7.6,2.62
283,2024,TEX,AL,78,162,78,84,.481,4.35,162,0,0,38,1427.2,1323,738,690,198,530,26,1371,74,5,55,6108,88,4.32,1.298,8.3,1.2,3.3,8.6,2.59
284,2023,BOS,AL,78,162,78,84,.481,4.52,162,0,0,43,1430.1,1416,776,718,208,497,21,1423,83,4,49,6168,101,4.37,1.337,8.9,1.3,3.1,9.0,2.86
285,2023,DET,AL,78,162,78,84,.481,4.24,162,0,0,41,1442.1,1320,740,680,187,476,8,1374,50,5,51,6073,103,4.13,1.245,8.2,1.2,3.0,8.6,2.89
286,2022,BOS,AL,78,162,78,84,.481,4.54,162,5,2,39,1430.2,1411,787,721,185,526,17,1346,72,8,60,6167,93,4.17,1.354,8.9,1.2,3.3,8.5,2.56
287,2022,MIN,AL,78,162,78,84,.481,3.98,162,0,0,28,1437.1,1320,684,636,184,468,19,1336,66,4,50,6042,99,4.03,1.244,8.3,1.2,2.9,8.4,2.85
288,2019,TEX,AL,78,162,78,84,.481,5.06,162,4,1,33,1437.2,1515,878,808,241,583,11,1379,70,3,68,6354,103,4.84,1.459,9.5,1.5,3.6,8.6,2.37
289,2018,MIN,AL,78,162,78,84,.481,4.50,162,2,1,37,1443.1,1425,775,721,198,573,34,1377,80,0,59,6287,96,4.39,1.384,8.9,1.2,3.6,8.6,2.40
290,2017,SEA,AL,78,162,78,84,.481,4.45,162,1,0,39,1440.2,1399,772,713,237,490,28,1244,53,7,73,6132,94,4.70,1.311,8.7,1.5,3.1,7.8,2.54
291,2017,TEX,AL,78,162,78,84,.481,4.66,162,2,1,29,1434.1,1443,816,742,214,559,22,1107,74,7,63,6211,104,4.88,1.396,9.1,1.3,3.5,6.9,1.98
292,2016,CHW,AL,78,162,78,84,.481,4.10,162,7,1,43,1446.2,1422,715,659,185,521,30,1270,68,2,72,6196,99,4.27,1.343,8.8,1.2,3.2,7.9,2.44
293,2016,PIT,NL,78,162,78,83,.484,4.21,162,5,1,51,1450.2,1490,758,679,180,533,28,1232,68,7,71,6292,99,4.30,1.395,9.2,1.1,3.3,7.6,2.31
294,2015,BOS,AL,78,162,78,84,.481,4.31,162,3,1,40,1448.1,1486,753,694,178,478,17,1218,62,10,79,6225,100,4.17,1.356,9.2,1.1,3.0,7.6,2.55
295,2013,LAA,AL,78,162,78,84,.481,4.23,162,4,2,41,1457.2,1475,737,685,167,533,36,1200,45,4,74,6298,89,4.08,1.378,9.1,1.0,3.3,7.4,2.25
296,2009,CIN,NL,78,162,78,84,.481,4.18,162,6,4,41,1458.0,1420,723,677,188,577,36,1069,65,1,45,6253,101,4.63,1.370,8.8,1.2,3.6,6.6,1.85
297,2025,TBR,AL,77,162,77,85,.475,3.94,162,1,0,35,1431.1,1273,683,627,205,474,11,1416,67,6,33,5960,106,4.15,1.221,8.0,1.3,3.0,8.9,2.99
298,2024,CIN,NL,77,162,77,85,.475,4.09,162,1,0,36,1428.0,1302,694,649,196,487,14,1370,93,3,43,6064,108,4.25,1.253,8.2,1.2,3.1,8.6,2.81
299,2021,LAA,AL,77,162,77,85,.475,4.69,162,1,0,39,1421.2,1373,804,741,188,592,18,1453,76,11,56,6196,96,4.25,1.382,8.7,1.2,3.7,9.2,2.45
300,2021,DET,AL,77,162,77,85,.475,4.32,162,2,1,42,1419.2,1370,756,681,199,571,10,1259,82,3,80,6164,99,4.60,1.367,8.7,1.3,3.6,8.0,2.20
301,2021,NYM,NL,77,162,77,85,.475,3.90,162,2,1,41,1379.1,1221,668,597,190,475,21,1453,70,1,53,5785,104,4.04,1.230,8.0,1.2,3.1,9.5,3.06
302,2019,SFG,NL,77,162,77,85,.475,4.38,162,1,0,41,1469.1,1395,773,715,227,519,26,1368,65,4,53,6256,96,4.55,1.303,8.5,1.4,3.2,8.4,2.64
303,2018,NYM,NL,77,162,77,85,.475,4.07,162,3,1,41,1460.2,1364,707,661,185,484,32,1446,71,2,26,6178,92,3.97,1.265,8.4,1.1,3.0,8.9,2.99
304,2017,MIA,NL,77,162,77,85,.475,4.82,162,1,1,34,1442.2,1450,822,772,193,627,59,1202,75,3,57,6318,83,4.69,1.440,9.0,1.2,3.9,7.5,1.92
305,2014,MIA,NL,77,162,77,85,.475,3.78,162,3,3,42,1457.2,1481,674,613,114,458,35,1190,49,4,56,6217,98,3.56,1.330,9.1,0.7,2.8,7.3,2.60
306,2014,SDP,NL,77,162,77,85,.475,3.27,162,4,3,41,1438.1,1300,577,523,117,462,32,1284,46,4,57,6006,104,3.46,1.225,8.1,0.7,2.9,8.0,2.78
307,2014,TBR,AL,77,162,77,85,.475,3.56,162,3,1,37,1463.2,1292,625,579,145,482,27,1437,58,3,65,6131,105,3.56,1.212,7.9,0.9,3.0,8.8,2.98
308,2011,NYM,NL,77,162,77,85,.475,4.19,162,6,2,43,1448.1,1482,742,674,147,514,48,1126,70,7,46,6316,88,4.00,1.378,9.2,0.9,3.2,7.0,2.19
309,2010,MIL,NL,77,162,77,85,.475,4.58,162,3,3,35,1439.0,1487,804,733,173,582,42,1258,48,3,71,6324,88,4.21,1.438,9.3,1.1,3.6,7.9,2.16
310,2025,ATL,NL,76,162,76,86,.469,4.36,162,1,0,34,1438.0,1348,734,696,197,530,20,1416,70,8,40,6116,97,4.20,1.306,8.4,1.2,3.3,8.9,2.67
311,2025,ATH,AL,76,162,76,86,.469,4.70,162,0,0,35,1437.2,1387,817,750,222,570,26,1323,80,7,29,6232,92,4.66,1.361,8.7,1.4,3.6,8.3,2.32
312,2024,PIT,NL,76,162,76,86,.469,4.15,162,1,0,43,1439.0,1369,739,664,166,515,16,1356,85,10,38,6159,100,4.03,1.309,8.6,1.0,3.2,8.5,2.63
313,2023,CLE,AL,76,162,76,86,.469,3.96,162,1,0,47,1444.1,1352,697,635,173,534,9,1311,51,10,61,6144,108,4.21,1.306,8.4,1.1,3.3,8.2,2.46
314,2023,PIT,NL,76,162,76,86,.469,4.60,162,2,2,47,1429.2,1380,790,731,179,596,25,1363,81,7,57,6238,98,4.40,1.382,8.7,1.1,3.8,8.6,2.29
315,2017,TOR,AL,76,162,76,86,.469,4.42,162,2,0,45,1465.0,1460,784,720,203,549,25,1372,48,4,53,6316,102,4.31,1.371,9.0,1.2,3.4,8.4,2.50
316,2015,CHW,AL,76,162,76,86,.469,3.98,162,7,4,37,1452.2,1443,701,643,162,474,34,1359,62,2,61,6181,98,3.82,1.320,8.9,1.0,2.9,8.4,2.87
317,2015,SEA,AL,76,162,76,86,.469,4.16,162,6,5,45,1463.0,1430,726,677,181,491,41,1283,70,5,72,6223,92,4.14,1.313,8.8,1.1,3.0,7.9,2.61
318,2014,CIN,NL,76,162,76,86,.469,3.59,162,5,3,44,1446.0,1282,612,576,163,507,33,1290,69,5,45,6067,103,4.01,1.237,8.0,1.0,3.2,8.0,2.54
319,2013,SDP,NL,76,162,76,86,.469,3.98,162,3,1,40,1455.0,1407,700,643,156,525,31,1171,40,2,51,6179,86,4.00,1.328,8.7,1.0,3.2,7.2,2.23
320,2013,SFG,NL,76,162,76,86,.469,4.00,162,2,2,41,1447.1,1380,691,643,145,521,64,1256,50,4,60,6163,87,3.80,1.313,8.6,0.9,3.2,7.8,2.41
321,2012,SDP,NL,76,162,76,86,.469,4.01,162,4,3,43,1435.0,1356,710,640,162,539,48,1205,48,8,49,6151,90,4.11,1.321,8.5,1.0,3.4,7.6,2.24
322,2010,HOU,NL,76,162,76,86,.469,4.09,162,4,2,45,1439.1,1446,729,654,140,548,39,1210,40,9,57,6221,97,3.89,1.385,9.0,0.9,3.4,7.6,2.21
323,2025,BAL,AL,75,162,75,87,.463,4.60,162,1,0,38,1432.2,1433,788,733,217,523,19,1351,48,8,63,6166,88,4.41,1.365,9.0,1.4,3.3,8.5,2.58
324,2023,NYM,NL,75,162,75,87,.463,4.29,162,1,0,34,1416.2,1331,729,676,190,595,13,1397,85,8,59,6115,98,4.47,1.360,8.5,1.2,3.8,8.9,2.35
325,2019,CIN,NL,75,162,75,87,.463,4.18,162,0,0,46,1438.0,1270,711,668,214,536,31,1552,58,8,35,6057,112,4.23,1.256,7.9,1.3,3.4,9.7,2.90
326,2017,BAL,AL,75,162,75,87,.463,4.97,162,1,1,35,1441.0,1505,841,795,242,579,21,1233,60,6,53,6293,88,4.96,1.446,9.4,1.5,3.6,7.7,2.13
327,2017,OAK,AL,75,162,75,87,.463,4.67,162,1,1,35,1431.0,1444,826,743,210,502,17,1202,61,3,84,6167,90,4.57,1.360,9.1,1.3,3.2,7.6,2.39
328,2017,PIT,NL,75,162,75,87,.463,4.22,162,2,1,36,1440.2,1464,731,676,182,511,32,1262,58,2,58,6208,101,4.23,1.371,9.1,1.1,3.2,7.9,2.47
329,2016,COL,NL,75,162,75,87,.463,4.90,162,2,2,37,1429.2,1532,860,779,181,547,38,1223,70,5,72,6289,99,4.38,1.454,9.6,1.1,3.4,7.7,2.24
330,2012,SEA,AL,75,162,75,87,.463,3.76,162,8,6,43,1456.2,1359,651,608,166,449,39,1166,49,5,61,6062,102,4.00,1.241,8.4,1.0,2.8,7.2,2.60
331,2010,CHC,NL,75,162,75,87,.463,4.18,162,1,0,40,1436.2,1409,767,668,154,605,42,1268,65,6,46,6298,102,4.11,1.402,8.8,1.0,3.8,7.9,2.10
332,2009,OAK,AL,75,162,75,87,.463,4.26,162,2,2,38,1447.0,1486,761,685,156,523,30,1124,36,2,43,6243,103,4.10,1.388,9.2,1.0,3.3,7.0,2.15
333,2009,SDP,NL,75,162,75,87,.463,4.37,162,2,1,45,1450.2,1422,769,704,167,603,58,1187,45,8,52,6273,87,4.30,1.396,8.8,1.0,3.7,7.4,1.97
334,2009,TOR,AL,75,162,75,87,.463,4.46,162,10,4,25,1451.1,1509,771,720,181,551,26,1181,58,4,43,6281,100,4.35,1.419,9.4,1.1,3.4,7.3,2.14
335,2024,TOR,AL,74,162,74,88,.457,4.29,162,3,1,36,1427.1,1316,743,681,208,503,25,1314,71,12,31,6047,96,4.43,1.274,8.3,1.3,3.2,8.3,2.61
336,2022,ARI,NL,74,162,74,88,.457,4.26,162,0,0,33,1429.2,1345,740,676,191,504,18,1216,59,3,51,6065,95,4.33,1.293,8.5,1.2,3.2,7.7,2.41
337,2022,CHC,NL,74,162,74,88,.457,4.00,162,0,0,44,1444.0,1342,731,642,207,540,19,1383,73,8,53,6162,105,4.33,1.303,8.4,1.3,3.4,8.6,2.56
338,2021,COL,NL,74,161,74,87,.460,4.82,161,3,1,33,1397.0,1397,796,748,196,539,19,1269,63,3,67,6044,100,4.47,1.386,9.0,1.3,3.5,8.2,2.35
339,2021,KCR,AL,74,162,74,88,.457,4.64,162,1,0,37,1417.1,1375,788,731,189,591,16,1344,62,9,86,6127,99,4.39,1.387,8.7,1.2,3.8,8.5,2.27
340,2016,LAA,AL,74,162,74,88,.457,4.28,162,4,3,29,1421.1,1480,727,676,208,498,27,1136,56,10,47,6120,94,4.62,1.392,9.4,1.3,3.2,7.2,2.28
341,2015,DET,AL,74,161,74,87,.460,4.64,161,7,4,35,1447.0,1491,803,746,193,489,32,1100,46,8,60,6188,86,4.46,1.368,9.3,1.2,3.0,6.8,2.25
342,2015,SDP,NL,74,162,74,88,.457,4.09,162,1,0,41,1440.1,1371,731,655,171,516,35,1393,54,3,54,6093,91,3.93,1.310,8.6,1.1,3.2,8.7,2.70
343,2013,COL,NL,74,162,74,88,.457,4.44,162,1,0,35,1436.0,1545,760,708,136,517,52,1064,40,15,62,6248,101,3.96,1.436,9.7,0.9,3.2,6.7,2.06
344,2013,MIL,NL,74,162,74,88,.457,3.84,162,4,2,40,1442.2,1401,687,615,175,466,29,1125,43,2,51,6100,101,4.12,1.294,8.7,1.1,2.9,7.0,2.41
345,2013,NYM,NL,74,162,74,88,.457,3.77,162,4,2,40,1476.2,1442,684,618,152,458,38,1209,54,3,47,6249,95,3.79,1.287,8.8,0.9,2.8,7.4,2.64
346,2013,TOR,AL,74,162,74,88,.457,4.25,162,4,2,39,1452.0,1451,756,685,195,500,33,1208,65,7,54,6250,98,4.30,1.344,9.0,1.2,3.1,7.5,2.42
347,2012,NYM,NL,74,162,74,88,.457,4.09,162,7,5,36,1434.0,1368,709,651,161,488,29,1240,40,3,40,6086,94,3.93,1.294,8.6,1.0,3.1,7.8,2.54
348,2011,OAK,AL,74,162,74,88,.457,3.71,162,6,1,39,1447.2,1380,679,597,136,519,24,1160,41,3,53,6159,109,3.80,1.312,8.6,0.8,3.2,7.2,2.24
349,2009,HOU,NL,74,162,74,88,.457,4.54,162,5,1,39,1430.0,1521,770,722,176,546,56,1144,50,4,43,6237,91,4.35,1.445,9.6,1.1,3.4,7.2,2.10
350,2023,LAA,AL,73,162,73,89,.451,4.64,162,1,1,43,1431.2,1394,829,738,209,636,41,1445,88,8,70,6305,97,4.65,1.418,8.8,1.3,4.0,9.1,2.27
351,2022,LAA,AL,73,162,73,89,.451,3.77,162,2,2,38,1435.2,1241,668,601,168,540,23,1383,60,3,64,6038,107,3.96,1.241,7.8,1.1,3.4,8.7,2.56
352,2021,MIN,AL,73,162,73,89,.451,4.83,162,1,0,42,1419.1,1392,834,762,239,484,13,1317,62,3,48,6080,89,4.66,1.322,8.8,1.5,3.1,8.4,2.72
353,2018,SFG,NL,73,162,73,89,.451,3.95,162,1,1,36,1461.1,1387,699,641,156,524,37,1269,45,4,44,6191,97,3.98,1.308,8.5,1.0,3.2,7.8,2.42
354,2018,TOR,AL,73,162,73,89,.451,4.85,162,0,0,39,1433.2,1476,832,772,208,551,19,1298,67,5,71,6265,88,4.53,1.414,9.3,1.3,3.5,8.1,2.36
355,2016,MIL,NL,73,162,73,89,.451,4.08,162,0,0,46,1434.2,1450,733,650,178,532,33,1175,66,2,48,6188,105,4.37,1.382,9.1,1.1,3.3,7.4,2.21
356,2014,CHC,NL,73,162,73,89,.451,3.91,162,1,1,37,1463.1,1398,707,636,115,504,37,1311,55,3,64,6208,97,3.51,1.300,8.6,0.7,3.1,8.1,2.60
357,2014,CHW,AL,73,162,73,89,.451,4.29,162,3,0,36,1441.0,1468,758,687,140,557,42,1152,69,3,75,6255,88,4.10,1.405,9.2,0.9,3.5,7.2,2.07
358,2014,PHI,NL,73,162,73,89,.451,3.79,162,2,0,40,1468.1,1396,687,619,134,521,43,1255,69,1,49,6261,99,3.81,1.306,8.6,0.8,3.2,7.7,2.41
359,2013,PHI,NL,73,162,73,89,.451,4.32,162,6,2,32,1436.1,1465,749,689,152,506,33,1199,62,6,48,6213,87,3.94,1.372,9.2,1.0,3.2,7.5,2.37
360,2012,TOR,AL,73,162,73,89,.451,4.64,162,5,4,29,1443.2,1439,784,745,204,574,20,1142,55,7,56,6216,91,4.66,1.394,9.0,1.3,3.6,7.1,1.99
361,2011,COL,NL,73,162,73,89,.451,4.43,162,5,2,41,1447.2,1471,774,713,176,522,47,1118,48,7,65,6215,103,4.24,1.377,9.1,1.1,3.2,7.0,2.14
362,2025,LAA,AL,72,162,72,90,.444,4.89,162,0,0,38,1431.1,1429,837,777,223,620,44,1280,52,10,63,6255,85,4.78,1.432,9.0,1.4,3.9,8.0,2.06
363,2019,LAA,AL,72,162,72,90,.444,5.12,162,0,0,32,1442.2,1417,868,820,267,576,11,1404,82,9,98,6289,91,5.04,1.381,8.8,1.7,3.6,8.8,2.44
364,2019,CHW,AL,72,161,72,89,.447,4.90,161,6,2,33,1413.0,1438,832,769,238,582,30,1312,51,5,71,6159,94,4.89,1.430,9.2,1.5,3.7,8.4,2.25
365,2017,ATL,NL,72,162,72,90,.444,4.72,162,0,0,36,1441.1,1463,821,756,192,584,39,1258,70,5,58,6306,93,4.51,1.420,9.1,1.2,3.6,7.9,2.15
366,2012,KCR,AL,72,162,72,90,.444,4.30,162,2,1,44,1451.1,1504,746,693,163,542,44,1177,60,8,49,6251,98,4.18,1.410,9.3,1.0,3.4,7.3,2.17
367,2011,FLA,NL,72,162,72,90,.444,3.95,162,7,4,40,1459.2,1403,702,640,149,500,72,1218,37,10,43,6200,99,3.79,1.304,8.7,0.9,3.1,7.5,2.44
368,2011,PIT,NL,72,162,72,90,.444,4.04,162,5,3,43,1449.2,1513,712,650,152,535,65,1031,62,6,60,6317,92,4.20,1.413,9.4,0.9,3.3,6.4,1.93
369,2026,MIL,NL,71,114,71,43,.623,3.45,114,1,1,36,1018.2,821,428,391,113,356,14,1119,45,4,40,4194,122,3.52,1.155,7.3,1.0,3.1,9.9,3.14
370,2025,PIT,NL,71,162,71,91,.438,3.76,162,1,0,36,1430.2,1267,645,598,153,473,18,1314,73,2,46,5982,117,3.83,1.216,8.0,1.0,3.0,8.3,2.78
371,2024,WSN,NL,71,162,71,91,.438,4.30,162,0,0,40,1434.0,1429,764,685,168,473,11,1314,43,5,62,6114,95,3.94,1.326,9.0,1.1,3.0,8.2,2.78
372,2023,STL,NL,71,162,71,91,.438,4.79,162,0,0,36,1428.2,1549,829,760,179,530,6,1215,63,7,62,6273,92,4.43,1.455,9.8,1.1,3.3,7.7,2.29
373,2023,WSN,NL,71,162,71,91,.438,5.02,162,0,0,42,1428.1,1512,845,797,245,592,25,1225,66,8,54,6285,85,5.15,1.473,9.5,1.5,3.7,7.7,2.07
374,2021,CHC,NL,71,162,71,91,.438,4.87,162,1,0,40,1412.2,1386,839,765,235,596,25,1358,98,4,60,6202,87,4.88,1.403,8.8,1.5,3.8,8.7,2.28
375,2019,COL,NL,71,162,71,91,.438,5.56,162,1,1,28,1448.2,1576,958,895,270,589,33,1264,57,7,63,6423,93,5.23,1.494,9.8,1.7,3.7,7.9,2.15
376,2017,SDP,NL,71,162,71,91,.438,4.67,162,2,1,45,1430.1,1417,816,742,226,554,28,1325,75,11,73,6169,91,4.68,1.378,8.9,1.4,3.5,8.3,2.39
377,2016,PHI,NL,71,162,71,91,.438,4.63,162,4,3,43,1437.0,1468,796,739,213,466,30,1299,51,9,57,6164,91,4.34,1.346,9.2,1.3,2.9,8.1,2.79
378,2015,MIA,NL,71,162,71,91,.438,4.02,162,0,0,35,1427.0,1374,678,638,141,508,25,1152,52,3,53,6050,95,3.98,1.319,8.7,0.9,3.2,7.3,2.27
379,2014,BOS,AL,71,162,71,91,.438,4.01,162,3,2,36,1465.2,1458,715,653,154,482,19,1213,47,5,51,6231,100,3.93,1.324,9.0,0.9,3.0,7.4,2.52
380,2013,SEA,AL,71,162,71,91,.438,4.31,162,4,2,43,1465.0,1467,754,702,174,478,48,1297,42,1,74,6257,86,3.89,1.328,9.0,1.1,2.9,8.0,2.71
381,2011,CHC,NL,71,162,71,91,.438,4.33,162,4,1,40,1434.1,1439,756,690,162,580,45,1224,53,5,51,6262,91,4.11,1.408,9.0,1.0,3.6,7.7,2.11
382,2011,KCR,AL,71,162,71,91,.438,4.44,162,2,0,37,1451.1,1487,762,716,163,557,42,1080,58,7,69,6280,93,4.27,1.408,9.2,1.0,3.5,6.7,1.94
383,2011,SDP,NL,71,162,71,91,.438,3.42,162,0,0,44,1449.2,1324,611,551,125,521,56,1139,37,6,45,6065,105,3.73,1.273,8.2,0.8,3.2,7.1,2.19
384,2025,MIN,AL,70,162,70,92,.432,4.55,162,1,0,28,1426.2,1411,773,721,194,459,19,1372,69,10,47,6116,93,4.09,1.311,8.9,1.2,2.9,8.7,2.99
385,2019,SDP,NL,70,162,70,92,.432,4.60,162,0,0,47,1432.1,1394,789,732,215,463,19,1475,68,6,60,6160,92,4.22,1.296,8.8,1.4,2.9,9.3,3.19
386,2017,NYM,NL,70,162,70,92,.432,5.01,162,2,0,34,1434.2,1538,863,799,220,593,51,1374,55,5,55,6378,83,4.59,1.485,9.6,1.4,3.7,8.6,2.32
387,2014,HOU,AL,70,162,70,92,.432,4.11,162,7,2,31,1439.0,1437,723,657,139,484,32,1137,52,7,57,6154,95,3.92,1.335,9.0,0.9,3.0,7.1,2.35
388,2014,MIN,AL,70,162,70,92,.432,4.57,162,2,0,38,1435.0,1588,777,728,147,408,24,1031,45,6,50,6212,86,3.97,1.391,10.0,0.9,2.6,6.5,2.53
389,2009,ARI,NL,70,162,70,92,.432,4.42,162,4,1,36,1447.2,1470,782,711,168,525,27,1158,53,2,79,6267,101,4.20,1.378,9.1,1.0,3.3,7.2,2.21
390,2009,NYM,NL,70,162,70,92,.432,4.45,162,3,2,39,1426.0,1452,757,705,158,616,60,1031,55,10,41,6284,92,4.50,1.450,9.2,1.0,3.9,6.5,1.67
391,2026,ATL,NL,69,114,69,45,.605,3.63,114,0,0,36,1013.1,864,444,409,130,389,9,973,38,2,25,4248,116,4.10,1.237,7.7,1.2,3.5,8.6,2.50
392,2026,LAD,NL,69,115,69,46,.600,3.74,115,1,0,30,1014.2,826,444,422,138,350,19,1025,47,6,27,4196,110,4.01,1.159,7.3,1.2,3.1,9.1,2.93
393,2024,OAK,AL,69,162,69,93,.426,4.37,162,1,1,35,1436.2,1385,764,698,169,530,34,1263,92,7,60,6161,91,4.24,1.333,8.7,1.1,3.3,7.9,2.38
394,2022,MIA,NL,69,162,69,93,.426,3.86,162,6,1,41,1437.2,1311,676,617,173,511,19,1437,76,3,54,6056,107,3.90,1.267,8.2,1.1,3.2,9.0,2.81
395,2019,PIT,NL,69,162,69,93,.426,5.18,162,1,0,31,1440.0,1511,911,829,241,584,22,1443,85,4,50,6391,84,4.78,1.455,9.4,1.5,3.7,9.0,2.47
396,2016,ARI,NL,69,162,69,93,.426,5.09,162,2,2,31,1451.1,1563,890,821,202,603,57,1318,57,7,69,6437,88,4.50,1.492,9.7,1.3,3.7,8.2,2.19
397,2016,OAK,AL,69,162,69,93,.426,4.51,162,2,1,42,1433.2,1459,761,718,185,464,28,1188,50,3,70,6144,91,4.24,1.341,9.2,1.2,2.9,7.5,2.56
398,2012,BOS,AL,69,162,69,93,.426,4.70,162,6,2,35,1443.0,1449,806,754,190,529,33,1176,66,11,42,6209,90,4.41,1.371,9.0,1.2,3.3,7.3,2.22
399,2012,MIA,NL,69,162,69,93,.426,4.09,162,5,3,38,1440.2,1448,724,655,133,495,61,1113,55,4,36,6186,100,3.89,1.349,9.0,0.8,3.1,7.0,2.25
400,2011,BAL,AL,69,162,69,93,.426,4.89,162,3,1,32,1446.2,1568,860,786,210,535,42,1044,45,4,32,6332,87,4.67,1.454,9.8,1.3,3.3,6.5,1.95
401,2010,CLE,AL,69,162,69,93,.426,4.30,162,10,2,34,1433.0,1477,752,684,147,572,36,967,66,3,54,6224,92,4.40,1.430,9.3,0.9,3.6,6.1,1.69
402,2010,WSN,NL,69,162,69,93,.426,4.13,162,2,1,37,1435.0,1469,742,658,151,512,57,1068,46,7,33,6214,98,4.12,1.380,9.2,0.9,3.2,6.7,2.09
403,2026,TBR,AL,68,114,68,46,.596,3.74,114,0,0,45,1016.0,873,469,422,141,297,21,931,41,3,31,4193,113,4.06,1.152,7.7,1.2,2.6,8.2,3.13
404,2022,COL,NL,68,162,68,94,.420,5.06,162,1,1,43,1425.1,1516,873,802,184,539,12,1187,59,3,65,6240,92,4.38,1.442,9.6,1.2,3.4,7.5,2.20
405,2022,TEX,AL,68,162,68,94,.420,4.22,162,1,1,37,1435.0,1345,743,673,169,581,16,1314,71,7,66,6167,95,4.17,1.342,8.4,1.1,3.6,8.2,2.26
406,2019,SEA,AL,68,162,68,94,.420,4.99,162,3,2,34,1439.1,1484,893,798,260,505,25,1239,51,4,75,6268,88,5.00,1.382,9.3,1.6,3.2,7.7,2.45
407,2017,CIN,NL,68,162,68,94,.420,5.17,162,2,1,33,1430.0,1442,869,821,248,631,37,1300,77,7,62,6286,87,5.08,1.450,9.1,1.6,4.0,8.2,2.06
408,2016,ATL,NL,68,161,68,93,.422,4.51,161,1,1,39,1447.2,1414,779,725,177,547,55,1227,70,4,83,6250,92,4.32,1.355,8.8,1.1,3.4,7.6,2.24
409,2016,CIN,NL,68,162,68,94,.420,4.91,162,2,1,28,1442.0,1457,854,786,258,636,31,1241,78,12,61,6348,87,5.24,1.451,9.1,1.6,4.0,7.7,1.95
410,2016,SDP,NL,68,162,68,94,.420,4.43,162,1,0,35,1440.0,1425,770,708,183,569,44,1222,53,3,67,6228,90,4.40,1.385,8.9,1.1,3.6,7.6,2.15
411,2016,TBR,AL,68,162,68,94,.420,4.20,162,1,1,42,1426.1,1395,713,665,210,491,25,1357,32,7,61,6076,96,4.26,1.322,8.8,1.3,3.1,8.6,2.76
412,2015,COL,NL,68,162,68,94,.420,5.04,162,4,1,36,1426.0,1579,844,799,183,579,42,1112,48,6,66,6308,92,4.56,1.513,10.0,1.2,3.7,7.0,1.92
413,2015,MIL,NL,68,162,68,94,.420,4.28,162,1,0,40,1435.0,1432,737,682,176,517,36,1260,55,5,71,6148,93,4.17,1.358,9.0,1.1,3.2,7.9,2.44
414,2015,OAK,AL,68,162,68,94,.420,4.14,162,5,3,28,1445.0,1402,729,664,172,474,19,1179,47,4,62,6128,95,4.13,1.298,8.7,1.1,3.0,7.3,2.49
415,2012,CLE,AL,68,162,68,94,.420,4.78,162,2,1,43,1442.0,1503,845,766,174,543,27,1086,55,6,67,6283,82,4.40,1.419,9.4,1.1,3.4,6.8,2.00
416,2021,MIA,NL,67,162,67,95,.414,3.96,162,1,0,33,1415.0,1282,701,622,162,529,43,1381,88,2,58,6027,107,4.01,1.280,8.2,1.0,3.4,8.8,2.61
417,2019,TOR,AL,67,162,67,95,.414,4.79,162,1,0,33,1440.2,1450,828,767,228,604,25,1332,69,6,70,6313,95,4.82,1.426,9.1,1.4,3.8,8.3,2.21
418,2018,CIN,NL,67,162,67,95,.414,4.63,162,1,0,38,1440.2,1491,819,741,228,532,60,1258,50,8,48,6279,90,4.68,1.404,9.3,1.4,3.3,7.9,2.36
419,2018,TEX,AL,67,162,67,95,.414,4.92,162,1,0,42,1431.0,1516,848,783,222,491,23,1121,72,8,57,6231,97,4.79,1.403,9.5,1.4,3.1,7.1,2.28
420,2017,CHW,AL,67,162,67,95,.414,4.78,162,0,0,25,1421.2,1384,820,755,242,632,36,1193,68,5,67,6200,90,5.17,1.418,8.8,1.5,4.0,7.6,1.89
421,2015,ATL,NL,67,162,67,95,.414,4.41,162,3,2,44,1425.1,1462,760,698,170,550,45,1148,53,9,53,6156,88,4.34,1.412,9.2,1.1,3.5,7.2,2.09
422,2014,TEX,AL,67,162,67,95,.414,4.49,162,6,4,33,1426.0,1510,773,711,160,505,43,1110,61,7,61,6195,90,4.22,1.413,9.5,1.0,3.2,7.0,2.20
423,2011,SEA,AL,67,162,67,95,.414,3.90,162,12,3,39,1433.0,1369,675,621,145,436,27,1088,51,6,68,6014,97,3.84,1.260,8.6,0.9,2.7,6.8,2.50
424,2010,KCR,AL,67,162,67,95,.414,4.97,162,7,1,44,1437.0,1553,845,794,176,551,28,1035,47,7,55,6333,85,4.48,1.464,9.7,1.1,3.5,6.5,1.88
425,2026,CHC,NL,66,115,66,49,.574,4.08,115,0,0,25,1026.2,945,493,465,172,339,7,891,43,1,27,4288,102,4.65,1.251,8.3,1.5,3.0,7.8,2.63
426,2025,WSN,NL,66,162,66,96,.407,5.35,162,0,0,37,1423.2,1491,899,846,214,566,6,1248,89,5,68,6287,79,4.72,1.445,9.4,1.4,3.6,7.9,2.20
427,2022,DET,AL,66,162,66,96,.407,4.04,162,0,0,38,1419.2,1336,713,637,167,511,9,1195,57,2,59,6047,97,4.16,1.301,8.5,1.1,3.2,7.6,2.34
428,2018,SDP,NL,66,162,66,96,.407,4.40,162,0,0,36,1457.0,1430,767,713,185,519,28,1399,68,4,52,6254,88,4.10,1.338,8.8,1.1,3.2,8.6,2.70
429,2017,PHI,NL,66,162,66,96,.407,4.55,162,1,0,33,1441.0,1471,782,729,221,527,39,1309,63,11,50,6235,95,4.56,1.387,9.2,1.4,3.3,8.2,2.48
430,2014,COL,NL,66,162,66,96,.407,4.84,162,1,1,24,1431.0,1528,818,770,173,531,32,1074,54,8,72,6248,88,4.43,1.439,9.6,1.1,3.3,6.8,2.02
431,2013,CHC,NL,66,162,66,96,.407,4.00,162,3,1,39,1448.0,1332,689,643,160,540,43,1184,62,4,59,6149,97,4.10,1.293,8.3,1.0,3.4,7.4,2.19
432,2013,MIN,AL,66,162,66,96,.407,4.55,162,1,1,40,1450.1,1591,788,733,168,458,31,985,44,4,50,6257,90,4.23,1.413,9.9,1.0,2.8,6.1,2.15
433,2012,MIN,AL,66,162,66,96,.407,4.77,162,3,1,35,1438.2,1536,832,762,198,465,43,943,57,2,60,6214,86,4.66,1.391,9.6,1.2,2.9,5.9,2.03
434,2010,BAL,AL,66,162,66,96,.407,4.59,162,3,0,35,1436.1,1508,785,733,186,520,45,1007,59,5,45,6262,91,4.57,1.412,9.4,1.2,3.3,6.3,1.94
435,2022,KCR,AL,65,162,65,97,.401,4.70,162,0,0,33,1416.0,1493,810,740,173,589,15,1191,71,6,88,6249,87,4.42,1.470,9.5,1.1,3.7,7.6,2.02
436,2021,WSN,NL,65,162,65,97,.401,4.79,162,1,0,36,1394.2,1364,820,743,247,548,46,1346,71,1,43,6073,85,4.87,1.371,8.8,1.6,3.5,8.7,2.46
437,2010,ARI,NL,65,162,65,97,.401,4.81,162,3,1,35,1432.0,1503,836,765,210,548,38,1070,58,4,82,6260,89,4.76,1.432,9.4,1.3,3.4,6.7,1.95
438,2009,CLE,AL,65,162,65,97,.401,5.06,162,5,2,25,1434.0,1570,865,806,183,598,31,986,45,7,49,6354,84,4.73,1.512,9.9,1.1,3.8,6.2,1.65
439,2009,KCR,AL,65,162,65,97,.401,4.83,162,10,5,34,1425.2,1486,842,765,166,600,28,1153,51,6,89,6265,92,4.36,1.463,9.4,1.0,3.8,7.3,1.92
440,2026,NYY,AL,64,115,64,51,.557,3.33,115,0,0,32,1025.2,863,441,380,112,355,10,1030,45,3,27,4269,126,3.67,1.188,7.6,1.0,3.1,9.0,2.90
441,2018,DET,AL,64,162,64,98,.395,4.59,162,0,0,37,1425.0,1423,796,726,216,491,20,1215,60,4,54,6130,98,4.59,1.343,9.0,1.4,3.1,7.7,2.47
442,2017,DET,AL,64,162,64,98,.395,5.36,162,2,1,32,1420.1,1587,894,846,218,538,42,1202,61,4,53,6298,84,4.73,1.496,10.1,1.4,3.4,7.6,2.23
443,2017,SFG,NL,64,162,64,98,.395,4.50,162,3,2,32,1452.0,1515,776,726,182,496,42,1234,50,3,55,6287,95,4.22,1.385,9.4,1.1,3.1,7.6,2.49
444,2015,CIN,NL,64,162,64,98,.395,4.33,162,2,1,35,1453.1,1436,754,700,177,544,42,1252,58,11,54,6271,92,4.24,1.362,8.9,1.1,3.4,7.8,2.30
445,2014,ARI,NL,64,162,64,98,.395,4.26,162,2,1,35,1444.1,1467,742,683,154,469,43,1278,51,5,50,6162,88,3.83,1.340,9.1,1.0,2.9,8.0,2.72
446,2012,COL,NL,64,162,64,98,.395,5.21,162,0,0,36,1422.1,1637,890,824,198,566,61,1144,47,6,94,6384,89,4.59,1.549,10.4,1.3,3.6,7.2,2.02
447,2009,BAL,AL,64,162,64,98,.395,5.15,162,2,0,31,1429.0,1633,876,817,218,546,45,933,51,7,31,6359,89,5.03,1.525,10.3,1.4,3.4,5.9,1.71
448,2024,LAA,AL,63,162,63,99,.389,4.56,162,0,0,35,1430.2,1328,797,725,202,601,34,1252,81,11,61,6146,93,4.68,1.348,8.4,1.3,3.8,7.9,2.08
449,2018,MIA,NL,63,161,63,98,.391,4.76,161,1,0,30,1442.0,1388,809,762,192,605,73,1249,71,6,47,6236,81,4.56,1.382,8.7,1.2,3.8,7.8,2.06
450,2015,PHI,NL,63,162,63,99,.389,4.69,162,1,1,35,1436.1,1592,809,749,191,488,37,1153,61,7,60,6332,82,4.40,1.448,10.0,1.2,3.1,7.2,2.36
451,2013,CHW,AL,63,162,63,99,.389,3.98,162,5,1,40,1454.2,1424,723,643,182,509,24,1249,60,4,62,6214,106,4.13,1.329,8.8,1.1,3.1,7.7,2.45
452,2011,MIN,AL,63,162,63,99,.389,4.58,162,7,3,32,1421.2,1564,804,724,161,480,37,940,54,5,47,6210,89,4.30,1.438,9.9,1.0,3.0,6.0,1.96
453,2026,BOS,AL,62,113,62,51,.549,3.49,113,0,0,33,1003.1,908,416,389,111,319,6,965,42,3,23,4192,117,3.69,1.223,8.1,1.0,2.9,8.7,3.03
454,2024,MIA,NL,62,162,62,100,.383,4.73,162,1,1,33,1437.2,1431,841,755,195,556,21,1317,88,8,46,6269,91,4.44,1.382,9.0,1.2,3.5,8.2,2.37
455,2022,CIN,NL,62,162,62,100,.383,4.86,162,1,1,31,1423.2,1366,815,768,213,612,21,1414,110,5,58,6220,90,4.59,1.389,8.6,1.3,3.9,8.9,2.31
456,2022,PIT,NL,62,162,62,100,.383,4.65,162,0,0,33,1421.1,1432,817,735,164,586,23,1250,87,5,62,6263,88,4.27,1.420,9.1,1.0,3.7,7.9,2.13
457,2018,CHW,AL,62,162,62,100,.383,4.83,162,0,0,34,1437.0,1404,848,771,196,653,25,1259,89,9,94,6339,88,4.73,1.431,8.8,1.2,4.1,7.9,1.93
458,2013,MIA,NL,62,162,62,100,.383,3.71,162,2,1,36,1460.1,1376,646,602,121,526,58,1177,47,2,53,6166,104,3.69,1.302,8.5,0.7,3.2,7.3,2.24
459,2009,PIT,NL,62,161,62,99,.385,4.59,161,5,2,28,1418.1,1491,768,723,152,563,37,919,47,3,52,6144,91,4.48,1.448,9.5,1.0,3.6,5.8,1.63
460,2026,ARI,NL,61,115,61,54,.530,4.20,115,1,0,29,1020.1,986,520,476,135,335,15,781,45,7,20,4327,102,4.40,1.295,8.7,1.2,3.0,6.9,2.33
461,2026,PHI,NL,61,115,61,54,.530,4.20,115,1,1,30,1015.2,982,507,474,138,344,9,1121,52,3,28,4352,107,3.82,1.306,8.7,1.2,3.0,9.9,3.26
462,2024,COL,NL,61,162,61,101,.377,5.47,162,0,0,37,1426.1,1604,929,867,221,563,12,1118,66,4,59,6322,87,4.94,1.519,10.1,1.4,3.6,7.1,1.99
463,2023,CHW,AL,61,162,61,101,.377,4.87,162,2,0,28,1431.2,1372,841,774,214,654,14,1470,91,9,65,6301,91,4.71,1.415,8.6,1.3,4.1,9.2,2.25
464,2021,PIT,NL,61,162,61,101,.377,5.08,162,0,0,25,1396.1,1400,833,788,213,606,26,1312,78,5,55,6140,84,4.74,1.437,9.0,1.4,3.9,8.5,2.17
465,2012,CHC,NL,61,162,61,101,.377,4.51,162,1,0,28,1413.2,1399,759,708,175,573,36,1128,65,5,44,6140,91,4.46,1.395,8.9,1.1,3.6,7.2,1.97
466,2010,SEA,AL,61,162,61,101,.377,3.93,162,11,2,38,1438.0,1402,698,628,157,452,33,973,40,11,73,6091,101,4.17,1.289,8.8,1.0,2.8,6.1,2.15
467,2025,CHW,AL,60,162,60,102,.370,4.26,162,0,0,25,1416.0,1336,742,671,189,595,29,1286,72,10,48,6124,98,4.47,1.364,8.5,1.2,3.8,8.2,2.16
468,2022,OAK,AL,60,162,60,102,.370,4.52,162,0,0,34,1426.1,1394,770,717,195,503,37,1203,72,5,62,6121,82,4.41,1.330,8.8,1.2,3.2,7.6,2.39
469,2021,TEX,AL,60,162,60,102,.370,4.79,162,0,0,31,1424.1,1402,815,758,232,513,11,1239,61,0,67,6103,93,4.76,1.344,8.9,1.5,3.2,7.8,2.42
470,2026,CHW,AL,59,113,59,54,.522,4.08,113,0,0,28,1004.0,895,494,455,122,409,14,956,68,8,45,4294,105,4.19,1.299,8.0,1.1,3.7,8.6,2.34
471,2026,HOU,AL,59,116,59,57,.509,4.60,116,0,0,36,1029.1,914,565,526,155,484,3,1020,72,5,38,4448,91,4.69,1.358,8.0,1.4,4.2,8.9,2.11
472,2026,SDP,NL,59,115,59,56,.513,4.21,115,0,0,34,1014.0,949,503,474,129,400,12,932,48,5,29,4321,98,4.23,1.330,8.4,1.1,3.6,8.3,2.33
473,2023,COL,NL,59,162,59,103,.364,5.67,162,0,0,32,1413.2,1599,957,891,234,586,13,1129,86,7,51,6316,88,5.24,1.546,10.2,1.5,3.7,7.2,1.93
474,2019,KCR,AL,59,162,59,103,.364,5.20,162,1,1,37,1425.0,1525,869,824,221,582,25,1230,81,5,59,6307,92,4.90,1.479,9.6,1.4,3.7,7.8,2.11
475,2016,MIN,AL,59,162,59,103,.364,5.08,162,4,1,26,1443.0,1617,889,814,221,479,26,1191,41,7,83,6314,83,4.57,1.453,10.1,1.4,3.0,7.4,2.49
476,2009,WSN,NL,59,162,59,103,.364,5.00,162,6,1,33,1424.1,1533,874,791,173,629,59,911,48,5,74,6349,85,4.82,1.518,9.7,1.1,4.0,5.8,1.45
477,2026,MIA,NL,58,115,58,57,.504,4.00,115,1,1,28,1009.0,873,491,448,114,383,6,961,61,4,35,4265,102,3.98,1.245,7.8,1.0,3.4,8.6,2.51
478,2018,KCR,AL,58,162,58,104,.358,4.94,162,2,0,33,1432.0,1542,833,786,205,549,28,1157,51,4,68,6284,88,4.66,1.460,9.7,1.3,3.5,7.3,2.11
479,2026,CLE,AL,57,115,57,58,.496,3.74,115,0,0,34,1020.2,914,474,424,130,372,12,1066,39,1,41,4305,111,3.87,1.260,8.1,1.1,3.3,9.4,2.87
480,2026,PIT,NL,57,116,57,59,.491,4.30,116,0,0,23,1036.2,951,559,495,120,424,17,1077,63,5,42,4476,101,3.93,1.326,8.3,1.0,3.7,9.4,2.54
481,2026,STL,NL,57,115,57,58,.496,4.12,115,1,1,32,1026.1,986,509,470,114,389,9,880,56,2,49,4399,97,4.12,1.340,8.6,1.0,3.4,7.7,2.26
482,2026,TEX,AL,57,115,57,58,.496,4.29,115,0,0,32,1007.1,959,510,480,141,336,19,965,48,1,38,4306,91,4.14,1.286,8.6,1.3,3.0,8.6,2.87
483,2019,MIA,NL,57,162,57,105,.352,4.74,162,2,2,27,1444.1,1340,808,760,236,615,52,1378,90,6,71,6247,91,4.89,1.354,8.3,1.5,3.8,8.6,2.24
484,2010,PIT,NL,57,162,57,105,.352,5.00,162,1,1,31,1411.2,1567,866,784,167,538,40,1026,66,10,56,6300,81,4.45,1.491,10.0,1.1,3.4,6.5,1.91
485,2026,BAL,AL,56,114,56,58,.491,4.21,114,0,0,30,1015.2,983,545,475,123,381,11,905,28,1,37,4357,100,4.09,1.343,8.7,1.1,3.4,8.0,2.38
486,2026,MIN,AL,56,115,56,59,.487,4.63,115,1,1,31,1014.2,980,571,522,133,421,10,942,52,6,31,4431,92,4.34,1.381,8.7,1.2,3.7,8.4,2.24
487,2026,SEA,AL,56,115,56,59,.487,3.77,115,1,0,26,1015.2,924,461,425,124,283,11,980,49,4,25,4206,105,3.73,1.188,8.2,1.1,2.5,8.7,3.46
488,2026,WSN,NL,56,116,56,60,.483,4.75,116,0,0,32,1035.2,1036,606,547,161,409,11,876,62,2,41,4532,90,4.79,1.395,9.0,1.4,3.6,7.6,2.14
489,2023,KCR,AL,56,162,56,106,.346,5.17,162,3,0,28,1409.0,1429,859,809,207,553,8,1270,73,6,67,6139,87,4.70,1.407,9.1,1.3,3.5,8.1,2.30
490,2011,HOU,NL,56,162,56,106,.346,4.51,162,2,0,25,1435.0,1477,796,719,188,560,59,1191,53,9,39,6268,84,4.35,1.420,9.3,1.2,3.5,7.5,2.13
491,2026,CIN,NL,55,113,55,58,.487,4.41,113,0,0,28,1006.0,932,531,493,142,480,15,906,54,2,29,4412,98,4.72,1.404,8.3,1.3,4.3,8.1,1.89
492,2026,DET,AL,55,114,55,59,.482,3.57,114,0,0,22,1009.2,876,446,400,111,347,8,948,50,3,26,4225,121,3.82,1.211,7.8,1.0,3.1,8.5,2.73
493,2022,WSN,NL,55,162,55,107,.340,5.00,162,2,0,28,1411.2,1469,855,785,244,558,12,1220,75,2,59,6220,79,4.98,1.436,9.4,1.6,3.6,7.8,2.19
494,2012,HOU,NL,55,162,55,107,.340,4.56,162,3,2,31,1423.1,1493,794,721,173,540,40,1170,48,6,75,6238,89,4.27,1.428,9.4,1.1,3.4,7.4,2.17
495,2026,TOR,AL,54,115,54,61,.470,4.06,115,1,1,36,1017.2,931,509,459,120,410,21,1013,29,6,32,4336,112,3.93,1.318,8.2,1.1,3.6,9.0,2.47
496,2019,BAL,AL,54,162,54,108,.333,5.60,162,0,0,27,1442.2,1544,981,897,305,561,11,1248,80,6,75,6396,85,5.57,1.459,9.6,1.9,3.5,7.8,2.22
497,2021,ARI,NL,52,162,52,110,.321,5.11,162,3,3,22,1417.0,1480,893,804,232,555,45,1238,75,7,43,6270,83,4.88,1.436,9.4,1.5,3.5,7.9,2.23
498,2021,BAL,AL,52,162,52,110,.321,5.84,162,1,1,26,1402.1,1518,956,910,258,563,12,1234,68,7,88,6252,77,5.15,1.484,9.7,1.7,3.6,7.9,2.19
499,2013,HOU,AL,51,162,51,111,.315,4.79,162,2,1,32,1440.0,1530,848,766,191,616,32,1084,56,6,61,6370,85,4.67,1.490,9.6,1.2,3.9,6.8,1.76
500,2023,OAK,AL,50,162,50,112,.309,5.48,162,0,0,29,1420.0,1464,924,865,213,694,33,1300,100,4,76,6384,77,5.05,1.520,9.3,1.4,4.4,8.2,1.87
501,2026,NYM,NL,49,115,49,66,.426,4.07,115,0,0,20,1025.2,924,522,464,124,404,7,1038,55,3,25,4396,103,3.98,1.295,8.1,1.1,3.5,9.1,2.57
502,2026,KCR,AL,48,115,48,67,.417,4.81,115,1,1,28,1010.0,1003,579,540,147,428,10,855,43,3,42,4371,86,4.69,1.417,8.9,1.3,3.8,7.6,2.00
503,2026,SFG,NL,48,115,48,67,.417,4.38,115,1,0,21,1012.0,951,535,493,112,426,14,874,49,4,37,4357,91,4.21,1.361,8.5,1.0,3.8,7.8,2.05
504,2019,DET,AL,47,161,47,114,.292,5.24,161,0,0,31,1433.0,1555,915,835,250,536,24,1368,69,7,66,6341,91,4.84,1.459,9.8,1.6,3.4,8.6,2.55
505,2018,BAL,AL,47,162,47,115,.290,5.18,162,2,0,28,1431.0,1552,892,824,234,589,29,1203,67,8,81,6340,83,4.98,1.496,9.8,1.5,3.7,7.6,2.04
506,2026,COL,NL,45,115,45,70,.391,5.51,115,1,0,26,1011.2,1161,662,619,161,369,18,800,44,4,31,4515,90,4.81,1.512,10.3,1.4,3.3,7.1,2.17
507,2026,ATH,AL,45,114,45,69,.395,5.40,114,1,0,27,1011.2,1055,649,607,177,455,12,971,56,7,32,4503,84,4.96,1.493,9.4,1.6,4.0,8.6,2.13
508,2026,LAA,AL,43,114,43,71,.377,4.49,114,0,0,14,1003.1,885,552,501,126,480,17,1018,62,3,46,4369,92,4.32,1.360,7.9,1.1,4.3,9.1,2.12
509,2025,COL,NL,43,162,43,119,.265,5.97,162,0,0,29,1407.1,1673,1021,933,251,554,19,1093,73,7,60,6367,81,5.24,1.582,10.7,1.6,3.5,7.0,1.97
510,2020,LAD,NL,43,60,43,17,.717,3.02,60,0,0,15,538.2,424,213,181,66,145,4,517,21,0,24,2172,146,3.79,1.056,7.1,1.1,2.4,8.6,3.57
511,2024,CHW,AL,41,162,41,121,.253,4.67,162,0,0,21,1420.0,1397,813,737,201,643,25,1366,54,12,61,6241,89,4.55,1.437,8.9,1.3,4.1,8.7,2.12
512,2020,TBR,AL,40,60,40,20,.667,3.56,60,0,0,23,527.2,475,229,209,70,168,4,552,29,1,30,2212,116,3.94,1.219,8.1,1.2,2.9,9.4,3.29
513,2020,SDP,NL,37,60,37,23,.617,3.86,60,1,1,13,520.1,456,241,223,70,170,2,565,22,3,19,2160,110,3.88,1.203,7.9,1.2,2.9,9.8,3.32
514,2020,MIN,AL,36,60,36,24,.600,3.58,60,0,0,17,513.1,448,215,204,62,170,0,535,21,1,20,2130,122,3.79,1.204,7.9,1.1,3.0,9.4,3.15
515,2020,OAK,AL,36,60,36,24,.600,3.77,60,1,1,17,515.1,471,232,216,69,165,6,506,15,1,16,2164,112,4.02,1.234,8.2,1.2,2.9,8.8,3.07
516,2020,ATL,NL,35,60,35,25,.583,4.41,60,0,0,13,524.1,494,288,257,69,220,13,506,33,2,23,2276,108,4.42,1.362,8.5,1.2,3.8,8.7,2.30
517,2020,CHW,AL,35,60,35,25,.583,3.81,60,1,1,13,527.0,448,246,223,71,217,6,523,23,0,24,2235,118,4.32,1.262,7.7,1.2,3.7,8.9,2.41
518,2020,CLE,AL,35,60,35,25,.583,3.29,60,1,0,20,536.0,440,209,196,68,157,8,621,27,1,20,2176,136,3.55,1.114,7.4,1.1,2.6,10.4,3.96
519,2020,CHC,NL,34,60,34,26,.567,3.99,60,2,2,16,518.1,451,240,230,74,182,7,523,17,4,22,2153,114,4.18,1.221,7.8,1.3,3.2,9.1,2.87
520,2020,NYY,AL,33,60,33,27,.550,4.35,60,2,1,14,500.2,455,270,242,83,168,5,528,25,2,22,2133,99,4.39,1.244,8.2,1.5,3.0,9.5,3.14
521,2020,TOR,AL,32,60,32,28,.533,4.59,60,0,0,17,525.0,517,312,268,81,250,7,519,14,2,15,2309,97,4.73,1.461,8.9,1.4,4.3,8.9,2.08
522,2020,CIN,NL,31,60,31,29,.517,3.84,60,3,2,9,504.0,401,243,215,67,213,6,615,29,5,23,2125,129,3.92,1.218,7.2,1.2,3.8,11.0,2.89
523,2020,MIA,NL,31,60,31,29,.517,4.86,60,1,0,18,504.0,506,304,272,82,226,14,451,26,4,11,2214,96,5.02,1.452,9.0,1.5,4.0,8.1,2.00
524,2020,STL,NL,30,58,30,28,.517,3.90,58,2,0,13,473.1,376,229,205,69,204,8,464,26,1,21,1989,109,4.58,1.225,7.1,1.3,3.9,8.8,2.27
525,2020,HOU,AL,29,60,29,31,.483,4.31,60,0,0,16,524.0,472,275,251,70,217,7,526,29,4,25,2239,104,4.33,1.315,8.1,1.2,3.7,9.0,2.42
526,2020,MIL,NL,29,60,29,31,.483,4.16,60,1,0,14,517.1,446,264,239,67,189,1,614,35,2,21,2186,111,3.80,1.227,7.8,1.2,3.3,10.7,3.25
527,2020,SFG,NL,29,60,29,31,.483,4.64,60,1,0,13,517.2,474,297,267,69,210,2,488,34,5,20,2240,93,4.45,1.321,8.2,1.2,3.7,8.5,2.32
528,2020,PHI,NL,28,60,28,32,.467,5.14,60,3,2,11,497.0,550,311,284,80,185,12,532,28,3,14,2197,89,4.43,1.479,10.0,1.4,3.4,9.6,2.88
529,2020,SEA,AL,27,60,27,33,.450,5.03,60,1,0,15,516.2,482,303,289,79,230,7,469,37,1,23,2249,86,4.91,1.378,8.4,1.4,4.0,8.2,2.04
530,2020,LAA,AL,26,60,26,34,.433,5.09,60,1,0,12,525.1,492,321,297,82,199,8,523,21,1,25,2256,90,4.49,1.315,8.4,1.4,3.4,9.0,2.63
531,2020,COL,NL,26,60,26,34,.433,5.59,60,1,0,16,526.1,579,353,327,83,205,5,393,40,1,29,2335,93,5.14,1.490,9.9,1.4,3.5,6.7,1.92
532,2020,KCR,AL,26,60,26,34,.433,4.30,60,1,1,19,517.0,500,272,247,76,211,7,517,29,3,28,2233,110,4.49,1.375,8.7,1.3,3.7,9.0,2.45
533,2020,NYM,NL,26,60,26,34,.433,4.98,60,0,0,11,513.1,511,308,284,81,219,7,574,29,0,24,2262,87,4.46,1.422,9.0,1.4,3.8,10.1,2.62
534,2020,WSN,NL,26,60,26,34,.433,5.09,60,2,0,12,503.2,548,301,285,94,216,22,508,22,4,23,2273,89,5.02,1.517,9.8,1.7,3.9,9.1,2.35
535,2020,ARI,NL,25,60,25,35,.417,4.84,60,0,0,13,518.1,506,295,279,93,235,20,524,23,1,23,2279,94,4.99,1.430,8.8,1.6,4.1,9.1,2.23
536,2020,BAL,AL,25,60,25,35,.417,4.51,60,0,0,11,518.2,489,294,260,79,192,2,487,34,4,35,2246,105,4.60,1.313,8.5,1.4,3.3,8.5,2.54
537,2020,BOS,AL,24,60,24,36,.400,5.58,60,0,0,14,524.0,587,351,325,98,252,4,537,31,3,28,2389,87,5.19,1.601,10.1,1.7,4.3,9.2,2.13
538,2020,DET,AL,23,58,23,35,.397,5.63,58,1,0,11,492.2,511,318,308,91,192,2,444,34,0,18,2174,81,5.17,1.427,9.3,1.7,3.5,8.1,2.31
539,2020,TEX,AL,22,60,22,38,.367,5.02,60,2,1,10,516.2,479,312,288,81,236,3,489,30,2,21,2273,91,4.88,1.384,8.3,1.4,4.1,8.5,2.07
540,2020,PIT,NL,19,60,19,41,.317,4.68,60,1,0,6,513.0,451,298,267,80,249,3,536,37,2,28,2227,98,4.80,1.365,7.9,1.4,4.4,9.4,2.15
