season,team,games,wins,losses,win_pct,pts_for,pts_against,pt_diff,td_allowed,xpa_allowed,xpm_allowed,fga_allowed,fgm_allowed,safeties_allowed,td_allowed_pg,pts_allowed_pg
2002,Army,12,1,11,0.083,226.0,491.0,-265.0,61.0,59.0,58.0,28.0,19.0,3.0,5.08,40.92
2002,Baylor,12,3,9,0.25,202.0,496.0,-294.0,67.0,65.0,58.0,21.0,12.0,0.0,5.58,41.33
2002,Buffalo,12,1,11,0.083,214.0,416.0,-202.0,55.0,54.0,51.0,17.0,11.0,0.0,4.58,34.67
2002,Eastern Michigan,12,3,9,0.25,286.0,566.0,-280.0,76.0,73.0,68.0,18.0,12.0,0.0,6.33,47.17
2002,Indiana,12,3,9,0.25,258.0,445.0,-187.0,58.0,57.0,52.0,19.0,15.0,0.0,4.83,37.08
2002,Kansas,12,2,10,0.167,248.0,507.0,-259.0,67.0,59.0,57.0,18.0,12.0,2.0,5.58,42.25
2002,Kent State,12,3,9,0.25,202.0,424.0,-222.0,55.0,53.0,48.0,20.0,14.0,1.0,4.58,35.33
2002,Louisiana Tech,12,4,8,0.333,320.0,426.0,-106.0,57.0,52.0,48.0,16.0,10.0,1.0,4.75,35.5
2002,Louisiana-Monroe,12,3,9,0.25,236.0,451.0,-215.0,59.0,55.0,51.0,20.0,14.0,0.0,4.92,37.58
2002,Navy,12,2,10,0.167,290.0,436.0,-146.0,57.0,51.0,47.0,15.0,13.0,1.0,4.75,36.33
2002,North Carolina,12,3,9,0.25,223.0,421.0,-198.0,58.0,56.0,53.0,19.0,6.0,0.0,4.83,35.08
2002,Northwestern,12,3,9,0.25,272.0,493.0,-221.0,65.0,62.0,59.0,13.0,12.0,2.0,5.42,41.08
2002,San Jose State,13,6,7,0.462,376.0,467.0,-91.0,59.0,56.0,53.0,24.0,18.0,1.0,4.54,35.92
2002,Texas Tech,14,9,5,0.643,537.0,439.0,98.0,59.0,55.0,51.0,13.0,8.0,3.0,4.21,31.36
2002,Tulsa,12,1,11,0.083,233.0,417.0,-184.0,55.0,53.0,50.0,19.0,11.0,0.0,4.58,34.75
2002,UTEP,12,2,10,0.167,220.0,511.0,-291.0,70.0,68.0,64.0,18.0,9.0,0.0,5.83,42.58
2002,Utah State,11,4,7,0.364,305.0,432.0,-127.0,57.0,54.0,51.0,18.0,13.0,0.0,5.18,39.27
2003,Arizona,12,2,10,0.167,181.0,429.0,-248.0,56.0,55.0,55.0,18.0,12.0,1.0,4.67,35.75
2003,Army,13,0,13,0.0,206.0,476.0,-270.0,60.0,56.0,53.0,26.0,19.0,0.0,4.62,36.62
2003,Baylor,12,3,9,0.25,191.0,455.0,-264.0,62.0,62.0,59.0,11.0,8.0,0.0,5.17,37.92
2003,Buffalo,12,1,11,0.083,177.0,445.0,-268.0,59.0,58.0,53.0,26.0,12.0,1.0,4.92,37.08
2003,East Carolina,12,1,11,0.083,217.0,428.0,-211.0,55.0,53.0,50.0,18.0,14.0,1.0,4.58,35.67
2003,Houston,13,7,6,0.538,448.0,468.0,-20.0,62.0,58.0,57.0,18.0,11.0,1.0,4.77,36.0
2003,Iowa State,12,2,10,0.167,173.0,437.0,-264.0,57.0,54.0,50.0,18.0,15.0,0.0,4.75,36.42
2003,Louisiana-Monroe,12,1,11,0.083,239.0,467.0,-228.0,64.0,63.0,60.0,10.0,5.0,3.0,5.33,38.92
2003,Mississippi State,12,2,10,0.167,225.0,471.0,-246.0,63.0,63.0,63.0,16.0,10.0,0.0,5.25,39.25
2003,North Carolina,12,2,10,0.167,317.0,459.0,-142.0,57.0,54.0,48.0,26.0,21.0,0.0,4.75,38.25
2003,Texas A&M,12,4,8,0.333,304.0,465.0,-161.0,64.0,56.0,52.0,11.0,7.0,1.0,5.33,38.75
2003,Texas Tech,13,8,5,0.615,552.0,442.0,110.0,57.0,54.0,54.0,18.0,14.0,0.0,4.38,34.0
2003,UTEP,13,2,11,0.154,288.0,498.0,-210.0,63.0,62.0,59.0,30.0,19.0,1.0,4.85,38.31
2004,Ball State,11,2,9,0.182,225.0,405.0,-180.0,55.0,53.0,52.0,9.0,7.0,1.0,5.0,36.82
2004,Baylor,11,3,8,0.273,224.0,406.0,-182.0,55.0,53.0,53.0,13.0,7.0,1.0,5.0,36.91
2004,East Carolina,11,2,9,0.182,231.0,439.0,-208.0,60.0,56.0,54.0,10.0,7.0,2.0,5.45,39.91
2004,Eastern Michigan,11,4,7,0.364,328.0,458.0,-130.0,60.0,58.0,58.0,16.0,12.0,0.0,5.45,41.64
2004,Florida A&M,11,3,8,0.273,253.0,408.0,-155.0,55.0,52.0,48.0,11.0,8.0,1.0,5.0,37.09
2004,Hawaii,13,8,5,0.615,467.0,499.0,-32.0,65.0,62.0,56.0,20.0,17.0,0.0,5.0,38.38
2004,Idaho,12,3,9,0.25,245.0,473.0,-228.0,63.0,60.0,54.0,13.0,13.0,0.0,5.25,39.42
2004,San Jose State,11,2,9,0.182,312.0,469.0,-157.0,65.0,62.0,58.0,10.0,5.0,0.0,5.91,42.64
2004,Western Michigan,11,1,10,0.091,248.0,436.0,-188.0,58.0,57.0,56.0,15.0,10.0,0.0,5.27,39.64
2005,Ball State,11,4,7,0.364,233.0,416.0,-183.0,56.0,54.0,51.0,13.0,9.0,0.0,5.09,37.82
2005,Hawaii,12,5,7,0.417,368.0,428.0,-60.0,58.0,58.0,54.0,10.0,8.0,0.0,4.83,35.67
2005,Idaho,11,2,9,0.182,243.0,419.0,-176.0,55.0,53.0,47.0,19.0,12.0,1.0,5.0,38.09
2005,Illinois,11,2,9,0.182,187.0,435.0,-248.0,58.0,57.0,53.0,17.0,10.0,2.0,5.27,39.55
2005,New Mexico State,12,0,12,0.0,198.0,465.0,-267.0,58.0,57.0,56.0,31.0,19.0,1.0,4.83,38.75
2005,Rice,11,1,10,0.091,241.0,447.0,-206.0,59.0,57.0,55.0,16.0,12.0,0.0,5.36,40.64
2005,Temple,11,0,11,0.0,107.0,498.0,-391.0,66.0,66.0,64.0,18.0,12.0,0.0,6.0,45.27
2006,Buffalo,12,2,10,0.167,220.0,431.0,-211.0,58.0,56.0,52.0,14.0,9.0,0.0,4.83,35.92
2006,Idaho,12,4,8,0.333,203.0,417.0,-214.0,57.0,56.0,54.0,12.0,7.0,0.0,4.75,34.75
2006,Louisiana Tech,13,3,10,0.231,242.0,542.0,-300.0,73.0,72.0,68.0,15.0,12.0,0.0,5.62,41.69
2006,Temple,12,1,11,0.083,131.0,496.0,-365.0,65.0,64.0,61.0,22.0,15.0,0.0,5.42,41.33
2006,Utah State,12,1,11,0.083,130.0,462.0,-332.0,62.0,62.0,61.0,14.0,9.0,1.0,5.17,38.5
2007,Bowling Green,13,8,5,0.615,392.0,417.0,-25.0,55.0,51.0,50.0,16.0,11.0,1.0,4.23,32.08
2007,Central Michigan,14,8,6,0.571,487.0,517.0,-30.0,68.0,66.0,62.0,24.0,15.0,1.0,4.86,36.93
2007,Florida Atlantic,12,8,5,0.615,405.0,432.0,-27.0,55.0,48.0,47.0,21.0,17.0,0.0,4.58,36.0
2007,Florida International,12,1,11,0.083,181.0,469.0,-288.0,60.0,59.0,57.0,22.0,16.0,2.0,5.0,39.08
2007,Idaho,12,1,11,0.083,258.0,443.0,-185.0,58.0,56.0,54.0,21.0,13.0,0.0,4.83,36.92
2007,Louisiana,12,3,9,0.25,285.0,430.0,-145.0,58.0,55.0,51.0,15.0,9.0,0.0,4.83,35.83
2007,Memphis,13,7,6,0.538,380.0,419.0,-39.0,56.0,54.0,51.0,17.0,10.0,0.0,4.31,32.23
2007,Minnesota,12,1,11,0.083,315.0,440.0,-125.0,55.0,53.0,51.0,30.0,19.0,0.0,4.58,36.67
2007,Navy,13,8,5,0.615,511.0,473.0,38.0,61.0,57.0,55.0,24.0,16.0,0.0,4.69,36.38
2007,Nebraska,12,5,7,0.417,401.0,455.0,-54.0,60.0,57.0,53.0,18.0,14.0,0.0,5.0,37.92
2007,New Mexico State,13,4,9,0.308,312.0,471.0,-159.0,60.0,57.0,53.0,24.0,18.0,0.0,4.62,36.23
2007,North Texas,12,2,10,0.167,298.0,541.0,-243.0,71.0,69.0,66.0,19.0,13.0,4.0,5.92,45.08
2007,Rice,12,3,9,0.25,377.0,515.0,-138.0,68.0,63.0,61.0,18.0,12.0,1.0,5.67,42.92
2007,SMU,12,1,11,0.083,340.0,477.0,-137.0,65.0,62.0,61.0,11.0,8.0,0.0,5.42,39.75
2007,Toledo,12,5,7,0.417,395.0,470.0,-75.0,64.0,61.0,58.0,11.0,6.0,2.0,5.33,39.17
2007,Tulsa,14,10,4,0.714,576.0,467.0,109.0,60.0,56.0,53.0,22.0,16.0,0.0,4.29,33.36
2007,UTEP,12,4,8,0.333,403.0,445.0,-42.0,57.0,53.0,49.0,23.0,16.0,0.0,4.75,37.08
2008,Eastern Michigan,12,3,9,0.25,309.0,427.0,-118.0,56.0,55.0,54.0,19.0,11.0,1.0,4.67,35.58
2008,Idaho,12,2,10,0.167,235.0,513.0,-278.0,69.0,68.0,67.0,16.0,10.0,1.0,5.75,42.75
2008,Iowa State,12,2,10,0.167,304.0,430.0,-126.0,59.0,55.0,54.0,10.0,6.0,0.0,4.92,35.83
2008,Kansas State,12,5,7,0.417,419.0,430.0,-11.0,58.0,56.0,50.0,15.0,10.0,0.0,4.83,35.83
2008,Nevada,13,7,6,0.538,489.0,420.0,69.0,55.0,54.0,52.0,18.0,12.0,0.0,4.23,32.31
2008,North Texas,12,1,11,0.083,240.0,571.0,-331.0,78.0,78.0,71.0,13.0,10.0,0.0,6.5,47.58
2008,Rice,13,10,3,0.769,537.0,433.0,104.0,59.0,58.0,55.0,15.0,8.0,0.0,4.54,33.31
2008,SMU,12,1,11,0.083,256.0,458.0,-202.0,59.0,54.0,49.0,20.0,17.0,0.0,4.92,38.17
2008,San Diego State,12,2,10,0.167,231.0,446.0,-215.0,60.0,60.0,60.0,14.0,8.0,1.0,5.0,37.17
2008,Texas A&M,12,4,8,0.333,300.0,449.0,-149.0,58.0,54.0,51.0,23.0,16.0,0.0,4.83,37.42
2008,Tulane,12,2,10,0.167,200.0,414.0,-214.0,56.0,56.0,54.0,13.0,8.0,0.0,4.67,34.5
2008,UTEP,12,5,7,0.417,395.0,444.0,-49.0,60.0,57.0,54.0,17.0,10.0,0.0,5.0,37.0
2008,Washington,12,0,12,0.0,159.0,463.0,-304.0,59.0,59.0,56.0,19.0,17.0,1.0,4.92,38.58
2008,Washington State,13,2,11,0.154,165.0,570.0,-405.0,76.0,76.0,73.0,22.0,13.0,1.0,5.85,43.85
2009,Eastern Michigan,12,0,12,0.0,197.0,459.0,-262.0,62.0,61.0,56.0,13.0,9.0,1.0,5.17,38.25
2009,Florida International,12,3,9,0.25,275.0,424.0,-149.0,55.0,53.0,52.0,21.0,14.0,0.0,4.58,35.33
2009,Houston,14,10,4,0.714,591.0,421.0,170.0,56.0,55.0,49.0,19.0,12.0,0.0,4.0,30.07
2009,Idaho,13,8,5,0.615,425.0,468.0,-43.0,63.0,57.0,54.0,17.0,10.0,0.0,4.85,36.0
2009,Miami (OH),12,1,11,0.083,187.0,410.0,-223.0,55.0,54.0,50.0,15.0,10.0,0.0,4.58,34.17
2009,New Mexico,12,1,11,0.083,196.0,431.0,-235.0,56.0,54.0,51.0,19.0,12.0,3.0,4.67,35.92
2009,Rice,12,2,10,0.167,219.0,517.0,-298.0,70.0,66.0,64.0,15.0,11.0,0.0,5.83,43.08
2009,Texas A&M,13,6,7,0.462,427.0,436.0,-9.0,56.0,50.0,47.0,18.0,15.0,0.0,4.31,33.54
2009,Toledo,12,5,7,0.417,356.0,452.0,-96.0,60.0,58.0,54.0,17.0,12.0,0.0,5.0,37.67
2009,Tulane,12,3,9,0.25,193.0,440.0,-247.0,57.0,54.0,49.0,21.0,15.0,0.0,4.75,36.67
2009,Washington State,12,1,11,0.083,144.0,462.0,-318.0,60.0,57.0,54.0,17.0,14.0,1.0,5.0,38.5
2009,Western Kentucky,12,0,12,0.0,245.0,475.0,-230.0,63.0,62.0,59.0,17.0,12.0,1.0,5.25,39.58
2010,Duke,12,3,9,0.25,303.0,425.0,-122.0,56.0,50.0,50.0,14.0,11.0,0.0,4.67,35.42
2010,East Carolina,13,6,7,0.462,478.0,572.0,-94.0,76.0,73.0,71.0,20.0,15.0,0.0,5.85,44.0
2010,Eastern Michigan,12,2,10,0.167,228.0,527.0,-299.0,71.0,70.0,66.0,13.0,11.0,0.0,5.92,43.92
2010,Memphis,12,1,11,0.083,173.0,478.0,-305.0,63.0,63.0,61.0,20.0,13.0,0.0,5.25,39.83
2010,Michigan,13,7,6,0.538,426.0,458.0,-32.0,57.0,54.0,54.0,22.0,20.0,0.0,4.38,35.23
2010,Nevada-Las Vegas,13,2,11,0.154,239.0,516.0,-277.0,67.0,67.0,63.0,19.0,17.0,0.0,5.15,39.69
2010,New Mexico,12,1,11,0.083,190.0,532.0,-342.0,69.0,69.0,67.0,23.0,17.0,0.0,5.75,44.33
2010,New Mexico State,12,2,10,0.167,188.0,464.0,-276.0,61.0,61.0,61.0,22.0,15.0,1.0,5.08,38.67
2010,Rice,12,4,8,0.333,344.0,462.0,-118.0,60.0,59.0,56.0,19.0,14.0,1.0,5.0,38.5
2010,San Jose State,13,1,12,0.077,209.0,451.0,-242.0,56.0,54.0,53.0,24.0,20.0,1.0,4.31,34.69
2010,Tulane,12,4,8,0.333,299.0,446.0,-147.0,58.0,57.0,57.0,17.0,13.0,1.0,4.83,37.17
2010,Wake Forest,12,3,9,0.25,273.0,430.0,-157.0,55.0,54.0,50.0,20.0,16.0,0.0,4.58,35.83
2010,Washington State,12,2,10,0.167,235.0,430.0,-195.0,58.0,54.0,52.0,12.0,8.0,0.0,4.83,35.83
2011,Akron,12,1,11,0.083,170.0,466.0,-296.0,59.0,59.0,55.0,21.0,17.0,1.0,4.92,38.83
2011,Baylor,13,10,3,0.769,589.0,484.0,105.0,64.0,58.0,55.0,19.0,13.0,0.0,4.92,37.23
2011,Colorado,13,3,10,0.231,257.0,475.0,-218.0,63.0,59.0,56.0,19.0,13.0,0.0,4.85,36.54
2011,Fresno State,13,4,9,0.308,371.0,457.0,-86.0,60.0,56.0,49.0,21.0,14.0,0.0,4.62,35.15
2011,Indiana,12,1,11,0.083,257.0,448.0,-191.0,55.0,53.0,53.0,22.0,21.0,0.0,4.58,37.33
2011,Kansas,12,2,10,0.167,268.0,525.0,-257.0,68.0,67.0,66.0,18.0,15.0,2.0,5.67,43.75
2011,Memphis,12,2,10,0.167,195.0,421.0,-226.0,55.0,50.0,50.0,20.0,13.0,0.0,4.58,35.08
2011,Middle Tennessee State,12,2,10,0.167,267.0,441.0,-174.0,59.0,57.0,56.0,13.0,9.0,1.0,4.92,36.75
2011,Nevada-Las Vegas,12,2,10,0.167,217.0,481.0,-264.0,64.0,59.0,56.0,19.0,13.0,0.0,5.33,40.08
2011,New Mexico,12,1,11,0.083,144.0,500.0,-356.0,70.0,69.0,68.0,10.0,4.0,0.0,5.83,41.67
2011,New Mexico State,13,4,9,0.308,319.0,478.0,-159.0,65.0,62.0,59.0,16.0,9.0,1.0,5.0,36.77
2011,Texas Tech,12,5,7,0.417,406.0,471.0,-65.0,62.0,62.0,60.0,20.0,13.0,0.0,5.17,39.25
2011,Toledo,13,9,4,0.692,549.0,412.0,137.0,56.0,53.0,50.0,13.0,8.0,0.0,4.31,31.69
2011,Tulane,13,2,11,0.154,274.0,487.0,-213.0,62.0,60.0,58.0,20.0,19.0,0.0,4.77,37.46
2011,UAB,12,3,9,0.25,242.0,441.0,-199.0,58.0,58.0,58.0,17.0,11.0,1.0,4.83,36.75
2011,UCLA,14,6,8,0.429,323.0,439.0,-116.0,57.0,55.0,53.0,19.0,14.0,0.0,4.07,31.36
2011,Washington,13,7,6,0.538,434.0,467.0,-33.0,58.0,55.0,53.0,22.0,20.0,1.0,4.46,35.92
2012,Arizona,13,8,5,0.615,496.0,459.0,37.0,60.0,56.0,56.0,15.0,13.0,0.0,4.62,35.31
2012,Army,12,2,10,0.167,291.0,424.0,-133.0,56.0,55.0,55.0,13.0,11.0,0.0,4.67,35.33
2012,Baylor,13,8,5,0.615,578.0,484.0,94.0,65.0,64.0,64.0,13.0,10.0,0.0,5.0,37.23
2012,Central Michigan,13,7,6,0.538,375.0,421.0,-46.0,54.0,52.0,52.0,16.0,15.0,0.0,4.15,32.38
2012,Colorado,12,1,11,0.083,214.0,552.0,-338.0,73.0,71.0,67.0,18.0,15.0,0.0,6.08,46.0
2012,Duke,13,6,7,0.462,410.0,468.0,-58.0,60.0,58.0,57.0,24.0,17.0,0.0,4.62,36.0
2012,Eastern Michigan,12,2,10,0.167,256.0,451.0,-195.0,57.0,57.0,55.0,22.0,18.0,0.0,4.75,37.58
2012,Hawaii,12,3,9,0.25,254.0,428.0,-174.0,60.0,57.0,54.0,4.0,4.0,0.0,5.0,35.67
2012,Houston,12,5,7,0.417,389.0,432.0,-43.0,55.0,53.0,52.0,19.0,16.0,0.0,4.58,36.0
2012,Idaho,12,1,11,0.083,190.0,509.0,-319.0,69.0,67.0,66.0,14.0,9.0,0.0,5.75,42.42
2012,Louisiana Tech,12,9,3,0.75,618.0,462.0,156.0,61.0,59.0,56.0,15.0,12.0,0.0,5.08,38.5
2012,Marshall,12,5,7,0.417,491.0,517.0,-26.0,69.0,66.0,62.0,15.0,13.0,0.0,5.75,43.08
2012,Miami (OH),12,4,8,0.333,280.0,419.0,-139.0,55.0,53.0,52.0,18.0,11.0,1.0,4.58,34.92
2012,Nevada,13,7,6,0.538,492.0,439.0,53.0,57.0,51.0,49.0,15.0,14.0,0.0,4.38,33.77
2012,New Mexico State,12,1,11,0.083,224.0,473.0,-249.0,61.0,61.0,56.0,26.0,17.0,0.0,5.08,39.42
2012,Southern Mississippi,12,0,12,0.0,236.0,454.0,-218.0,60.0,59.0,55.0,19.0,13.0,0.0,5.0,37.83
2012,Tulane,12,2,10,0.167,257.0,461.0,-204.0,59.0,57.0,56.0,23.0,17.0,0.0,4.92,38.42
2012,UAB,12,3,9,0.25,339.0,450.0,-111.0,57.0,55.0,53.0,20.0,15.0,2.0,4.75,37.5
2012,West Virginia,13,7,6,0.538,513.0,495.0,18.0,64.0,61.0,61.0,22.0,14.0,3.0,4.92,38.08
2013,New Mexico State,12,2,10,0.167,251.0,535.0,-284.0,69.0,68.0,64.0,1.0,13.0,0.0,5.75,44.58
2014,Old Dominion,12,6,6,0.5,392.0,456.0,-64.0,61.0,59.0,59.0,0.0,9.0,0.0,5.08,38.0
2022,Arizona,12,5,7,0.417,370.0,438.0,-68.0,60.0,60.0,57.0,12.0,7.0,0.0,5.0,36.5
2022,Bowling Green,13,6,7,0.462,305.0,423.0,-118.0,54.0,50.0,50.0,17.0,13.0,0.0,4.15,32.54
2022,Charlotte,12,3,9,0.25,293.0,473.0,-180.0,62.0,55.0,53.0,18.0,14.0,0.0,5.17,39.42
2022,Colorado,12,1,11,0.083,185.0,534.0,-349.0,72.0,69.0,69.0,13.0,9.0,2.0,6.0,44.5
2022,Florida International,12,4,8,0.333,224.0,447.0,-223.0,58.0,54.0,53.0,18.0,14.0,1.0,4.83,37.25
2022,Hawaii,13,3,10,0.231,257.0,451.0,-194.0,55.0,53.0,53.0,28.0,22.0,0.0,4.23,34.69
2022,Kansas,13,6,7,0.462,463.0,461.0,2.0,58.0,53.0,52.0,22.0,17.0,1.0,4.46,35.46
2022,Louisiana Tech,12,3,9,0.25,348.0,455.0,-107.0,58.0,55.0,54.0,17.0,17.0,0.0,4.83,37.92
2022,North Carolina,14,9,5,0.643,482.0,431.0,51.0,57.0,52.0,52.0,19.0,11.0,0.0,4.07,30.79
2022,North Texas,14,7,7,0.5,473.0,444.0,29.0,55.0,54.0,53.0,25.0,19.0,1.0,3.93,31.71
2022,Rice,13,5,8,0.385,328.0,444.0,-116.0,57.0,55.0,55.0,19.0,15.0,0.0,4.38,34.15
2022,SMU,13,7,6,0.538,484.0,440.0,44.0,56.0,52.0,50.0,22.0,16.0,1.0,4.31,33.85
2022,South Florida,12,1,11,0.083,336.0,494.0,-158.0,64.0,62.0,61.0,18.0,15.0,1.0,5.33,41.17
2022,Texas Christian,15,13,2,0.867,582.0,435.0,147.0,55.0,51.0,50.0,23.0,17.0,0.0,3.67,29.0
2022,USC,14,11,3,0.786,579.0,409.0,170.0,54.0,47.0,45.0,13.0,10.0,1.0,3.86,29.21
2022,Vanderbilt,12,5,7,0.417,295.0,432.0,-137.0,56.0,52.0,51.0,17.0,15.0,0.0,4.67,36.0
2023,California,13,6,7,0.462,393.0,426.0,-33.0,55.0,51.0,50.0,21.0,14.0,0.0,4.23,32.77
2023,Colorado,12,4,8,0.333,338.0,418.0,-80.0,56.0,51.0,50.0,17.0,10.0,0.0,4.67,34.83
2023,Kent State,12,1,11,0.083,176.0,415.0,-239.0,55.0,53.0,53.0,12.0,10.0,0.0,4.58,34.58
2023,Massachusetts,12,3,9,0.25,278.0,454.0,-176.0,61.0,57.0,55.0,17.0,11.0,0.0,5.08,37.83
2023,North Texas,12,5,7,0.417,414.0,445.0,-31.0,60.0,55.0,52.0,13.0,9.0,0.0,5.0,37.08
2023,South Florida,13,7,6,0.538,415.0,419.0,-4.0,57.0,55.0,54.0,14.0,7.0,0.0,4.38,32.23
2023,Southern Mississippi,12,3,9,0.25,278.0,429.0,-151.0,56.0,53.0,53.0,15.0,12.0,0.0,4.67,35.75
2023,Stanford,12,3,9,0.25,247.0,452.0,-205.0,62.0,59.0,58.0,9.0,4.0,0.0,5.17,37.67
2023,Temple,12,3,9,0.25,253.0,428.0,-175.0,54.0,52.0,52.0,20.0,16.0,1.0,4.5,35.67
2023,Texas State,13,8,5,0.615,477.0,427.0,50.0,56.0,48.0,46.0,16.0,13.0,0.0,4.31,32.85
2023,UAB,12,4,8,0.333,359.0,443.0,-84.0,57.0,55.0,55.0,17.0,14.0,0.0,4.75,36.92
2023,USC,13,8,5,0.615,544.0,447.0,97.0,59.0,51.0,51.0,18.0,12.0,0.0,4.54,34.38
2023,Utah State,13,6,7,0.462,431.0,451.0,-20.0,59.0,55.0,54.0,17.0,13.0,0.0,4.54,34.69
2023,Vanderbilt,12,2,10,0.167,274.0,434.0,-160.0,54.0,51.0,50.0,23.0,20.0,0.0,4.5,36.17
2024,Arkansas State,13,8,5,0.615,336.0,418.0,-82.0,55.0,54.0,52.0,15.0,12.0,0.0,4.23,32.15
2024,Ball State,12,3,9,0.25,304.0,481.0,-177.0,63.0,56.0,53.0,15.0,14.0,0.0,5.25,40.08
2024,Charlotte,12,5,7,0.417,284.0,421.0,-137.0,54.0,52.0,50.0,23.0,15.0,1.0,4.5,35.08
2024,Kent State,12,0,12,0.0,167.0,529.0,-362.0,66.0,63.0,63.0,26.0,22.0,1.0,5.5,44.08
2024,Massachusetts,12,2,10,0.167,270.0,426.0,-156.0,55.0,53.0,52.0,14.0,14.0,0.0,4.58,35.5
2024,Middle Tennessee State,12,3,9,0.25,217.0,411.0,-194.0,54.0,52.0,50.0,15.0,11.0,2.0,4.5,34.25
2024,New Mexico,12,5,7,0.417,402.0,456.0,-54.0,59.0,55.0,55.0,20.0,15.0,0.0,4.92,38.0
2024,New Mexico State,12,3,9,0.25,259.0,435.0,-176.0,54.0,51.0,50.0,23.0,19.0,1.0,4.5,36.25
2024,North Texas,13,6,7,0.462,436.0,444.0,-8.0,54.0,48.0,47.0,26.0,23.0,0.0,4.15,34.15
2024,Oklahoma State,12,3,9,0.25,326.0,427.0,-101.0,56.0,55.0,55.0,18.0,12.0,0.0,4.67,35.58
2024,Purdue,12,1,11,0.083,189.0,479.0,-290.0,64.0,62.0,62.0,18.0,11.0,0.0,5.33,39.92
2024,Southern Mississippi,12,1,11,0.083,183.0,453.0,-270.0,58.0,58.0,55.0,20.0,16.0,0.0,4.83,37.75
2024,Temple,12,3,9,0.25,235.0,425.0,-190.0,55.0,50.0,49.0,16.0,12.0,1.0,4.58,35.42
2024,Texas Tech,13,8,5,0.615,489.0,453.0,36.0,57.0,52.0,49.0,27.0,20.0,1.0,4.38,34.85
2024,Tulsa,12,3,9,0.25,300.0,510.0,-210.0,69.0,67.0,65.0,13.0,7.0,0.0,5.75,42.5
2024,Utah State,12,4,8,0.333,383.0,453.0,-70.0,56.0,50.0,49.0,22.0,20.0,0.0,4.67,37.75
2024,West Virginia,13,6,7,0.462,379.0,415.0,-36.0,56.0,52.0,51.0,12.0,8.0,0.0,4.31,31.92
2025,Charlotte,12,1,11,0.083,172.0,436.0,-264.0,57.0,56.0,56.0,18.0,12.0,1.0,4.75,36.33
2025,Florida Atlantic,12,4,8,0.333,354.0,436.0,-82.0,56.0,50.0,50.0,17.0,14.0,1.0,4.67,36.33
2025,Georgia State,12,1,11,0.083,237.0,454.0,-217.0,58.0,54.0,54.0,21.0,16.0,0.0,4.83,37.83
2025,Massachusetts,12,0,12,0.0,133.0,463.0,-330.0,62.0,61.0,59.0,13.0,10.0,0.0,5.17,38.58
2025,Rice,13,5,8,0.385,248.0,428.0,-180.0,54.0,52.0,52.0,20.0,16.0,1.0,4.15,32.92
2025,Sam Houston,12,2,10,0.167,213.0,454.0,-241.0,57.0,54.0,53.0,26.0,19.0,0.0,4.75,37.83
2025,UAB,12,4,8,0.333,317.0,459.0,-142.0,60.0,57.0,57.0,13.0,12.0,0.0,5.0,38.25
2025,UCLA,12,3,9,0.25,218.0,401.0,-183.0,54.0,51.0,49.0,11.0,8.0,1.0,4.5,33.42
