season,team,cluster
2000,Air Force,9
2000,Akron,0
2000,Alabama,1
2000,Alabama-Birmingham,6
2000,Arizona,4
2000,Arizona State,4
2000,Arkansas,1
2000,Arkansas State,10
2000,Army,6
2000,Auburn,1
2000,Ball State,0
2000,Baylor,2
2000,Boise State,10
2000,Boston College,5
2000,Bowling Green,0
2000,Brigham Young,9
2000,Buffalo,0
2000,California,4
2000,Central Florida,0
2000,Central Michigan,0
2000,Cincinnati,6
2000,Clemson,8
2000,Colorado,2
2000,Colorado State,9
2000,Connecticut,0
2000,Duke,8
2000,East Carolina,6
2000,Eastern Michigan,0
2000,Florida,1
2000,Florida State,8
2000,Fresno State,7
2000,Georgia,1
2000,Georgia Tech,8
2000,Hawaii,7
2000,Houston,6
2000,Idaho,10
2000,Illinois,3
2000,Indiana,3
2000,Iowa,3
2000,Iowa State,2
2000,Kansas,2
2000,Kansas State,2
2000,Kent State,0
2000,Kentucky,1
2000,Louisiana,11
2000,Louisiana State,1
2000,Louisiana Tech,11
2000,Louisiana-Monroe,11
2000,Louisville,6
2000,Marshall,0
2000,Maryland,8
2000,Memphis,6
2000,Miami (FL),5
2000,Miami (OH),0
2000,Michigan,3
2000,Michigan State,3
2000,Middle Tennessee State,11
2000,Minnesota,3
2000,Mississippi,1
2000,Mississippi State,1
2000,Missouri,2
2000,Navy,5
2000,Nebraska,2
2000,Nevada,7
2000,Nevada-Las Vegas,9
2000,New Mexico,9
2000,New Mexico State,10
2000,North Carolina,8
2000,North Carolina State,8
2000,North Texas,10
2000,Northern Illinois,0
2000,Northwestern,3
2000,Notre Dame,5
2000,Ohio,0
2000,Ohio State,3
2000,Oklahoma,2
2000,Oklahoma State,2
2000,Oregon,4
2000,Oregon State,4
2000,Penn State,3
2000,Pittsburgh,5
2000,Purdue,3
2000,Rice,7
2000,Rutgers,5
2000,San Diego State,9
2000,San Jose State,7
2000,South Carolina,1
2000,South Florida,11
2000,Southern California,4
2000,Southern Methodist,7
2000,Southern Mississippi,6
2000,Stanford,4
2000,Syracuse,5
2000,Temple,5
2000,Tennessee,1
2000,Texas,2
2000,Texas A&M,2
2000,Texas Christian,7
2000,Texas Tech,2
2000,Texas-El Paso,7
2000,Toledo,0
2000,Tulane,6
2000,Tulsa,7
2000,UCLA,4
2000,Utah,9
2000,Utah State,10
2000,Vanderbilt,1
2000,Virginia,8
2000,Virginia Tech,5
2000,Wake Forest,8
2000,Washington,4
2000,Washington State,4
2000,West Virginia,5
2000,Western Michigan,0
2000,Wisconsin,3
2000,Wyoming,9
2001,Air Force,6
2001,Akron,0
2001,Alabama,2
2001,Alabama-Birmingham,4
2001,Arizona,5
2001,Arizona State,5
2001,Arkansas,2
2001,Arkansas State,8
2001,Army,4
2001,Auburn,2
2001,Ball State,0
2001,Baylor,1
2001,Boise State,7
2001,Boston College,3
2001,Bowling Green,0
2001,Brigham Young,6
2001,Buffalo,0
2001,California,5
2001,Central Florida,8
2001,Central Michigan,0
2001,Cincinnati,4
2001,Clemson,9
2001,Colorado,1
2001,Colorado State,6
2001,Connecticut,3
2001,Duke,9
2001,East Carolina,4
2001,Eastern Michigan,0
2001,Florida,2
2001,Florida State,9
2001,Fresno State,7
2001,Georgia,2
2001,Georgia Tech,9
2001,Hawaii,7
2001,Houston,4
2001,Idaho,8
2001,Illinois,10
2001,Indiana,11
2001,Iowa,11
2001,Iowa State,1
2001,Kansas,1
2001,Kansas State,1
2001,Kent State,0
2001,Kentucky,2
2001,Louisiana,8
2001,Louisiana State,2
2001,Louisiana Tech,7
2001,Louisiana-Monroe,8
2001,Louisville,4
2001,Marshall,0
2001,Maryland,9
2001,Memphis,4
2001,Miami (FL),3
2001,Miami (OH),0
2001,Michigan,10
2001,Michigan State,11
2001,Middle Tennessee State,8
2001,Minnesota,10
2001,Mississippi,2
2001,Mississippi State,2
2001,Missouri,1
2001,Navy,3
2001,Nebraska,1
2001,Nevada,7
2001,Nevada-Las Vegas,6
2001,New Mexico,6
2001,New Mexico State,8
2001,North Carolina,9
2001,North Carolina State,9
2001,North Texas,8
2001,Northern Illinois,0
2001,Northwestern,11
2001,Notre Dame,3
2001,Ohio,0
2001,Ohio State,10
2001,Oklahoma,1
2001,Oklahoma State,1
2001,Oregon,5
2001,Oregon State,5
2001,Penn State,11
2001,Pittsburgh,3
2001,Purdue,10
2001,Rice,7
2001,Rutgers,3
2001,San Diego State,6
2001,San Jose State,7
2001,South Carolina,2
2001,South Florida,6
2001,Southern California,5
2001,Southern Methodist,7
2001,Southern Mississippi,4
2001,Stanford,5
2001,Syracuse,3
2001,Temple,3
2001,Tennessee,2
2001,Texas,1
2001,Texas A&M,1
2001,Texas Christian,4
2001,Texas Tech,1
2001,Texas-El Paso,7
2001,Toledo,0
2001,Troy,8
2001,Tulane,4
2001,Tulsa,7
2001,UCLA,5
2001,Utah,6
2001,Utah State,6
2001,Vanderbilt,2
2001,Virginia,9
2001,Virginia Tech,3
2001,Wake Forest,9
2001,Washington,5
2001,Washington State,5
2001,West Virginia,3
2001,Western Michigan,0
2001,Wisconsin,10
2001,Wyoming,6
2002,Air Force,10
2002,Akron,0
2002,Alabama,2
2002,Alabama-Birmingham,3
2002,Arizona,6
2002,Arizona State,6
2002,Arkansas,2
2002,Arkansas State,9
2002,Army,3
2002,Auburn,2
2002,Ball State,0
2002,Baylor,1
2002,Boise State,7
2002,Boston College,8
2002,Bowling Green,0
2002,Brigham Young,10
2002,Buffalo,0
2002,California,6
2002,Central Florida,0
2002,Central Michigan,0
2002,Cincinnati,3
2002,Clemson,5
2002,Colorado,1
2002,Colorado State,10
2002,Connecticut,0
2002,Duke,5
2002,East Carolina,3
2002,Eastern Michigan,0
2002,Florida,2
2002,Florida State,5
2002,Fresno State,7
2002,Georgia,2
2002,Georgia Tech,5
2002,Hawaii,7
2002,Houston,3
2002,Idaho,9
2002,Illinois,4
2002,Indiana,4
2002,Iowa,4
2002,Iowa State,1
2002,Kansas,1
2002,Kansas State,1
2002,Kent State,0
2002,Kentucky,2
2002,Louisiana,9
2002,Louisiana State,2
2002,Louisiana Tech,7
2002,Louisiana-Monroe,9
2002,Louisville,3
2002,Marshall,0
2002,Maryland,5
2002,Memphis,3
2002,Miami (FL),8
2002,Miami (OH),0
2002,Michigan,4
2002,Michigan State,4
2002,Middle Tennessee State,9
2002,Minnesota,4
2002,Mississippi,2
2002,Mississippi State,2
2002,Missouri,1
2002,Navy,5
2002,Nebraska,1
2002,Nevada,7
2002,Nevada-Las Vegas,10
2002,New Mexico,10
2002,New Mexico State,9
2002,North Carolina,5
2002,North Carolina State,5
2002,North Texas,9
2002,Northern Illinois,0
2002,Northwestern,4
2002,Notre Dame,8
2002,Ohio,0
2002,Ohio State,4
2002,Oklahoma,1
2002,Oklahoma State,1
2002,Oregon,6
2002,Oregon State,6
2002,Penn State,4
2002,Pittsburgh,8
2002,Purdue,4
2002,Rice,7
2002,Rutgers,8
2002,San Diego State,10
2002,San Jose State,7
2002,South Carolina,2
2002,South Florida,3
2002,Southern California,6
2002,Southern Methodist,7
2002,Southern Mississippi,3
2002,Stanford,6
2002,Syracuse,8
2002,Temple,8
2002,Tennessee,2
2002,Texas,1
2002,Texas A&M,1
2002,Texas Christian,3
2002,Texas Tech,1
2002,Texas-El Paso,7
2002,Toledo,0
2002,Troy,1
2002,Tulane,3
2002,Tulsa,7
2002,UCLA,6
2002,Utah,10
2002,Utah State,9
2002,Vanderbilt,2
2002,Virginia,5
2002,Virginia Tech,8
2002,Wake Forest,5
2002,Washington,6
2002,Washington State,6
2002,West Virginia,8
2002,Western Michigan,0
2002,Wisconsin,4
2002,Wyoming,10
2003,Air Force,9
2003,Akron,8
2003,Alabama,12
2003,Alabama-Birmingham,1
2003,Arizona,3
2003,Arizona State,3
2003,Arkansas,12
2003,Arkansas State,6
2003,Army,1
2003,Auburn,12
2003,Ball State,10
2003,Baylor,0
2003,Boise State,4
2003,Boston College,7
2003,Bowling Green,10
2003,Brigham Young,9
2003,Buffalo,8
2003,California,3
2003,Central Florida,8
2003,Central Michigan,10
2003,Cincinnati,1
2003,Clemson,5
2003,Colorado,0
2003,Colorado State,9
2003,Connecticut,8
2003,Duke,5
2003,East Carolina,1
2003,Eastern Michigan,10
2003,Florida,11
2003,Florida State,5
2003,Fresno State,4
2003,Georgia,11
2003,Georgia Tech,5
2003,Hawaii,4
2003,Houston,1
2003,Idaho,6
2003,Illinois,2
2003,Indiana,2
2003,Iowa,2
2003,Iowa State,0
2003,Kansas,0
2003,Kansas State,0
2003,Kent State,8
2003,Kentucky,11
2003,Louisiana,6
2003,Louisiana State,12
2003,Louisiana Tech,4
2003,Louisiana-Monroe,6
2003,Louisville,1
2003,Marshall,8
2003,Maryland,5
2003,Memphis,1
2003,Miami (FL),7
2003,Miami (OH),8
2003,Michigan,2
2003,Michigan State,2
2003,Middle Tennessee State,6
2003,Minnesota,2
2003,Mississippi,12
2003,Mississippi State,12
2003,Missouri,0
2003,Navy,1
2003,Nebraska,0
2003,Nevada,4
2003,Nevada-Las Vegas,9
2003,New Mexico,9
2003,New Mexico State,6
2003,North Carolina,5
2003,North Carolina State,5
2003,North Texas,6
2003,Northern Illinois,10
2003,Northwestern,2
2003,Notre Dame,7
2003,Ohio,8
2003,Ohio State,2
2003,Oklahoma,0
2003,Oklahoma State,0
2003,Oregon,3
2003,Oregon State,3
2003,Penn State,2
2003,Pittsburgh,7
2003,Purdue,2
2003,Rice,4
2003,Rutgers,7
2003,San Diego State,9
2003,San Jose State,4
2003,South Carolina,11
2003,South Florida,1
2003,Southern California,3
2003,Southern Methodist,4
2003,Southern Mississippi,1
2003,Stanford,3
2003,Syracuse,7
2003,Temple,7
2003,Tennessee,11
2003,Texas,0
2003,Texas A&M,0
2003,Texas Christian,1
2003,Texas Tech,0
2003,Texas-El Paso,4
2003,Toledo,10
2003,Troy,6
2003,Tulane,1
2003,Tulsa,4
2003,UCLA,3
2003,Utah,9
2003,Utah State,6
2003,Vanderbilt,11
2003,Virginia,5
2003,Virginia Tech,7
2003,Wake Forest,5
2003,Washington,3
2003,Washington State,3
2003,West Virginia,7
2003,Western Michigan,10
2003,Wisconsin,2
2003,Wyoming,9
2004,Air Force,8
2004,Akron,0
2004,Alabama,1
2004,Alabama-Birmingham,6
2004,Arizona,4
2004,Arizona State,4
2004,Arkansas,1
2004,Arkansas State,3
2004,Army,6
2004,Auburn,1
2004,Ball State,0
2004,Baylor,2
2004,Boise State,7
2004,Boston College,9
2004,Bowling Green,0
2004,Brigham Young,8
2004,Buffalo,0
2004,California,4
2004,Central Florida,0
2004,Central Michigan,0
2004,Cincinnati,6
2004,Clemson,10
2004,Colorado,2
2004,Colorado State,8
2004,Connecticut,9
2004,Duke,11
2004,East Carolina,6
2004,Eastern Michigan,0
2004,Florida,1
2004,Florida A&M,3
2004,Florida Atlantic,3
2004,Florida International,3
2004,Florida State,10
2004,Fresno State,7
2004,Georgia,1
2004,Georgia Tech,11
2004,Hawaii,7
2004,Houston,6
2004,Idaho,3
2004,Illinois,5
2004,Indiana,5
2004,Iowa,5
2004,Iowa State,2
2004,Kansas,2
2004,Kansas State,2
2004,Kent State,0
2004,Kentucky,1
2004,Louisiana,3
2004,Louisiana State,1
2004,Louisiana Tech,7
2004,Louisiana-Monroe,3
2004,Louisville,6
2004,Marshall,0
2004,Maryland,11
2004,Memphis,6
2004,Miami (FL),10
2004,Miami (OH),0
2004,Michigan,5
2004,Michigan State,5
2004,Middle Tennessee State,3
2004,Minnesota,5
2004,Mississippi,1
2004,Mississippi State,1
2004,Missouri,2
2004,Navy,7
2004,Nebraska,2
2004,Nevada,7
2004,Nevada-Las Vegas,8
2004,New Mexico,8
2004,New Mexico State,3
2004,North Carolina,10
2004,North Carolina State,10
2004,North Texas,3
2004,Northern Illinois,0
2004,Northwestern,5
2004,Notre Dame,4
2004,Ohio,0
2004,Ohio State,5
2004,Oklahoma,2
2004,Oklahoma State,2
2004,Oregon,4
2004,Oregon State,4
2004,Penn State,5
2004,Pittsburgh,9
2004,Purdue,5
2004,Rice,7
2004,Rutgers,9
2004,San Diego State,8
2004,San Jose State,7
2004,South Carolina,1
2004,South Florida,6
2004,Southern California,4
2004,Southern Methodist,7
2004,Southern Mississippi,6
2004,Stanford,4
2004,Syracuse,9
2004,Temple,9
2004,Tennessee,1
2004,Texas,2
2004,Texas A&M,2
2004,Texas Christian,6
2004,Texas Tech,2
2004,Texas-El Paso,7
2004,Toledo,0
2004,Troy,3
2004,Tulane,6
2004,Tulsa,7
2004,UCLA,4
2004,Utah,8
2004,Utah State,3
2004,Vanderbilt,1
2004,Virginia,11
2004,Virginia Tech,11
2004,Wake Forest,10
2004,Washington,4
2004,Washington State,4
2004,West Virginia,9
2004,Western Michigan,0
2004,Wisconsin,5
2004,Wyoming,8
2005,Air Force,4
2005,Akron,0
2005,Alabama,1
2005,Alabama-Birmingham,3
2005,Arizona,5
2005,Arizona State,5
2005,Arkansas,1
2005,Arkansas State,9
2005,Army,4
2005,Auburn,1
2005,Ball State,0
2005,Baylor,2
2005,Boise State,7
2005,Boston College,11
2005,Bowling Green,0
2005,Brigham Young,4
2005,Buffalo,0
2005,California,5
2005,Central Florida,3
2005,Central Michigan,0
2005,Cincinnati,8
2005,Clemson,10
2005,Colorado,2
2005,Colorado State,4
2005,Connecticut,8
2005,Duke,10
2005,East Carolina,3
2005,Eastern Michigan,0
2005,Florida,1
2005,Florida Atlantic,9
2005,Florida International,9
2005,Florida State,10
2005,Fresno State,7
2005,Georgia,1
2005,Georgia Tech,10
2005,Hawaii,7
2005,Houston,3
2005,Idaho,7
2005,Illinois,6
2005,Indiana,6
2005,Iowa,6
2005,Iowa State,2
2005,Kansas,2
2005,Kansas State,2
2005,Kent State,0
2005,Kentucky,1
2005,Louisiana,9
2005,Louisiana State,1
2005,Louisiana Tech,7
2005,Louisiana-Monroe,9
2005,Louisville,8
2005,Marshall,3
2005,Maryland,11
2005,Memphis,3
2005,Miami (FL),10
2005,Miami (OH),0
2005,Michigan,6
2005,Michigan State,6
2005,Middle Tennessee State,9
2005,Minnesota,6
2005,Mississippi,1
2005,Mississippi State,1
2005,Missouri,2
2005,Navy,4
2005,Nebraska,2
2005,Nevada,7
2005,Nevada-Las Vegas,4
2005,New Mexico,4
2005,New Mexico State,7
2005,North Carolina,11
2005,North Carolina State,11
2005,North Texas,9
2005,Northern Illinois,0
2005,Northwestern,6
2005,Notre Dame,5
2005,Ohio,0
2005,Ohio State,6
2005,Oklahoma,2
2005,Oklahoma State,2
2005,Oregon,5
2005,Oregon State,5
2005,Penn State,6
2005,Pittsburgh,8
2005,Purdue,6
2005,Rice,3
2005,Rutgers,8
2005,San Diego State,4
2005,San Jose State,7
2005,South Carolina,1
2005,South Florida,8
2005,Southern California,5
2005,Southern Methodist,3
2005,Southern Mississippi,3
2005,Stanford,5
2005,Syracuse,8
2005,Temple,0
2005,Tennessee,1
2005,Texas,2
2005,Texas A&M,2
2005,Texas Christian,4
2005,Texas Tech,2
2005,Texas-El Paso,3
2005,Toledo,0
2005,Troy,9
2005,Tulane,3
2005,Tulsa,3
2005,UCLA,5
2005,Utah,4
2005,Utah State,7
2005,Vanderbilt,1
2005,Virginia,11
2005,Virginia Tech,11
2005,Wake Forest,10
2005,Washington,5
2005,Washington State,5
2005,West Virginia,8
2005,Western Michigan,0
2005,Wisconsin,6
2005,Wyoming,4
2006,Air Force,0
2006,Akron,2
2006,Alabama,6
2006,Alabama-Birmingham,1
2006,Arizona,7
2006,Arizona State,7
2006,Arkansas,6
2006,Arkansas State,9
2006,Army,1
2006,Auburn,6
2006,Ball State,2
2006,Baylor,4
2006,Boise State,0
2006,Boston College,3
2006,Bowling Green,2
2006,Brigham Young,0
2006,Buffalo,2
2006,California,7
2006,Central Florida,1
2006,Central Michigan,2
2006,Cincinnati,8
2006,Clemson,3
2006,Colorado,4
2006,Colorado State,0
2006,Connecticut,8
2006,Duke,3
2006,East Carolina,1
2006,Eastern Michigan,2
2006,Florida,6
2006,Florida Atlantic,9
2006,Florida International,9
2006,Florida State,3
2006,Fresno State,0
2006,Georgia,6
2006,Georgia Tech,3
2006,Hawaii,0
2006,Houston,1
2006,Idaho,0
2006,Illinois,5
2006,Indiana,5
2006,Iowa,5
2006,Iowa State,4
2006,Kansas,4
2006,Kansas State,4
2006,Kent State,2
2006,Kentucky,6
2006,Louisiana,9
2006,Louisiana State,6
2006,Louisiana Tech,0
2006,Louisiana-Monroe,9
2006,Louisville,8
2006,Marshall,1
2006,Maryland,3
2006,Memphis,1
2006,Miami (FL),3
2006,Miami (OH),2
2006,Michigan,5
2006,Michigan State,5
2006,Middle Tennessee State,9
2006,Minnesota,5
2006,Mississippi,6
2006,Mississippi State,6
2006,Missouri,4
2006,Navy,1
2006,Nebraska,4
2006,Nevada,0
2006,Nevada-Las Vegas,0
2006,New Mexico,0
2006,New Mexico State,0
2006,North Carolina,3
2006,North Carolina State,3
2006,North Texas,9
2006,Northern Illinois,2
2006,Northwestern,5
2006,Notre Dame,5
2006,Ohio,2
2006,Ohio State,5
2006,Oklahoma,4
2006,Oklahoma State,4
2006,Oregon,7
2006,Oregon State,7
2006,Penn State,5
2006,Pittsburgh,8
2006,Purdue,5
2006,Rice,1
2006,Rutgers,8
2006,San Diego State,0
2006,San Jose State,0
2006,South Carolina,6
2006,South Florida,8
2006,Southern California,7
2006,Southern Methodist,1
2006,Southern Mississippi,1
2006,Stanford,7
2006,Syracuse,8
2006,Temple,2
2006,Tennessee,6
2006,Texas,4
2006,Texas A&M,4
2006,Texas Christian,0
2006,Texas Tech,4
2006,Texas-El Paso,1
2006,Toledo,2
2006,Troy,9
2006,Tulane,1
2006,Tulsa,1
2006,UCLA,7
2006,Utah,0
2006,Utah State,0
2006,Vanderbilt,6
2006,Virginia,3
2006,Virginia Tech,3
2006,Wake Forest,3
2006,Washington,7
2006,Washington State,7
2006,West Virginia,8
2006,Western Michigan,2
2006,Wisconsin,5
2006,Wyoming,0
2007,Air Force,7
2007,Akron,0
2007,Alabama,1
2007,Alabama-Birmingham,3
2007,Arizona,6
2007,Arizona State,6
2007,Arkansas,1
2007,Arkansas State,9
2007,Army,0
2007,Auburn,1
2007,Ball State,0
2007,Baylor,5
2007,Boise State,8
2007,Boston College,2
2007,Bowling Green,0
2007,Brigham Young,7
2007,Buffalo,0
2007,California,6
2007,Central Florida,3
2007,Central Michigan,0
2007,Cincinnati,10
2007,Clemson,2
2007,Colorado,5
2007,Colorado State,7
2007,Connecticut,10
2007,Duke,2
2007,East Carolina,3
2007,Eastern Michigan,0
2007,Florida,1
2007,Florida Atlantic,9
2007,Florida International,9
2007,Florida State,2
2007,Fresno State,8
2007,Georgia,1
2007,Georgia Tech,2
2007,Hawaii,8
2007,Houston,3
2007,Idaho,8
2007,Illinois,4
2007,Indiana,4
2007,Iowa,4
2007,Iowa State,5
2007,Kansas,5
2007,Kansas State,5
2007,Kent State,0
2007,Kentucky,1
2007,Louisiana,9
2007,Louisiana State,1
2007,Louisiana Tech,8
2007,Louisiana-Monroe,9
2007,Louisville,10
2007,Marshall,3
2007,Maryland,2
2007,Memphis,3
2007,Miami (FL),2
2007,Miami (OH),0
2007,Michigan,4
2007,Michigan State,4
2007,Middle Tennessee State,9
2007,Minnesota,4
2007,Mississippi,1
2007,Mississippi State,1
2007,Missouri,5
2007,Navy,0
2007,Nebraska,5
2007,Nevada,8
2007,Nevada-Las Vegas,7
2007,New Mexico,7
2007,New Mexico State,8
2007,North Carolina,2
2007,North Carolina State,2
2007,North Texas,9
2007,Northern Illinois,0
2007,Northwestern,4
2007,Notre Dame,4
2007,Ohio,0
2007,Ohio State,4
2007,Oklahoma,5
2007,Oklahoma State,5
2007,Oregon,6
2007,Oregon State,6
2007,Penn State,4
2007,Pittsburgh,10
2007,Purdue,4
2007,Rice,3
2007,Rutgers,10
2007,San Diego State,7
2007,San Jose State,8
2007,South Carolina,1
2007,South Florida,10
2007,Southern California,6
2007,Southern Methodist,3
2007,Southern Mississippi,3
2007,Stanford,6
2007,Syracuse,10
2007,Temple,0
2007,Tennessee,1
2007,Texas,5
2007,Texas A&M,5
2007,Texas Christian,7
2007,Texas Tech,5
2007,Texas-El Paso,3
2007,Toledo,0
2007,Troy,9
2007,Tulane,3
2007,Tulsa,3
2007,UCLA,6
2007,Utah,7
2007,Utah State,8
2007,Vanderbilt,1
2007,Virginia,2
2007,Virginia Tech,2
2007,Wake Forest,2
2007,Washington,6
2007,Washington State,6
2007,West Virginia,10
2007,Western Kentucky,9
2007,Western Michigan,0
2007,Wisconsin,4
2007,Wyoming,7
2008,Air Force,6
2008,Akron,0
2008,Alabama,10
2008,Alabama-Birmingham,1
2008,Arizona,4
2008,Arizona State,4
2008,Arkansas,10
2008,Arkansas State,8
2008,Army,0
2008,Auburn,10
2008,Ball State,0
2008,Baylor,3
2008,Boise State,7
2008,Boston College,2
2008,Bowling Green,0
2008,Brigham Young,6
2008,Buffalo,0
2008,California,4
2008,Central Florida,1
2008,Central Michigan,0
2008,Cincinnati,9
2008,Clemson,2
2008,Colorado,3
2008,Colorado State,6
2008,Connecticut,9
2008,Duke,2
2008,East Carolina,1
2008,Eastern Michigan,0
2008,Florida,11
2008,Florida Atlantic,8
2008,Florida International,8
2008,Florida State,2
2008,Fresno State,7
2008,Georgia,11
2008,Georgia Tech,2
2008,Hawaii,7
2008,Houston,1
2008,Idaho,7
2008,Illinois,5
2008,Indiana,5
2008,Iowa,5
2008,Iowa State,3
2008,Kansas,3
2008,Kansas State,3
2008,Kent State,0
2008,Kentucky,11
2008,Louisiana,8
2008,Louisiana State,10
2008,Louisiana Tech,7
2008,Louisiana-Monroe,8
2008,Louisville,9
2008,Marshall,1
2008,Maryland,2
2008,Memphis,1
2008,Miami (FL),2
2008,Miami (OH),0
2008,Michigan,5
2008,Michigan State,5
2008,Middle Tennessee State,8
2008,Minnesota,5
2008,Mississippi,10
2008,Mississippi State,10
2008,Missouri,3
2008,Navy,0
2008,Nebraska,3
2008,Nevada,7
2008,Nevada-Las Vegas,6
2008,New Mexico,6
2008,New Mexico State,7
2008,North Carolina,2
2008,North Carolina State,2
2008,North Texas,8
2008,Northern Illinois,0
2008,Northwestern,5
2008,Notre Dame,4
2008,Ohio,0
2008,Ohio State,5
2008,Oklahoma,3
2008,Oklahoma State,3
2008,Oregon,4
2008,Oregon State,4
2008,Penn State,5
2008,Pittsburgh,9
2008,Purdue,5
2008,Rice,1
2008,Rutgers,9
2008,San Diego State,6
2008,San Jose State,7
2008,South Carolina,11
2008,South Florida,9
2008,Southern California,4
2008,Southern Methodist,1
2008,Southern Mississippi,1
2008,Stanford,4
2008,Syracuse,9
2008,Temple,0
2008,Tennessee,11
2008,Texas,3
2008,Texas A&M,3
2008,Texas Christian,6
2008,Texas Tech,3
2008,Texas-El Paso,1
2008,Toledo,0
2008,Troy,8
2008,Tulane,1
2008,Tulsa,1
2008,UCLA,4
2008,Utah,6
2008,Utah State,7
2008,Vanderbilt,11
2008,Virginia,2
2008,Virginia Tech,2
2008,Wake Forest,2
2008,Washington,4
2008,Washington State,4
2008,West Virginia,9
2008,Western Kentucky,8
2008,Western Michigan,0
2008,Wisconsin,5
2008,Wyoming,6
2009,Air Force,8
2009,Akron,0
2009,Alabama,3
2009,Alabama-Birmingham,1
2009,Arizona,5
2009,Arizona State,5
2009,Arkansas,3
2009,Arkansas State,9
2009,Army,0
2009,Auburn,3
2009,Ball State,0
2009,Baylor,2
2009,Boise State,7
2009,Boston College,4
2009,Bowling Green,0
2009,Brigham Young,8
2009,Buffalo,0
2009,California,5
2009,Central Florida,1
2009,Central Michigan,0
2009,Cincinnati,10
2009,Clemson,4
2009,Colorado,2
2009,Colorado State,8
2009,Connecticut,10
2009,Duke,4
2009,East Carolina,1
2009,Eastern Michigan,0
2009,Florida,3
2009,Florida Atlantic,9
2009,Florida International,9
2009,Florida State,4
2009,Fresno State,7
2009,Georgia,3
2009,Georgia Tech,4
2009,Hawaii,7
2009,Houston,1
2009,Idaho,7
2009,Illinois,6
2009,Indiana,6
2009,Iowa,6
2009,Iowa State,2
2009,Kansas,2
2009,Kansas State,2
2009,Kent State,0
2009,Kentucky,3
2009,Louisiana,9
2009,Louisiana State,3
2009,Louisiana Tech,7
2009,Louisiana-Monroe,9
2009,Louisville,10
2009,Marshall,1
2009,Maryland,4
2009,Memphis,1
2009,Miami (FL),4
2009,Miami (OH),0
2009,Michigan,6
2009,Michigan State,6
2009,Middle Tennessee State,9
2009,Minnesota,6
2009,Mississippi,3
2009,Mississippi State,3
2009,Missouri,2
2009,Navy,7
2009,Nebraska,2
2009,Nevada,7
2009,Nevada-Las Vegas,8
2009,New Mexico,8
2009,New Mexico State,7
2009,North Carolina,4
2009,North Carolina State,4
2009,North Texas,9
2009,Northern Illinois,0
2009,Northwestern,6
2009,Notre Dame,5
2009,Ohio,0
2009,Ohio State,6
2009,Oklahoma,2
2009,Oklahoma State,2
2009,Oregon,5
2009,Oregon State,5
2009,Penn State,6
2009,Pittsburgh,10
2009,Purdue,6
2009,Rice,1
2009,Rutgers,10
2009,San Diego State,8
2009,San Jose State,7
2009,South Carolina,3
2009,South Florida,10
2009,Southern California,5
2009,Southern Methodist,1
2009,Southern Mississippi,1
2009,Stanford,5
2009,Syracuse,10
2009,Temple,0
2009,Tennessee,3
2009,Texas,2
2009,Texas A&M,2
2009,Texas Christian,8
2009,Texas Tech,2
2009,Texas-El Paso,1
2009,Toledo,0
2009,Troy,9
2009,Tulane,1
2009,Tulsa,1
2009,UCLA,5
2009,Utah,8
2009,Utah State,7
2009,Vanderbilt,3
2009,Virginia,4
2009,Virginia Tech,4
2009,Wake Forest,4
2009,Washington,5
2009,Washington State,5
2009,West Virginia,10
2009,Western Kentucky,9
2009,Western Michigan,0
2009,Wisconsin,6
2009,Wyoming,8
2010,Air Force,9
2010,Akron,0
2010,Alabama,2
2010,Alabama-Birmingham,4
2010,Arizona,6
2010,Arizona State,6
2010,Arkansas,2
2010,Arkansas State,8
2010,Army,0
2010,Auburn,2
2010,Ball State,0
2010,Baylor,3
2010,Boise State,7
2010,Boston College,1
2010,Bowling Green,0
2010,Brigham Young,9
2010,Buffalo,0
2010,California,6
2010,Central Florida,4
2010,Central Michigan,0
2010,Cincinnati,10
2010,Clemson,1
2010,Colorado,3
2010,Colorado State,9
2010,Connecticut,10
2010,Duke,1
2010,East Carolina,4
2010,Eastern Michigan,0
2010,Florida,2
2010,Florida Atlantic,8
2010,Florida International,8
2010,Florida State,1
2010,Fresno State,7
2010,Georgia,2
2010,Georgia Tech,1
2010,Hawaii,7
2010,Houston,4
2010,Idaho,7
2010,Illinois,5
2010,Indiana,5
2010,Iowa,5
2010,Iowa State,3
2010,Kansas,3
2010,Kansas State,3
2010,Kent State,0
2010,Kentucky,2
2010,Louisiana,8
2010,Louisiana State,2
2010,Louisiana Tech,7
2010,Louisiana-Monroe,8
2010,Louisville,10
2010,Marshall,4
2010,Maryland,1
2010,Memphis,4
2010,Miami (FL),1
2010,Miami (OH),0
2010,Michigan,5
2010,Michigan State,5
2010,Middle Tennessee State,8
2010,Minnesota,5
2010,Mississippi,2
2010,Mississippi State,2
2010,Missouri,3
2010,Navy,1
2010,Nebraska,3
2010,Nevada,7
2010,Nevada-Las Vegas,9
2010,New Mexico,9
2010,New Mexico State,7
2010,North Carolina,1
2010,North Carolina State,1
2010,North Texas,8
2010,Northern Illinois,0
2010,Northwestern,5
2010,Notre Dame,5
2010,Ohio,0
2010,Ohio State,5
2010,Oklahoma,3
2010,Oklahoma State,3
2010,Oregon,6
2010,Oregon State,6
2010,Penn State,5
2010,Pittsburgh,10
2010,Purdue,5
2010,Rice,4
2010,Rutgers,10
2010,San Diego State,9
2010,San Jose State,7
2010,South Carolina,2
2010,South Florida,10
2010,Southern California,6
2010,Southern Methodist,4
2010,Southern Mississippi,4
2010,Stanford,6
2010,Syracuse,10
2010,Temple,0
2010,Tennessee,2
2010,Texas,3
2010,Texas A&M,3
2010,Texas Christian,9
2010,Texas Tech,3
2010,Texas-El Paso,4
2010,Toledo,0
2010,Troy,8
2010,Tulane,4
2010,Tulsa,4
2010,UCLA,6
2010,Utah,9
2010,Utah State,7
2010,Vanderbilt,2
2010,Virginia,1
2010,Virginia Tech,1
2010,Wake Forest,1
2010,Washington,6
2010,Washington State,6
2010,West Virginia,10
2010,Western Kentucky,8
2010,Western Michigan,0
2010,Wisconsin,5
2010,Wyoming,9
2011,Air Force,9
2011,Akron,0
2011,Alabama,3
2011,Alabama-Birmingham,10
2011,Arizona,2
2011,Arizona State,2
2011,Arkansas,3
2011,Arkansas State,7
2011,Army,0
2011,Auburn,3
2011,Ball State,0
2011,Baylor,5
2011,Boise State,9
2011,Boston College,1
2011,Bowling Green,0
2011,Brigham Young,6
2011,Buffalo,0
2011,California,2
2011,Central Florida,10
2011,Central Michigan,0
2011,Cincinnati,8
2011,Clemson,1
2011,Colorado,2
2011,Colorado State,9
2011,Connecticut,8
2011,Duke,1
2011,East Carolina,10
2011,Eastern Michigan,0
2011,Florida,3
2011,Florida Atlantic,7
2011,Florida International,7
2011,Florida State,1
2011,Fresno State,6
2011,Georgia,3
2011,Georgia Tech,1
2011,Hawaii,6
2011,Houston,11
2011,Idaho,6
2011,Illinois,4
2011,Indiana,4
2011,Iowa,4
2011,Iowa State,5
2011,Kansas,5
2011,Kansas State,5
2011,Kent State,0
2011,Kentucky,3
2011,Louisiana,7
2011,Louisiana State,3
2011,Louisiana Tech,6
2011,Louisiana-Monroe,7
2011,Louisville,8
2011,Marshall,10
2011,Maryland,1
2011,Memphis,10
2011,Miami (FL),1
2011,Miami (OH),0
2011,Michigan,4
2011,Michigan State,4
2011,Middle Tennessee State,7
2011,Minnesota,4
2011,Mississippi,3
2011,Mississippi State,3
2011,Missouri,5
2011,Navy,10
2011,Nebraska,4
2011,Nevada,6
2011,Nevada-Las Vegas,9
2011,New Mexico,9
2011,New Mexico State,6
2011,North Carolina,1
2011,North Carolina State,1
2011,North Texas,7
2011,Northern Illinois,0
2011,Northwestern,4
2011,Notre Dame,1
2011,Ohio,0
2011,Ohio State,4
2011,Oklahoma,5
2011,Oklahoma State,5
2011,Oregon,2
2011,Oregon State,2
2011,Penn State,4
2011,Pittsburgh,8
2011,Purdue,4
2011,Rice,11
2011,Rutgers,8
2011,San Diego State,9
2011,San Jose State,6
2011,South Carolina,3
2011,South Florida,8
2011,Southern California,2
2011,Southern Methodist,11
2011,Southern Mississippi,10
2011,Stanford,2
2011,Syracuse,8
2011,Temple,0
2011,Tennessee,3
2011,Texas,5
2011,Texas A&M,5
2011,Texas Christian,9
2011,Texas Tech,5
2011,Texas-El Paso,11
2011,Toledo,0
2011,Troy,7
2011,Tulane,11
2011,Tulsa,11
2011,UCLA,2
2011,Utah,2
2011,Utah State,6
2011,Vanderbilt,3
2011,Virginia,1
2011,Virginia Tech,1
2011,Wake Forest,1
2011,Washington,2
2011,Washington State,2
2011,West Virginia,8
2011,Western Kentucky,7
2011,Western Michigan,0
2011,Wisconsin,4
2011,Wyoming,9
2012,Air Force,5
2012,Akron,0
2012,Alabama,11
2012,Alabama-Birmingham,3
2012,Arizona,2
2012,Arizona State,2
2012,Arkansas,11
2012,Arkansas State,7
2012,Army,0
2012,Auburn,11
2012,Ball State,0
2012,Baylor,6
2012,Boise State,5
2012,Boston College,4
2012,Bowling Green,0
2012,Brigham Young,9
2012,Buffalo,0
2012,California,2
2012,Central Florida,3
2012,Central Michigan,0
2012,Cincinnati,8
2012,Clemson,4
2012,Colorado,2
2012,Colorado State,5
2012,Connecticut,8
2012,Duke,4
2012,East Carolina,3
2012,Eastern Michigan,0
2012,Florida,10
2012,Florida Atlantic,7
2012,Florida International,7
2012,Florida State,4
2012,Fresno State,5
2012,Georgia,10
2012,Georgia Tech,4
2012,Hawaii,5
2012,Houston,3
2012,Idaho,9
2012,Illinois,1
2012,Indiana,1
2012,Iowa,1
2012,Iowa State,6
2012,Kansas,6
2012,Kansas State,6
2012,Kent State,0
2012,Kentucky,10
2012,Louisiana,7
2012,Louisiana State,11
2012,Louisiana Tech,9
2012,Louisiana-Monroe,7
2012,Louisville,8
2012,Marshall,3
2012,Maryland,4
2012,Massachusetts,0
2012,Memphis,3
2012,Miami (FL),4
2012,Miami (OH),0
2012,Michigan,1
2012,Michigan State,1
2012,Middle Tennessee State,7
2012,Minnesota,1
2012,Mississippi,11
2012,Mississippi State,11
2012,Missouri,10
2012,Navy,1
2012,Nebraska,1
2012,Nevada,5
2012,Nevada-Las Vegas,5
2012,New Mexico,5
2012,New Mexico State,9
2012,North Carolina,4
2012,North Carolina State,4
2012,North Texas,7
2012,Northern Illinois,0
2012,Northwestern,1
2012,Notre Dame,1
2012,Ohio,0
2012,Ohio State,1
2012,Oklahoma,6
2012,Oklahoma State,6
2012,Oregon,2
2012,Oregon State,2
2012,Penn State,1
2012,Pittsburgh,8
2012,Purdue,1
2012,Rice,3
2012,Rutgers,8
2012,San Diego State,5
2012,San Jose State,9
2012,South Alabama,7
2012,South Carolina,10
2012,South Florida,8
2012,Southern California,2
2012,Southern Methodist,3
2012,Southern Mississippi,3
2012,Stanford,2
2012,Syracuse,8
2012,Temple,8
2012,Tennessee,10
2012,Texas,6
2012,Texas A&M,11
2012,Texas Christian,6
2012,Texas State,9
2012,Texas Tech,6
2012,Texas-El Paso,3
2012,Texas-San Antonio,9
2012,Toledo,0
2012,Troy,7
2012,Tulane,3
2012,Tulsa,3
2012,UCLA,2
2012,Utah,2
2012,Utah State,9
2012,Vanderbilt,10
2012,Virginia,4
2012,Virginia Tech,4
2012,Wake Forest,4
2012,Washington,2
2012,Washington State,2
2012,West Virginia,6
2012,Western Kentucky,7
2012,Western Michigan,0
2012,Wisconsin,1
2012,Wyoming,5
2013,Air Force,0
2013,Akron,1
2013,Alabama,9
2013,Alabama-Birmingham,11
2013,Arizona,3
2013,Arizona State,3
2013,Arkansas,9
2013,Arkansas State,6
2013,Army,0
2013,Auburn,9
2013,Ball State,1
2013,Baylor,4
2013,Boise State,0
2013,Boston College,10
2013,Bowling Green,1
2013,Brigham Young,0
2013,Buffalo,1
2013,California,3
2013,Central Florida,5
2013,Central Michigan,1
2013,Cincinnati,5
2013,Clemson,10
2013,Colorado,3
2013,Colorado State,0
2013,Connecticut,5
2013,Duke,7
2013,East Carolina,11
2013,Eastern Michigan,1
2013,Florida,12
2013,Florida Atlantic,11
2013,Florida International,11
2013,Florida State,10
2013,Fresno State,0
2013,Georgia,12
2013,Georgia State,6
2013,Georgia Tech,7
2013,Hawaii,0
2013,Houston,5
2013,Idaho,6
2013,Illinois,2
2013,Indiana,2
2013,Iowa,2
2013,Iowa State,4
2013,Kansas,4
2013,Kansas State,4
2013,Kent State,1
2013,Kentucky,12
2013,Louisiana,6
2013,Louisiana State,9
2013,Louisiana Tech,8
2013,Louisiana-Monroe,6
2013,Louisville,5
2013,Marshall,11
2013,Maryland,10
2013,Massachusetts,1
2013,Memphis,5
2013,Miami (FL),7
2013,Miami (OH),1
2013,Michigan,2
2013,Michigan State,2
2013,Middle Tennessee State,11
2013,Minnesota,2
2013,Mississippi,9
2013,Mississippi State,9
2013,Missouri,12
2013,Navy,0
2013,Nebraska,2
2013,Nevada,0
2013,Nevada-Las Vegas,0
2013,New Mexico,0
2013,New Mexico State,8
2013,North Carolina,7
2013,North Carolina State,10
2013,North Texas,8
2013,Northern Illinois,1
2013,Northwestern,2
2013,Notre Dame,2
2013,Ohio,1
2013,Ohio State,2
2013,Oklahoma,4
2013,Oklahoma State,4
2013,Old Dominion,7
2013,Oregon,3
2013,Oregon State,3
2013,Penn State,2
2013,Pittsburgh,7
2013,Purdue,2
2013,Rice,8
2013,Rutgers,5
2013,San Diego State,0
2013,San Jose State,0
2013,South Alabama,6
2013,South Carolina,12
2013,South Florida,5
2013,Southern California,3
2013,Southern Methodist,5
2013,Southern Mississippi,11
2013,Stanford,3
2013,Syracuse,10
2013,Temple,5
2013,Tennessee,12
2013,Texas,4
2013,Texas A&M,9
2013,Texas Christian,4
2013,Texas State,6
2013,Texas Tech,4
2013,Texas-El Paso,8
2013,Texas-San Antonio,8
2013,Toledo,1
2013,Troy,6
2013,Tulane,8
2013,Tulsa,8
2013,UCLA,3
2013,Utah,3
2013,Utah State,0
2013,Vanderbilt,12
2013,Virginia,7
2013,Virginia Tech,7
2013,Wake Forest,10
2013,Washington,3
2013,Washington State,3
2013,West Virginia,4
2013,Western Kentucky,6
2013,Western Michigan,1
2013,Wisconsin,2
2013,Wyoming,0
2014,Air Force,2
2014,Akron,0
2014,Alabama,9
2014,Alabama-Birmingham,3
2014,Appalachian State,4
2014,Arizona,5
2014,Arizona State,5
2014,Arkansas,11
2014,Arkansas State,4
2014,Army,0
2014,Auburn,11
2014,Ball State,0
2014,Baylor,7
2014,Boise State,2
2014,Boston College,8
2014,Bowling Green,0
2014,Brigham Young,2
2014,Buffalo,0
2014,California,5
2014,Central Florida,6
2014,Central Michigan,0
2014,Cincinnati,6
2014,Clemson,8
2014,Colorado,5
2014,Colorado State,2
2014,Connecticut,6
2014,Duke,10
2014,East Carolina,6
2014,Eastern Michigan,0
2014,Florida,9
2014,Florida Atlantic,3
2014,Florida International,3
2014,Florida State,8
2014,Fresno State,2
2014,Georgia,11
2014,Georgia Southern,4
2014,Georgia State,4
2014,Georgia Tech,10
2014,Hawaii,2
2014,Houston,6
2014,Idaho,4
2014,Illinois,1
2014,Indiana,1
2014,Iowa,1
2014,Iowa State,7
2014,Kansas,7
2014,Kansas State,7
2014,Kent State,0
2014,Kentucky,9
2014,Louisiana,4
2014,Louisiana State,9
2014,Louisiana Tech,3
2014,Louisiana-Monroe,4
2014,Louisville,8
2014,Marshall,3
2014,Maryland,1
2014,Massachusetts,0
2014,Memphis,6
2014,Miami (FL),10
2014,Miami (OH),0
2014,Michigan,1
2014,Michigan State,1
2014,Middle Tennessee State,3
2014,Minnesota,1
2014,Mississippi,9
2014,Mississippi State,9
2014,Missouri,11
2014,Navy,4
2014,Nebraska,1
2014,Nevada,2
2014,Nevada-Las Vegas,2
2014,New Mexico,2
2014,New Mexico State,4
2014,North Carolina,10
2014,North Carolina State,8
2014,North Texas,3
2014,Northern Illinois,0
2014,Northwestern,1
2014,Notre Dame,8
2014,Ohio,0
2014,Ohio State,1
2014,Oklahoma,7
2014,Oklahoma State,7
2014,Old Dominion,3
2014,Oregon,5
2014,Oregon State,5
2014,Penn State,1
2014,Pittsburgh,10
2014,Purdue,1
2014,Rice,3
2014,Rutgers,1
2014,San Diego State,2
2014,San Jose State,2
2014,South Alabama,4
2014,South Carolina,11
2014,South Florida,6
2014,Southern California,5
2014,Southern Methodist,6
2014,Southern Mississippi,3
2014,Stanford,5
2014,Syracuse,8
2014,Temple,6
2014,Tennessee,9
2014,Texas,7
2014,Texas A&M,11
2014,Texas Christian,7
2014,Texas State,4
2014,Texas Tech,7
2014,Texas-El Paso,3
2014,Texas-San Antonio,3
2014,Toledo,0
2014,Troy,4
2014,Tulane,6
2014,Tulsa,6
2014,UCLA,5
2014,Utah,5
2014,Utah State,2
2014,Vanderbilt,9
2014,Virginia,10
2014,Virginia Tech,10
2014,Wake Forest,8
2014,Washington,5
2014,Washington State,5
2014,West Virginia,7
2014,Western Kentucky,3
2014,Western Michigan,0
2014,Wisconsin,1
2014,Wyoming,2
2015,Air Force,5
2015,Akron,2
2015,Alabama,0
2015,Appalachian State,7
2015,Arizona,6
2015,Arizona State,6
2015,Arkansas,0
2015,Arkansas State,7
2015,Army,3
2015,Auburn,0
2015,Ball State,2
2015,Baylor,8
2015,Boise State,5
2015,Boston College,9
2015,Bowling Green,2
2015,Brigham Young,5
2015,Buffalo,2
2015,California,6
2015,Central Florida,3
2015,Central Michigan,2
2015,Charlotte,4
2015,Cincinnati,3
2015,Clemson,9
2015,Colorado,6
2015,Colorado State,5
2015,Connecticut,3
2015,Duke,10
2015,East Carolina,3
2015,Eastern Michigan,2
2015,Florida,0
2015,Florida Atlantic,4
2015,Florida International,4
2015,Florida State,9
2015,Fresno State,5
2015,Georgia,0
2015,Georgia Southern,7
2015,Georgia State,7
2015,Georgia Tech,10
2015,Hawaii,5
2015,Houston,3
2015,Idaho,7
2015,Illinois,1
2015,Indiana,1
2015,Iowa,1
2015,Iowa State,8
2015,Kansas,8
2015,Kansas State,8
2015,Kent State,2
2015,Kentucky,0
2015,Louisiana,7
2015,Louisiana State,0
2015,Louisiana Tech,4
2015,Louisiana-Monroe,7
2015,Louisville,9
2015,Marshall,4
2015,Maryland,1
2015,Massachusetts,2
2015,Memphis,3
2015,Miami (FL),10
2015,Miami (OH),2
2015,Michigan,1
2015,Michigan State,1
2015,Middle Tennessee State,4
2015,Minnesota,1
2015,Mississippi,0
2015,Mississippi State,0
2015,Missouri,0
2015,Navy,3
2015,Nebraska,1
2015,Nevada,5
2015,Nevada-Las Vegas,5
2015,New Mexico,5
2015,New Mexico State,7
2015,North Carolina,10
2015,North Carolina State,9
2015,North Texas,4
2015,Northern Illinois,2
2015,Northwestern,1
2015,Notre Dame,9
2015,Ohio,2
2015,Ohio State,1
2015,Oklahoma,8
2015,Oklahoma State,8
2015,Old Dominion,4
2015,Oregon,6
2015,Oregon State,6
2015,Penn State,1
2015,Pittsburgh,10
2015,Purdue,1
2015,Rice,4
2015,Rutgers,1
2015,San Diego State,5
2015,San Jose State,5
2015,South Alabama,7
2015,South Carolina,0
2015,South Florida,3
2015,Southern California,6
2015,Southern Methodist,3
2015,Southern Mississippi,4
2015,Stanford,6
2015,Syracuse,9
2015,Temple,3
2015,Tennessee,0
2015,Texas,8
2015,Texas A&M,0
2015,Texas Christian,8
2015,Texas State,7
2015,Texas Tech,8
2015,Texas-El Paso,4
2015,Texas-San Antonio,4
2015,Toledo,2
2015,Troy,7
2015,Tulane,3
2015,Tulsa,3
2015,UCLA,6
2015,Utah,6
2015,Utah State,5
2015,Vanderbilt,0
2015,Virginia,10
2015,Virginia Tech,10
2015,Wake Forest,9
2015,Washington,6
2015,Washington State,6
2015,West Virginia,8
2015,Western Kentucky,4
2015,Western Michigan,2
2015,Wisconsin,1
2015,Wyoming,5
2016,Air Force,5
2016,Akron,11
2016,Alabama,0
2016,Appalachian State,6
2016,Arizona,3
2016,Arizona State,3
2016,Arkansas,0
2016,Arkansas State,6
2016,Army,1
2016,Auburn,0
2016,Ball State,10
2016,Baylor,7
2016,Boise State,5
2016,Boston College,9
2016,Bowling Green,11
2016,Brigham Young,3
2016,Buffalo,11
2016,California,3
2016,Central Florida,4
2016,Central Michigan,10
2016,Charlotte,1
2016,Cincinnati,4
2016,Clemson,9
2016,Colorado,3
2016,Colorado State,5
2016,Connecticut,4
2016,Duke,8
2016,East Carolina,4
2016,Eastern Michigan,10
2016,Florida,0
2016,Florida Atlantic,1
2016,Florida International,1
2016,Florida State,9
2016,Fresno State,5
2016,Georgia,0
2016,Georgia Southern,6
2016,Georgia State,6
2016,Georgia Tech,8
2016,Hawaii,5
2016,Houston,4
2016,Idaho,6
2016,Illinois,2
2016,Indiana,2
2016,Iowa,2
2016,Iowa State,7
2016,Kansas,7
2016,Kansas State,7
2016,Kent State,11
2016,Kentucky,0
2016,Louisiana,6
2016,Louisiana State,0
2016,Louisiana Tech,1
2016,Louisiana-Monroe,6
2016,Louisville,9
2016,Marshall,1
2016,Maryland,2
2016,Massachusetts,0
2016,Memphis,4
2016,Miami (FL),8
2016,Miami (OH),11
2016,Michigan,2
2016,Michigan State,2
2016,Middle Tennessee State,1
2016,Minnesota,2
2016,Mississippi,0
2016,Mississippi State,0
2016,Missouri,0
2016,Navy,4
2016,Nebraska,2
2016,Nevada,5
2016,Nevada-Las Vegas,5
2016,New Mexico,5
2016,New Mexico State,6
2016,North Carolina,8
2016,North Carolina State,9
2016,North Texas,1
2016,Northern Illinois,10
2016,Northwestern,2
2016,Notre Dame,8
2016,Ohio,11
2016,Ohio State,2
2016,Oklahoma,7
2016,Oklahoma State,7
2016,Old Dominion,1
2016,Oregon,3
2016,Oregon State,3
2016,Penn State,2
2016,Pittsburgh,8
2016,Purdue,2
2016,Rice,1
2016,Rutgers,2
2016,San Diego State,5
2016,San Jose State,5
2016,South Alabama,6
2016,South Carolina,0
2016,South Florida,4
2016,Southern California,3
2016,Southern Methodist,4
2016,Southern Mississippi,1
2016,Stanford,3
2016,Syracuse,9
2016,Temple,4
2016,Tennessee,0
2016,Texas,7
2016,Texas A&M,0
2016,Texas Christian,7
2016,Texas State,6
2016,Texas Tech,7
2016,Texas-El Paso,1
2016,Texas-San Antonio,1
2016,Toledo,10
2016,Troy,6
2016,Tulane,4
2016,Tulsa,4
2016,UCLA,3
2016,Utah,3
2016,Utah State,5
2016,Vanderbilt,0
2016,Virginia,8
2016,Virginia Tech,8
2016,Wake Forest,9
2016,Washington,3
2016,Washington State,3
2016,West Virginia,7
2016,Western Kentucky,1
2016,Western Michigan,10
2016,Wisconsin,2
2016,Wyoming,5
2017,Air Force,2
2017,Akron,3
2017,Alabama,9
2017,Alabama-Birmingham,8
2017,Appalachian State,1
2017,Arizona,4
2017,Arizona State,4
2017,Arkansas,9
2017,Arkansas State,1
2017,Army,8
2017,Auburn,9
2017,Ball State,3
2017,Baylor,6
2017,Boise State,2
2017,Boston College,7
2017,Bowling Green,3
2017,Brigham Young,2
2017,Buffalo,3
2017,California,4
2017,Central Florida,5
2017,Central Michigan,3
2017,Charlotte,10
2017,Cincinnati,5
2017,Clemson,7
2017,Coastal Carolina,1
2017,Colorado,4
2017,Colorado State,2
2017,Connecticut,5
2017,Duke,12
2017,East Carolina,5
2017,Eastern Michigan,3
2017,Florida,11
2017,Florida Atlantic,10
2017,Florida International,10
2017,Florida State,7
2017,Fresno State,2
2017,Georgia,11
2017,Georgia Southern,1
2017,Georgia State,1
2017,Georgia Tech,12
2017,Hawaii,2
2017,Houston,5
2017,Idaho,1
2017,Illinois,0
2017,Indiana,0
2017,Iowa,0
2017,Iowa State,6
2017,Kansas,6
2017,Kansas State,6
2017,Kent State,3
2017,Kentucky,11
2017,Liberty,6
2017,Louisiana,1
2017,Louisiana State,9
2017,Louisiana Tech,8
2017,Louisiana-Monroe,1
2017,Louisville,7
2017,Marshall,10
2017,Maryland,0
2017,Massachusetts,1
2017,Memphis,5
2017,Miami (FL),12
2017,Miami (OH),3
2017,Michigan,0
2017,Michigan State,0
2017,Middle Tennessee State,10
2017,Minnesota,0
2017,Mississippi,9
2017,Mississippi State,9
2017,Missouri,11
2017,Navy,5
2017,Nebraska,0
2017,Nevada,2
2017,Nevada-Las Vegas,2
2017,New Mexico,2
2017,New Mexico State,1
2017,North Carolina,12
2017,North Carolina State,7
2017,North Texas,8
2017,Northern Illinois,3
2017,Northwestern,0
2017,Notre Dame,7
2017,Ohio,3
2017,Ohio State,0
2017,Oklahoma,6
2017,Oklahoma State,6
2017,Old Dominion,10
2017,Oregon,4
2017,Oregon State,4
2017,Penn State,0
2017,Pittsburgh,12
2017,Purdue,0
2017,Rice,8
2017,Rutgers,0
2017,San Diego State,2
2017,San Jose State,2
2017,South Alabama,1
2017,South Carolina,11
2017,South Florida,5
2017,Southern California,4
2017,Southern Methodist,5
2017,Southern Mississippi,8
2017,Stanford,4
2017,Syracuse,7
2017,Temple,5
2017,Tennessee,11
2017,Texas,6
2017,Texas A&M,9
2017,Texas Christian,6
2017,Texas State,1
2017,Texas Tech,6
2017,Texas-El Paso,8
2017,Texas-San Antonio,8
2017,Toledo,3
2017,Troy,1
2017,Tulane,5
2017,Tulsa,5
2017,UCLA,4
2017,Utah,4
2017,Utah State,2
2017,Vanderbilt,11
2017,Virginia,12
2017,Virginia Tech,12
2017,Wake Forest,7
2017,Washington,4
2017,Washington State,4
2017,West Virginia,6
2017,Western Kentucky,10
2017,Western Michigan,3
2017,Wisconsin,0
2017,Wyoming,2
2018,Air Force,2
2018,Akron,4
2018,Alabama,8
2018,Alabama-Birmingham,12
2018,Appalachian State,1
2018,Arizona,3
2018,Arizona State,3
2018,Arkansas,8
2018,Arkansas State,1
2018,Army,2
2018,Auburn,8
2018,Ball State,4
2018,Baylor,6
2018,Boise State,2
2018,Boston College,7
2018,Bowling Green,4
2018,Brigham Young,3
2018,Buffalo,4
2018,California,3
2018,Central Florida,5
2018,Central Michigan,4
2018,Charlotte,9
2018,Cincinnati,5
2018,Clemson,7
2018,Coastal Carolina,1
2018,Colorado,3
2018,Colorado State,2
2018,Connecticut,5
2018,Duke,11
2018,East Carolina,5
2018,Eastern Michigan,4
2018,Florida,10
2018,Florida Atlantic,9
2018,Florida International,9
2018,Florida State,7
2018,Fresno State,2
2018,Georgia,10
2018,Georgia Southern,1
2018,Georgia State,1
2018,Georgia Tech,11
2018,Hawaii,2
2018,Houston,5
2018,Illinois,0
2018,Indiana,0
2018,Iowa,0
2018,Iowa State,6
2018,Kansas,6
2018,Kansas State,6
2018,Kent State,4
2018,Kentucky,10
2018,Liberty,1
2018,Louisiana,1
2018,Louisiana State,8
2018,Louisiana Tech,12
2018,Louisiana-Monroe,1
2018,Louisville,7
2018,Marshall,9
2018,Maryland,0
2018,Massachusetts,1
2018,Memphis,5
2018,Miami (FL),11
2018,Miami (OH),4
2018,Michigan,0
2018,Michigan State,0
2018,Middle Tennessee State,9
2018,Minnesota,0
2018,Mississippi,8
2018,Mississippi State,8
2018,Missouri,10
2018,Navy,5
2018,Nebraska,0
2018,Nevada,2
2018,Nevada-Las Vegas,2
2018,New Mexico,2
2018,New Mexico State,1
2018,North Carolina,11
2018,North Carolina State,7
2018,North Texas,12
2018,Northern Illinois,4
2018,Northwestern,0
2018,Notre Dame,7
2018,Ohio,4
2018,Ohio State,0
2018,Oklahoma,6
2018,Oklahoma State,6
2018,Old Dominion,9
2018,Oregon,3
2018,Oregon State,3
2018,Penn State,0
2018,Pittsburgh,11
2018,Purdue,0
2018,Rice,12
2018,Rutgers,0
2018,San Diego State,2
2018,San Jose State,2
2018,South Alabama,1
2018,South Carolina,10
2018,South Florida,5
2018,Southern California,3
2018,Southern Methodist,5
2018,Southern Mississippi,12
2018,Stanford,3
2018,Syracuse,7
2018,Temple,5
2018,Tennessee,10
2018,Texas,6
2018,Texas A&M,8
2018,Texas Christian,6
2018,Texas State,1
2018,Texas Tech,6
2018,Texas-El Paso,12
2018,Texas-San Antonio,12
2018,Toledo,4
2018,Troy,1
2018,Tulane,5
2018,Tulsa,5
2018,UCLA,3
2018,Utah,3
2018,Utah State,2
2018,Vanderbilt,10
2018,Virginia,11
2018,Virginia Tech,11
2018,Wake Forest,7
2018,Washington,3
2018,Washington State,3
2018,West Virginia,6
2018,Western Kentucky,9
2018,Western Michigan,4
2018,Wisconsin,0
2018,Wyoming,2
2019,Air Force,1
2019,Akron,4
2019,Alabama,9
2019,Alabama-Birmingham,0
2019,Appalachian State,6
2019,Arizona,3
2019,Arizona State,3
2019,Arkansas,9
2019,Arkansas State,6
2019,Army,0
2019,Auburn,9
2019,Ball State,4
2019,Baylor,7
2019,Boise State,1
2019,Boston College,10
2019,Bowling Green,4
2019,Brigham Young,1
2019,Buffalo,4
2019,California,3
2019,Central Florida,5
2019,Central Michigan,4
2019,Charlotte,0
2019,Cincinnati,5
2019,Clemson,10
2019,Coastal Carolina,6
2019,Colorado,3
2019,Colorado State,1
2019,Connecticut,5
2019,Duke,8
2019,East Carolina,5
2019,Eastern Michigan,4
2019,Florida,11
2019,Florida Atlantic,0
2019,Florida International,0
2019,Florida State,10
2019,Fresno State,1
2019,Georgia,11
2019,Georgia Southern,6
2019,Georgia State,6
2019,Georgia Tech,8
2019,Hawaii,1
2019,Houston,5
2019,Illinois,2
2019,Indiana,2
2019,Iowa,2
2019,Iowa State,7
2019,Kansas,7
2019,Kansas State,7
2019,Kent State,4
2019,Kentucky,11
2019,Liberty,1
2019,Louisiana,6
2019,Louisiana State,9
2019,Louisiana Tech,0
2019,Louisiana-Monroe,6
2019,Louisville,10
2019,Marshall,0
2019,Maryland,2
2019,Massachusetts,0
2019,Memphis,5
2019,Miami (FL),8
2019,Miami (OH),4
2019,Michigan,2
2019,Michigan State,2
2019,Middle Tennessee State,0
2019,Minnesota,2
2019,Mississippi,9
2019,Mississippi State,9
2019,Missouri,11
2019,Navy,5
2019,Nebraska,2
2019,Nevada,1
2019,Nevada-Las Vegas,1
2019,New Mexico,1
2019,New Mexico State,1
2019,North Carolina,8
2019,North Carolina State,10
2019,North Texas,0
2019,Northern Illinois,4
2019,Northwestern,2
2019,Notre Dame,8
2019,Ohio,4
2019,Ohio State,2
2019,Oklahoma,7
2019,Oklahoma State,7
2019,Old Dominion,0
2019,Oregon,3
2019,Oregon State,3
2019,Penn State,2
2019,Pittsburgh,8
2019,Purdue,2
2019,Rice,0
2019,Rutgers,2
2019,San Diego State,1
2019,San Jose State,1
2019,South Alabama,6
2019,South Carolina,11
2019,South Florida,5
2019,Southern California,3
2019,Southern Methodist,5
2019,Southern Mississippi,0
2019,Stanford,3
2019,Syracuse,10
2019,Temple,5
2019,Tennessee,11
2019,Texas,7
2019,Texas A&M,9
2019,Texas Christian,7
2019,Texas State,6
2019,Texas Tech,7
2019,Texas-El Paso,0
2019,Texas-San Antonio,0
2019,Toledo,4
2019,Troy,6
2019,Tulane,5
2019,Tulsa,5
2019,UCLA,3
2019,Utah,3
2019,Utah State,1
2019,Vanderbilt,11
2019,Virginia,8
2019,Virginia Tech,8
2019,Wake Forest,10
2019,Washington,3
2019,Washington State,3
2019,West Virginia,7
2019,Western Kentucky,0
2019,Western Michigan,4
2019,Wisconsin,2
2019,Wyoming,1
2020,Air Force,3
2020,Akron,11
2020,Alabama,1
2020,Alabama-Birmingham,9
2020,Appalachian State,5
2020,Arizona,12
2020,Arizona State,12
2020,Arkansas,1
2020,Arkansas State,5
2020,Army,4
2020,Auburn,1
2020,Ball State,10
2020,Baylor,6
2020,Boise State,3
2020,Boston College,0
2020,Bowling Green,11
2020,Brigham Young,5
2020,Buffalo,11
2020,California,8
2020,Central Florida,4
2020,Central Michigan,10
2020,Charlotte,7
2020,Cincinnati,4
2020,Clemson,0
2020,Coastal Carolina,5
2020,Colorado,12
2020,Colorado State,3
2020,Duke,0
2020,East Carolina,4
2020,Eastern Michigan,10
2020,Florida,1
2020,Florida Atlantic,7
2020,Florida International,7
2020,Florida State,0
2020,Fresno State,3
2020,Georgia,1
2020,Georgia Southern,5
2020,Georgia State,5
2020,Georgia Tech,0
2020,Hawaii,3
2020,Houston,4
2020,Illinois,2
2020,Indiana,2
2020,Iowa,2
2020,Iowa State,6
2020,Kansas,6
2020,Kansas State,6
2020,Kent State,11
2020,Kentucky,1
2020,Liberty,7
2020,Louisiana,5
2020,Louisiana State,1
2020,Louisiana Tech,9
2020,Louisiana-Monroe,5
2020,Louisville,0
2020,Marshall,7
2020,Maryland,2
2020,Massachusetts,7
2020,Memphis,4
2020,Miami (FL),0
2020,Miami (OH),11
2020,Michigan,2
2020,Michigan State,2
2020,Middle Tennessee State,7
2020,Minnesota,2
2020,Mississippi,1
2020,Mississippi State,1
2020,Missouri,1
2020,Navy,4
2020,Nebraska,2
2020,Nevada,3
2020,Nevada-Las Vegas,3
2020,New Mexico,3
2020,North Carolina,0
2020,North Carolina State,0
2020,North Texas,9
2020,Northern Illinois,10
2020,Northwestern,2
2020,Notre Dame,0
2020,Ohio,11
2020,Ohio State,2
2020,Oklahoma,6
2020,Oklahoma State,6
2020,Oregon,8
2020,Oregon State,8
2020,Penn State,2
2020,Pittsburgh,0
2020,Purdue,2
2020,Rice,9
2020,Rutgers,2
2020,San Diego State,3
2020,San Jose State,3
2020,South Alabama,5
2020,South Carolina,1
2020,South Florida,4
2020,Southern California,12
2020,Southern Methodist,4
2020,Southern Mississippi,9
2020,Stanford,8
2020,Syracuse,0
2020,Temple,4
2020,Tennessee,1
2020,Texas,6
2020,Texas A&M,1
2020,Texas Christian,6
2020,Texas State,5
2020,Texas Tech,6
2020,Texas-El Paso,9
2020,Texas-San Antonio,9
2020,Toledo,10
2020,Troy,5
2020,Tulane,4
2020,Tulsa,4
2020,UCLA,12
2020,Utah,8
2020,Utah State,3
2020,Vanderbilt,1
2020,Virginia,0
2020,Virginia Tech,0
2020,Wake Forest,0
2020,Washington,8
2020,Washington State,8
2020,West Virginia,6
2020,Western Kentucky,7
2020,Western Michigan,10
2020,Wisconsin,2
2020,Wyoming,3
2021,Air Force,2
2021,Akron,3
2021,Alabama,9
2021,Alabama-Birmingham,0
2021,Appalachian State,5
2021,Arizona,1
2021,Arizona State,1
2021,Arkansas,9
2021,Arkansas State,5
2021,Army,7
2021,Auburn,9
2021,Ball State,3
2021,Baylor,6
2021,Boise State,2
2021,Boston College,7
2021,Bowling Green,3
2021,Brigham Young,1
2021,Buffalo,3
2021,California,1
2021,Central Florida,4
2021,Central Michigan,3
2021,Charlotte,0
2021,Cincinnati,4
2021,Clemson,7
2021,Coastal Carolina,5
2021,Colorado,1
2021,Colorado State,2
2021,Connecticut,7
2021,Duke,8
2021,East Carolina,4
2021,Eastern Michigan,3
2021,Florida,10
2021,Florida Atlantic,0
2021,Florida International,0
2021,Florida State,7
2021,Fresno State,2
2021,Georgia,10
2021,Georgia Southern,5
2021,Georgia State,5
2021,Georgia Tech,8
2021,Hawaii,2
2021,Houston,4
2021,Illinois,11
2021,Indiana,12
2021,Iowa,11
2021,Iowa State,6
2021,Kansas,6
2021,Kansas State,6
2021,Kent State,3
2021,Kentucky,10
2021,Liberty,0
2021,Louisiana,5
2021,Louisiana State,9
2021,Louisiana Tech,0
2021,Louisiana-Monroe,5
2021,Louisville,7
2021,Marshall,0
2021,Maryland,12
2021,Massachusetts,7
2021,Memphis,4
2021,Miami (FL),8
2021,Miami (OH),3
2021,Michigan,12
2021,Michigan State,12
2021,Middle Tennessee State,0
2021,Minnesota,11
2021,Mississippi,9
2021,Mississippi State,9
2021,Missouri,10
2021,Navy,4
2021,Nebraska,11
2021,Nevada,2
2021,Nevada-Las Vegas,2
2021,New Mexico,2
2021,New Mexico State,2
2021,North Carolina,8
2021,North Carolina State,7
2021,North Texas,0
2021,Northern Illinois,3
2021,Northwestern,11
2021,Notre Dame,8
2021,Ohio,3
2021,Ohio State,12
2021,Oklahoma,6
2021,Oklahoma State,6
2021,Old Dominion,0
2021,Oregon,1
2021,Oregon State,1
2021,Penn State,12
2021,Pittsburgh,8
2021,Purdue,11
2021,Rice,0
2021,Rutgers,12
2021,San Diego State,2
2021,San Jose State,2
2021,South Alabama,5
2021,South Carolina,10
2021,South Florida,4
2021,Southern California,1
2021,Southern Methodist,4
2021,Southern Mississippi,0
2021,Stanford,1
2021,Syracuse,7
2021,Temple,4
2021,Tennessee,10
2021,Texas,6
2021,Texas A&M,9
2021,Texas Christian,6
2021,Texas State,5
2021,Texas Tech,6
2021,Texas-El Paso,0
2021,Texas-San Antonio,0
2021,Toledo,3
2021,Troy,5
2021,Tulane,4
2021,Tulsa,4
2021,UCLA,1
2021,Utah,1
2021,Utah State,2
2021,Vanderbilt,10
2021,Virginia,8
2021,Virginia Tech,8
2021,Wake Forest,7
2021,Washington,1
2021,Washington State,1
2021,West Virginia,6
2021,Western Kentucky,0
2021,Western Michigan,3
2021,Wisconsin,11
2021,Wyoming,2
2022,Air Force,2
2022,Akron,3
2022,Alabama,9
2022,Alabama-Birmingham,5
2022,Appalachian State,8
2022,Arizona,4
2022,Arizona State,4
2022,Arkansas,9
2022,Arkansas State,11
2022,Army,8
2022,Auburn,9
2022,Ball State,3
2022,Baylor,7
2022,Boise State,2
2022,Boston College,0
2022,Bowling Green,3
2022,Brigham Young,2
2022,Buffalo,3
2022,California,4
2022,Central Florida,6
2022,Central Michigan,3
2022,Charlotte,5
2022,Cincinnati,6
2022,Clemson,0
2022,Coastal Carolina,8
2022,Colorado,4
2022,Colorado State,2
2022,Connecticut,0
2022,Duke,0
2022,East Carolina,6
2022,Eastern Michigan,3
2022,Florida,10
2022,Florida Atlantic,5
2022,Florida International,5
2022,Florida State,0
2022,Fresno State,2
2022,Georgia,10
2022,Georgia Southern,8
2022,Georgia State,8
2022,Georgia Tech,0
2022,Hawaii,2
2022,Houston,6
2022,Illinois,1
2022,Indiana,1
2022,Iowa,1
2022,Iowa State,7
2022,James Madison,8
2022,Kansas,7
2022,Kansas State,7
2022,Kent State,3
2022,Kentucky,10
2022,Liberty,0
2022,Louisiana,11
2022,Louisiana State,9
2022,Louisiana Tech,5
2022,Louisiana-Monroe,11
2022,Louisville,0
2022,Marshall,8
2022,Maryland,1
2022,Massachusetts,3
2022,Memphis,6
2022,Miami (FL),0
2022,Miami (OH),3
2022,Michigan,1
2022,Michigan State,1
2022,Middle Tennessee State,5
2022,Minnesota,1
2022,Mississippi,9
2022,Mississippi State,9
2022,Missouri,10
2022,Navy,6
2022,Nebraska,1
2022,Nevada,2
2022,Nevada-Las Vegas,2
2022,New Mexico,2
2022,New Mexico State,2
2022,North Carolina,0
2022,North Carolina State,0
2022,North Texas,5
2022,Northern Illinois,3
2022,Northwestern,1
2022,Notre Dame,0
2022,Ohio,3
2022,Ohio State,1
2022,Oklahoma,7
2022,Oklahoma State,7
2022,Old Dominion,8
2022,Oregon,4
2022,Oregon State,4
2022,Penn State,1
2022,Pittsburgh,0
2022,Purdue,1
2022,Rice,5
2022,Rutgers,1
2022,San Diego State,2
2022,San Jose State,2
2022,South Alabama,11
2022,South Carolina,10
2022,South Florida,6
2022,Southern California,4
2022,Southern Methodist,6
2022,Southern Mississippi,11
2022,Stanford,4
2022,Syracuse,0
2022,Temple,6
2022,Tennessee,10
2022,Texas,7
2022,Texas A&M,9
2022,Texas Christian,7
2022,Texas State,11
2022,Texas Tech,7
2022,Texas-El Paso,5
2022,Texas-San Antonio,5
2022,Toledo,3
2022,Troy,11
2022,Tulane,6
2022,Tulsa,6
2022,UCLA,4
2022,Utah,4
2022,Utah State,2
2022,Vanderbilt,10
2022,Virginia,0
2022,Virginia Tech,0
2022,Wake Forest,0
2022,Washington,4
2022,Washington State,4
2022,West Virginia,7
2022,Western Kentucky,5
2022,Western Michigan,3
2022,Wisconsin,1
2022,Wyoming,2
2023,Air Force,5
2023,Akron,4
2023,Alabama,8
2023,Alabama-Birmingham,2
2023,Appalachian State,9
2023,Arizona,11
2023,Arizona State,11
2023,Arkansas,8
2023,Arkansas State,7
2023,Army,7
2023,Auburn,8
2023,Ball State,4
2023,Baylor,1
2023,Boise State,5
2023,Boston College,0
2023,Bowling Green,4
2023,Brigham Young,1
2023,Buffalo,4
2023,California,12
2023,Central Florida,1
2023,Central Michigan,4
2023,Charlotte,2
2023,Cincinnati,1
2023,Clemson,0
2023,Coastal Carolina,9
2023,Colorado,11
2023,Colorado State,5
2023,Connecticut,0
2023,Duke,0
2023,East Carolina,2
2023,Eastern Michigan,4
2023,Florida,10
2023,Florida Atlantic,2
2023,Florida International,6
2023,Florida State,0
2023,Fresno State,5
2023,Georgia,10
2023,Georgia Southern,9
2023,Georgia State,9
2023,Georgia Tech,0
2023,Hawaii,5
2023,Houston,1
2023,Illinois,3
2023,Indiana,3
2023,Iowa,3
2023,Iowa State,1
2023,Jacksonville State,6
2023,James Madison,9
2023,Kansas,1
2023,Kansas State,1
2023,Kent State,4
2023,Kentucky,10
2023,Liberty,6
2023,Louisiana,7
2023,Louisiana State,8
2023,Louisiana Tech,6
2023,Louisiana-Monroe,7
2023,Louisville,0
2023,Marshall,9
2023,Maryland,3
2023,Massachusetts,4
2023,Memphis,2
2023,Miami (FL),0
2023,Miami (OH),4
2023,Michigan,3
2023,Michigan State,3
2023,Middle Tennessee State,6
2023,Minnesota,3
2023,Mississippi,8
2023,Mississippi State,8
2023,Missouri,10
2023,Navy,2
2023,Nebraska,3
2023,Nevada,5
2023,Nevada-Las Vegas,5
2023,New Mexico,5
2023,New Mexico State,6
2023,North Carolina,0
2023,North Carolina State,0
2023,North Texas,2
2023,Northern Illinois,4
2023,Northwestern,3
2023,Notre Dame,0
2023,Ohio,4
2023,Ohio State,3
2023,Oklahoma,1
2023,Oklahoma State,1
2023,Old Dominion,9
2023,Oregon,12
2023,Oregon State,12
2023,Penn State,3
2023,Pittsburgh,0
2023,Purdue,3
2023,Rice,2
2023,Rutgers,3
2023,Sam Houston,6
2023,San Diego State,5
2023,San Jose State,5
2023,South Alabama,7
2023,South Carolina,10
2023,South Florida,2
2023,Southern California,11
2023,Southern Methodist,2
2023,Southern Mississippi,7
2023,Stanford,12
2023,Syracuse,0
2023,Temple,2
2023,Tennessee,10
2023,Texas,1
2023,Texas A&M,8
2023,Texas Christian,1
2023,Texas State,7
2023,Texas Tech,1
2023,Texas-El Paso,6
2023,Texas-San Antonio,2
2023,Toledo,4
2023,Troy,7
2023,Tulane,2
2023,Tulsa,2
2023,UCLA,11
2023,Utah,11
2023,Utah State,5
2023,Vanderbilt,10
2023,Virginia,0
2023,Virginia Tech,0
2023,Wake Forest,0
2023,Washington,12
2023,Washington State,12
2023,West Virginia,1
2023,Western Kentucky,6
2023,Western Michigan,4
2023,Wisconsin,3
2023,Wyoming,5
2024,Air Force,4
2024,Akron,5
2024,Alabama,8
2024,Alabama-Birmingham,2
2024,Appalachian State,3
2024,Arizona,1
2024,Arizona State,1
2024,Arkansas,9
2024,Arkansas State,3
2024,Army,2
2024,Auburn,8
2024,Ball State,5
2024,Baylor,1
2024,Boise State,4
2024,Boston College,6
2024,Bowling Green,5
2024,Brigham Young,1
2024,Buffalo,5
2024,California,7
2024,Central Florida,1
2024,Central Michigan,5
2024,Charlotte,2
2024,Cincinnati,1
2024,Clemson,6
2024,Coastal Carolina,3
2024,Colorado,1
2024,Colorado State,4
2024,Connecticut,2
2024,Duke,7
2024,East Carolina,2
2024,Eastern Michigan,5
2024,Florida,9
2024,Florida Atlantic,2
2024,Florida International,10
2024,Florida State,7
2024,Fresno State,4
2024,Georgia,9
2024,Georgia Southern,3
2024,Georgia State,3
2024,Georgia Tech,7
2024,Hawaii,4
2024,Houston,1
2024,Illinois,0
2024,Indiana,0
2024,Iowa,0
2024,Iowa State,1
2024,Jacksonville State,11
2024,James Madison,3
2024,Kansas,1
2024,Kansas State,1
2024,Kennesaw State,10
2024,Kent State,5
2024,Kentucky,9
2024,Liberty,10
2024,Louisiana,3
2024,Louisiana State,8
2024,Louisiana Tech,11
2024,Louisiana-Monroe,3
2024,Louisville,6
2024,Marshall,3
2024,Maryland,0
2024,Massachusetts,5
2024,Memphis,2
2024,Miami (FL),7
2024,Miami (OH),5
2024,Michigan,0
2024,Michigan State,0
2024,Middle Tennessee State,10
2024,Minnesota,0
2024,Mississippi,9
2024,Mississippi State,9
2024,Missouri,8
2024,Navy,2
2024,Nebraska,0
2024,Nevada,4
2024,Nevada-Las Vegas,4
2024,New Mexico,4
2024,New Mexico State,11
2024,North Carolina,7
2024,North Carolina State,7
2024,North Texas,2
2024,Northern Illinois,5
2024,Northwestern,0
2024,Notre Dame,6
2024,Ohio,5
2024,Ohio State,0
2024,Oklahoma,8
2024,Oklahoma State,1
2024,Old Dominion,3
2024,Oregon,0
2024,Oregon State,4
2024,Penn State,0
2024,Pittsburgh,6
2024,Purdue,0
2024,Rice,2
2024,Rutgers,0
2024,Sam Houston,11
2024,San Diego State,4
2024,San Jose State,4
2024,South Alabama,3
2024,South Carolina,8
2024,South Florida,2
2024,Southern California,0
2024,Southern Methodist,6
2024,Southern Mississippi,3
2024,Stanford,6
2024,Syracuse,7
2024,Temple,2
2024,Tennessee,9
2024,Texas,9
2024,Texas A&M,8
2024,Texas Christian,1
2024,Texas State,3
2024,Texas Tech,1
2024,Texas-El Paso,10
2024,Texas-San Antonio,2
2024,Toledo,5
2024,Troy,3
2024,Tulane,2
2024,Tulsa,2
2024,UCLA,0
2024,Utah,1
2024,Utah State,4
2024,Vanderbilt,8
2024,Virginia,6
2024,Virginia Tech,6
2024,Wake Forest,7
2024,Washington,0
2024,Washington State,4
2024,West Virginia,1
2024,Western Kentucky,11
2024,Western Michigan,5
2024,Wisconsin,0
2024,Wyoming,4
2025,Air Force,7
2025,Akron,5
2025,Alabama,2
2025,Alabama-Birmingham,3
2025,Appalachian State,4
2025,Arizona,1
2025,Arizona State,1
2025,Arkansas,2
2025,Arkansas State,4
2025,Army,3
2025,Auburn,2
2025,Ball State,5
2025,Baylor,1
2025,Boise State,7
2025,Boston College,8
2025,Bowling Green,5
2025,Brigham Young,1
2025,Buffalo,5
2025,California,8
2025,Central Florida,1
2025,Central Michigan,5
2025,Charlotte,3
2025,Cincinnati,1
2025,Clemson,9
2025,Coastal Carolina,4
2025,Colorado,1
2025,Colorado State,7
2025,Connecticut,3
2025,Delaware,6
2025,Duke,9
2025,East Carolina,3
2025,Eastern Michigan,5
2025,Florida,2
2025,Florida Atlantic,3
2025,Florida International,6
2025,Florida State,9
2025,Fresno State,7
2025,Georgia,2
2025,Georgia Southern,4
2025,Georgia State,4
2025,Georgia Tech,9
2025,Hawaii,7
2025,Houston,1
2025,Illinois,0
2025,Indiana,0
2025,Iowa,0
2025,Iowa State,1
2025,Jacksonville State,6
2025,James Madison,4
2025,Kansas,1
2025,Kansas State,1
2025,Kennesaw State,6
2025,Kent State,5
2025,Kentucky,2
2025,Liberty,6
2025,Louisiana,4
2025,Louisiana State,2
2025,Louisiana Tech,6
2025,Louisiana-Monroe,4
2025,Louisville,8
2025,Marshall,4
2025,Maryland,0
2025,Massachusetts,5
2025,Memphis,3
2025,Miami (FL),8
2025,Miami (OH),5
2025,Michigan,0
2025,Michigan State,0
2025,Middle Tennessee State,6
2025,Minnesota,0
2025,Mississippi,2
2025,Mississippi State,2
2025,Missouri,2
2025,Missouri State,6
2025,Navy,3
2025,Nebraska,0
2025,Nevada,7
2025,Nevada-Las Vegas,7
2025,New Mexico,7
2025,New Mexico State,6
2025,North Carolina,9
2025,North Carolina State,9
2025,North Texas,3
2025,Northern Illinois,5
2025,Northwestern,0
2025,Notre Dame,8
2025,Ohio,5
2025,Ohio State,0
2025,Oklahoma,2
2025,Oklahoma State,1
2025,Old Dominion,4
2025,Oregon,0
2025,Oregon State,10
2025,Penn State,0
2025,Pittsburgh,8
2025,Purdue,0
2025,Rice,3
2025,Rutgers,0
2025,Sam Houston,6
2025,San Diego State,7
2025,San Jose State,7
2025,South Alabama,4
2025,South Carolina,2
2025,South Florida,3
2025,Southern California,0
2025,Southern Methodist,8
2025,Southern Mississippi,4
2025,Stanford,8
2025,Syracuse,8
2025,Temple,3
2025,Tennessee,2
2025,Texas,2
2025,Texas A&M,2
2025,Texas Christian,1
2025,Texas State,4
2025,Texas Tech,1
2025,Texas-El Paso,6
2025,Texas-San Antonio,3
2025,Toledo,5
2025,Troy,4
2025,Tulane,3
2025,Tulsa,3
2025,UCLA,0
2025,Utah,1
2025,Utah State,7
2025,Vanderbilt,2
2025,Virginia,9
2025,Virginia Tech,9
2025,Wake Forest,9
2025,Washington,0
2025,Washington State,10
2025,West Virginia,1
2025,Western Kentucky,6
2025,Western Michigan,5
2025,Wisconsin,0
2025,Wyoming,7
