league,season,club,spend_eur_m,sales_eur_m,net_eur_m,arrivals,departures
bundesliga,2010-11,1. FC Kaiserslautern,4.6,0.1,4.5,19,20
bundesliga,2010-11,1. FC Köln,4.6,0.05,4.55,18,13
bundesliga,2010-11,1. FC Nürnberg,1.15,2.75,-1.6,20,18
bundesliga,2010-11,1. FSV Mainz 05,3.8,5.12,-1.32,17,20
bundesliga,2010-11,Bayer 04 Leverkusen,5.7,6.55,-0.85,14,15
bundesliga,2010-11,Borussia Dortmund,5.25,4.3,0.95,12,12
bundesliga,2010-11,Borussia Mönchengladbach,7.0,2.0,5.0,11,11
bundesliga,2010-11,Eintracht Frankfurt,2.45,1.15,1.3,10,15
bundesliga,2010-11,FC Bayern München,17.0,6.0,11.0,8,10
bundesliga,2010-11,FC Schalke 04,36.1,20.05,16.05,22,26
bundesliga,2010-11,FC St. Pauli 1910,0.2,0.0,0.2,5,7
bundesliga,2010-11,Hamburger SV,15.2,15.55,-0.35,11,12
bundesliga,2010-11,Hannover 96,1.0,0.55,0.45,11,16
bundesliga,2010-11,SC Freiburg,1.45,0.21,1.24,13,13
bundesliga,2010-11,SV Werder Bremen,16.24,21.5,-5.26,15,12
bundesliga,2010-11,TSG 1899 Hoffenheim,22.45,45.4,-22.95,15,16
bundesliga,2010-11,VfB Stuttgart,13.1,20.5,-7.4,13,15
bundesliga,2010-11,VfL Wolfsburg,56.15,59.65,-3.5,18,16
bundesliga,2011-12,1. FC Kaiserslautern,6.63,4.45,2.18,14,16
bundesliga,2011-12,1. FC Köln,5.88,2.88,3.0,16,20
bundesliga,2011-12,1. FC Nürnberg,4.15,5.5,-1.35,16,16
bundesliga,2011-12,1. FSV Mainz 05,10.9,17.95,-7.05,21,16
bundesliga,2011-12,Bayer 04 Leverkusen,25.81,16.06,9.75,16,15
bundesliga,2011-12,Borussia Dortmund,9.72,12.14,-2.42,8,11
bundesliga,2011-12,Borussia Mönchengladbach,2.65,3.83,-1.18,17,21
bundesliga,2011-12,FC Augsburg,1.18,0.26,0.92,13,12
bundesliga,2011-12,FC Bayern München,52.1,5.0,47.1,8,5
bundesliga,2011-12,FC Schalke 04,7.3,34.08,-26.78,13,16
bundesliga,2011-12,Hamburger SV,13.9,17.35,-3.45,21,18
bundesliga,2011-12,Hannover 96,4.2,0.0,4.2,9,7
bundesliga,2011-12,Hertha BSC,1.4,1.0,0.4,13,10
bundesliga,2011-12,SC Freiburg,3.5,15.3,-11.8,16,16
bundesliga,2011-12,SV Werder Bremen,8.8,20.25,-11.45,17,19
bundesliga,2011-12,TSG 1899 Hoffenheim,5.9,7.5,-1.6,16,14
bundesliga,2011-12,VfB Stuttgart,11.1,18.1,-7.0,10,12
bundesliga,2011-12,VfL Wolfsburg,48.8,12.12,36.67,27,19
bundesliga,2012-13,1. FC Nürnberg,2.7,7.0,-4.3,13,15
bundesliga,2012-13,1. FSV Mainz 05,4.18,5.95,-1.77,10,13
bundesliga,2012-13,Bayer 04 Leverkusen,20.9,14.68,6.22,19,18
bundesliga,2012-13,Borussia Dortmund,26.65,34.0,-7.35,12,12
bundesliga,2012-13,Borussia Mönchengladbach,33.4,24.05,9.35,13,12
bundesliga,2012-13,Eintracht Frankfurt,8.15,3.0,5.15,21,19
bundesliga,2012-13,FC Augsburg,2.85,0.15,2.7,16,17
bundesliga,2012-13,FC Bayern München,70.3,0.5,69.8,10,7
bundesliga,2012-13,FC Schalke 04,6.5,6.85,-0.35,18,21
bundesliga,2012-13,Fortuna Düsseldorf,3.05,0.0,3.05,25,21
bundesliga,2012-13,Hamburger SV,27.0,9.6,17.4,11,17
bundesliga,2012-13,Hannover 96,9.55,3.17,6.38,12,11
bundesliga,2012-13,SC Freiburg,1.5,0.2,1.3,9,10
bundesliga,2012-13,SV Werder Bremen,14.73,13.1,1.63,13,15
bundesliga,2012-13,SpVgg Greuther Fürth 1903,3.85,2.34,1.51,22,17
bundesliga,2012-13,TSG 1899 Hoffenheim,26.3,20.25,6.05,28,21
bundesliga,2012-13,VfB Stuttgart,2.4,9.7,-7.3,12,7
bundesliga,2012-13,VfL Wolfsburg,27.1,21.85,5.25,21,28
bundesliga,2013-14,1. FC Nürnberg,7.32,6.75,0.57,18,17
bundesliga,2013-14,1. FSV Mainz 05,14.2,11.55,2.65,14,14
bundesliga,2013-14,Bayer 04 Leverkusen,24.98,35.57,-10.6,18,16
bundesliga,2013-14,Borussia Dortmund,52.6,47.38,5.23,13,11
bundesliga,2013-14,Borussia Mönchengladbach,7.9,3.25,4.65,9,9
bundesliga,2013-14,Eintracht Braunschweig,1.8,0.0,1.8,10,10
bundesliga,2013-14,Eintracht Frankfurt,7.48,0.5,6.98,15,11
bundesliga,2013-14,FC Augsburg,4.55,0.6,3.95,15,14
bundesliga,2013-14,FC Bayern München,62.0,40.0,22.0,8,7
bundesliga,2013-14,FC Schalke 04,26.05,8.1,17.95,13,14
bundesliga,2013-14,Hamburger SV,2.35,13.75,-11.4,12,10
bundesliga,2013-14,Hannover 96,10.5,4.7,5.8,16,18
bundesliga,2013-14,Hertha BSC,1.3,0.35,0.95,10,13
bundesliga,2013-14,SC Freiburg,6.93,12.2,-5.27,16,14
bundesliga,2013-14,SV Werder Bremen,10.25,13.6,-3.35,10,12
bundesliga,2013-14,TSG 1899 Hoffenheim,9.9,4.0,5.9,23,25
bundesliga,2013-14,VfB Stuttgart,7.2,7.2,0.0,14,19
bundesliga,2013-14,VfL Wolfsburg,50.6,16.05,34.55,28,30
bundesliga,2014-15,1. FC Köln,8.4,0.1,8.3,12,15
bundesliga,2014-15,1. FSV Mainz 05,9.12,6.6,2.52,19,17
bundesliga,2014-15,Bayer 04 Leverkusen,37.8,18.35,19.45,20,25
bundesliga,2014-15,Borussia Dortmund,65.2,4.8,60.4,9,8
bundesliga,2014-15,Borussia Mönchengladbach,12.75,17.9,-5.15,10,9
bundesliga,2014-15,Eintracht Frankfurt,6.5,5.92,0.58,15,19
bundesliga,2014-15,FC Augsburg,12.45,6.9,5.55,15,14
bundesliga,2014-15,FC Bayern München,53.4,48.7,4.7,9,10
bundesliga,2014-15,FC Schalke 04,4.4,8.6,-4.2,14,11
bundesliga,2014-15,Hamburger SV,35.8,23.9,11.9,20,19
bundesliga,2014-15,Hannover 96,10.8,3.5,7.3,20,18
bundesliga,2014-15,Hertha BSC,14.5,19.45,-4.95,14,12
bundesliga,2014-15,SC Freiburg,14.35,18.6,-4.25,15,17
bundesliga,2014-15,SC Paderborn 07,1.95,0.0,1.95,13,12
bundesliga,2014-15,SV Werder Bremen,6.55,3.35,3.2,16,19
bundesliga,2014-15,TSG 1899 Hoffenheim,19.2,14.42,4.78,20,26
bundesliga,2014-15,VfB Stuttgart,10.8,0.75,10.05,13,10
bundesliga,2014-15,VfL Wolfsburg,45.05,6.25,38.8,15,13
bundesliga,2015-16,1. FC Köln,14.78,13.05,1.73,12,15
bundesliga,2015-16,1. FSV Mainz 05,13.85,34.2,-20.35,23,23
bundesliga,2015-16,Bayer 04 Leverkusen,58.0,63.25,-5.25,23,18
bundesliga,2015-16,Borussia Dortmund,20.0,42.55,-22.55,12,16
bundesliga,2015-16,Borussia Mönchengladbach,38.0,15.7,22.3,11,10
bundesliga,2015-16,Eintracht Frankfurt,11.82,12.1,-0.28,15,13
bundesliga,2015-16,FC Augsburg,16.7,26.9,-10.2,14,10
bundesliga,2015-16,FC Bayern München,90.75,33.0,57.75,10,10
bundesliga,2015-16,FC Ingolstadt 04,6.2,0.0,6.2,6,9
bundesliga,2015-16,FC Schalke 04,37.1,57.2,-20.1,16,17
bundesliga,2015-16,Hamburger SV,21.85,13.2,8.65,19,19
bundesliga,2015-16,Hannover 96,18.4,13.5,4.9,21,18
bundesliga,2015-16,Hertha BSC,7.3,4.92,2.38,13,11
bundesliga,2015-16,SV Darmstadt 98,1.1,0.0,1.1,16,11
bundesliga,2015-16,SV Werder Bremen,12.88,19.45,-6.57,23,16
bundesliga,2015-16,TSG 1899 Hoffenheim,23.4,57.15,-33.75,30,29
bundesliga,2015-16,VfB Stuttgart,15.67,20.55,-4.88,19,19
bundesliga,2015-16,VfL Wolfsburg,68.1,111.3,-43.2,13,12
bundesliga,2016-17,1. FC Köln,8.35,19.0,-10.65,11,8
bundesliga,2016-17,1. FSV Mainz 05,29.21,25.7,3.51,16,16
bundesliga,2016-17,Bayer 04 Leverkusen,63.3,23.7,39.6,19,19
bundesliga,2016-17,Borussia Dortmund,141.1,111.0,30.1,12,8
bundesliga,2016-17,Borussia Mönchengladbach,41.25,45.1,-3.85,14,10
bundesliga,2016-17,Eintracht Frankfurt,3.8,12.05,-8.25,16,16
bundesliga,2016-17,FC Augsburg,23.7,15.05,8.65,13,18
bundesliga,2016-17,FC Bayern München,70.0,52.3,17.7,5,8
bundesliga,2016-17,FC Ingolstadt 04,7.95,4.55,3.4,10,10
bundesliga,2016-17,FC Schalke 04,43.3,61.3,-18.0,19,15
bundesliga,2016-17,Hamburger SV,43.95,8.75,35.2,18,17
bundesliga,2016-17,Hertha BSC,6.7,5.0,1.7,7,10
bundesliga,2016-17,RB Leipzig,95.15,0.1,95.05,12,14
bundesliga,2016-17,SC Freiburg,16.78,5.15,11.63,15,19
bundesliga,2016-17,SV Darmstadt 98,4.1,5.2,-1.1,24,24
bundesliga,2016-17,SV Werder Bremen,23.7,27.2,-3.5,18,21
bundesliga,2016-17,TSG 1899 Hoffenheim,27.44,37.0,-9.56,24,25
bundesliga,2016-17,VfL Wolfsburg,81.05,94.45,-13.4,20,19
bundesliga,2017-18,1. FC Köln,40.0,7.45,32.55,10,5
bundesliga,2017-18,1. FSV Mainz 05,16.55,24.85,-8.3,14,19
bundesliga,2017-18,Bayer 04 Leverkusen,51.0,91.1,-40.1,14,18
bundesliga,2017-18,Borussia Dortmund,122.59,275.95,-153.36,15,15
bundesliga,2017-18,Borussia Mönchengladbach,37.25,31.08,6.17,10,13
bundesliga,2017-18,Eintracht Frankfurt,24.2,4.92,19.28,17,13
bundesliga,2017-18,FC Augsburg,7.55,7.9,-0.35,13,18
bundesliga,2017-18,FC Bayern München,116.5,32.25,84.25,14,11
bundesliga,2017-18,FC Schalke 04,49.3,7.1,42.2,18,24
bundesliga,2017-18,Hamburger SV,19.0,5.55,13.45,15,16
bundesliga,2017-18,Hannover 96,19.0,0.25,18.75,14,14
bundesliga,2017-18,Hertha BSC,14.0,18.0,-4.0,10,9
bundesliga,2017-18,RB Leipzig,63.5,24.54,38.96,16,13
bundesliga,2017-18,SC Freiburg,19.65,27.8,-8.15,18,13
bundesliga,2017-18,SV Werder Bremen,18.6,8.9,9.7,16,18
bundesliga,2017-18,TSG 1899 Hoffenheim,14.7,45.75,-31.05,20,19
bundesliga,2017-18,VfB Stuttgart,30.9,7.6,23.3,16,16
bundesliga,2017-18,VfL Wolfsburg,72.75,36.0,36.75,20,21
bundesliga,2018-19,1. FC Nürnberg,4.85,0.0,4.85,11,9
bundesliga,2018-19,1. FSV Mainz 05,30.0,56.1,-26.1,19,12
bundesliga,2018-19,Bayer 04 Leverkusen,31.5,45.0,-13.5,10,8
bundesliga,2018-19,Borussia Dortmund,90.5,114.2,-23.7,14,17
bundesliga,2018-19,Borussia Mönchengladbach,32.55,32.95,-0.4,11,10
bundesliga,2018-19,Eintracht Frankfurt,28.95,18.9,10.05,24,23
bundesliga,2018-19,FC Augsburg,6.65,2.85,3.8,17,11
bundesliga,2018-19,FC Bayern München,10.0,84.0,-74.0,6,9
bundesliga,2018-19,FC Schalke 04,62.2,46.15,16.05,18,15
bundesliga,2018-19,Fortuna Düsseldorf,7.5,0.6,6.9,21,19
bundesliga,2018-19,Hannover 96,18.52,13.54,4.98,20,17
bundesliga,2018-19,Hertha BSC,16.0,16.9,-0.9,15,11
bundesliga,2018-19,RB Leipzig,65.63,72.75,-7.12,19,17
bundesliga,2018-19,SC Freiburg,18.4,22.68,-4.28,16,21
bundesliga,2018-19,SV Werder Bremen,25.8,26.85,-1.05,21,20
bundesliga,2018-19,TSG 1899 Hoffenheim,32.0,6.12,25.88,16,18
bundesliga,2018-19,VfB Stuttgart,45.76,13.25,32.51,18,17
bundesliga,2018-19,VfL Wolfsburg,36.0,0.8,35.2,14,14
bundesliga,2019-20,1. FC Köln,20.25,6.85,13.4,18,18
bundesliga,2019-20,1. FC Union Berlin,10.05,1.25,8.8,22,17
bundesliga,2019-20,1. FSV Mainz 05,28.7,27.0,1.7,15,16
bundesliga,2019-20,Bayer 04 Leverkusen,98.2,33.5,64.7,9,10
bundesliga,2019-20,Borussia Dortmund,148.5,132.25,16.25,17,16
bundesliga,2019-20,Borussia Mönchengladbach,40.5,34.1,6.4,6,9
bundesliga,2019-20,Eintracht Frankfurt,78.34,114.8,-36.46,23,26
bundesliga,2019-20,FC Augsburg,31.5,20.0,11.5,20,19
bundesliga,2019-20,FC Bayern München,139.5,54.0,85.5,10,8
bundesliga,2019-20,FC Schalke 04,29.5,19.45,10.05,13,17
bundesliga,2019-20,Fortuna Düsseldorf,11.15,11.6,-0.45,19,16
bundesliga,2019-20,Hertha BSC,110.7,23.44,87.26,15,16
bundesliga,2019-20,RB Leipzig,86.5,45.25,41.25,15,13
bundesliga,2019-20,SC Freiburg,17.5,8.1,9.4,15,15
bundesliga,2019-20,SC Paderborn 07,0.75,5.8,-5.05,21,22
bundesliga,2019-20,SV Werder Bremen,13.95,0.0,13.95,17,15
bundesliga,2019-20,TSG 1899 Hoffenheim,55.85,121.4,-65.55,23,23
bundesliga,2019-20,VfL Wolfsburg,34.8,14.3,20.5,14,15
bundesliga,2020-21,1. FC Köln,18.5,15.0,3.5,21,19
bundesliga,2020-21,1. FC Union Berlin,1.7,6.92,-5.22,22,25
bundesliga,2020-21,1. FSV Mainz 05,2.0,13.7,-11.7,14,15
bundesliga,2020-21,Arminia Bielefeld,0.5,0.1,0.4,15,16
bundesliga,2020-21,Bayer 04 Leverkusen,46.2,91.0,-44.8,13,7
bundesliga,2020-21,Borussia Dortmund,50.0,5.5,44.5,12,10
bundesliga,2020-21,Borussia Mönchengladbach,13.5,0.0,13.5,13,8
bundesliga,2020-21,Eintracht Frankfurt,10.75,17.7,-6.95,20,22
bundesliga,2020-21,FC Augsburg,10.3,8.4,1.9,11,17
bundesliga,2020-21,FC Bayern München,77.25,22.25,55.0,12,13
bundesliga,2020-21,FC Schalke 04,2.0,6.6,-4.6,24,19
bundesliga,2020-21,Hertha BSC,31.25,10.45,20.8,18,18
bundesliga,2020-21,RB Leipzig,58.0,56.5,1.5,11,13
bundesliga,2020-21,SC Freiburg,14.35,37.95,-23.6,14,17
bundesliga,2020-21,SV Werder Bremen,11.0,11.7,-0.7,19,22
bundesliga,2020-21,TSG 1899 Hoffenheim,4.0,17.75,-13.75,18,12
bundesliga,2020-21,VfB Stuttgart,14.95,7.5,7.45,16,13
bundesliga,2020-21,VfL Wolfsburg,22.0,11.1,10.9,12,13
bundesliga,2021-22,1. FC Köln,0.55,23.46,-22.9,21,24
bundesliga,2021-22,1. FC Union Berlin,20.1,19.55,0.55,24,26
bundesliga,2021-22,1. FSV Mainz 05,6.9,18.05,-11.15,15,19
bundesliga,2021-22,Arminia Bielefeld,9.88,0.5,9.38,23,26
bundesliga,2021-22,Bayer 04 Leverkusen,55.35,43.1,12.25,12,16
bundesliga,2021-22,Borussia Dortmund,45.0,108.25,-63.25,9,9
bundesliga,2021-22,Borussia Mönchengladbach,17.0,8.7,8.3,10,15
bundesliga,2021-22,Eintracht Frankfurt,13.85,28.4,-14.55,22,20
bundesliga,2021-22,FC Augsburg,24.06,12.8,11.26,13,11
bundesliga,2021-22,FC Bayern München,57.5,4.0,53.5,15,13
bundesliga,2021-22,Hertha BSC,27.4,48.5,-21.1,18,19
bundesliga,2021-22,RB Leipzig,107.62,113.5,-5.88,18,20
bundesliga,2021-22,SC Freiburg,9.5,14.55,-5.05,14,12
bundesliga,2021-22,SpVgg Greuther Fürth 1903,1.4,3.55,-2.15,18,15
bundesliga,2021-22,TSG 1899 Hoffenheim,0.0,0.85,-0.85,14,15
bundesliga,2021-22,VfB Stuttgart,14.85,40.92,-26.07,15,15
bundesliga,2021-22,VfL Bochum 1848,0.0,0.35,-0.35,13,9
bundesliga,2021-22,VfL Wolfsburg,76.18,19.85,56.33,25,22
bundesliga,2022-23,1. FC Köln,6.45,12.27,-5.82,14,14
bundesliga,2022-23,1. FC Union Berlin,24.65,30.67,-6.02,22,21
bundesliga,2022-23,1. FSV Mainz 05,23.8,23.75,0.05,23,21
bundesliga,2022-23,Bayer 04 Leverkusen,15.1,9.5,5.6,12,10
bundesliga,2022-23,Borussia Dortmund,104.6,79.2,25.4,12,11
bundesliga,2022-23,Borussia Mönchengladbach,24.0,22.5,1.5,13,12
bundesliga,2022-23,Eintracht Frankfurt,30.6,17.4,13.2,24,25
bundesliga,2022-23,FC Augsburg,11.45,6.8,4.65,21,18
bundesliga,2022-23,FC Bayern München,145.5,104.4,41.1,18,16
bundesliga,2022-23,FC Schalke 04,8.63,17.75,-9.12,33,29
bundesliga,2022-23,Hertha BSC,7.55,24.75,-17.2,26,29
bundesliga,2022-23,RB Leipzig,59.5,75.62,-16.12,24,25
bundesliga,2022-23,SC Freiburg,15.9,21.32,-5.42,9,9
bundesliga,2022-23,SV Werder Bremen,4.0,1.85,2.15,13,16
bundesliga,2022-23,TSG 1899 Hoffenheim,17.8,60.2,-42.4,18,16
bundesliga,2022-23,VfB Stuttgart,14.35,52.6,-38.25,19,22
bundesliga,2022-23,VfL Bochum 1848,1.48,15.15,-13.66,18,19
bundesliga,2022-23,VfL Wolfsburg,35.75,23.7,12.05,15,18
epl,2010-11,Arsenal FC,23.0,8.1,14.9,18,22
epl,2010-11,Aston Villa FC,37.4,28.4,9.0,20,20
epl,2010-11,Birmingham City,25.6,0.18,25.42,24,21
epl,2010-11,Blackburn Rovers,5.05,0.28,4.77,29,29
epl,2010-11,Blackpool FC,5.72,0.7,5.02,27,23
epl,2010-11,Bolton Wanderers,5.4,1.4,3.99,17,19
epl,2010-11,Chelsea FC,121.5,16.5,105.0,19,21
epl,2010-11,Everton FC,1.7,6.6,-4.9,12,14
epl,2010-11,Fulham FC,11.05,12.81,-1.76,16,22
epl,2010-11,Liverpool FC,97.73,101.5,-3.77,23,26
epl,2010-11,Manchester City FC,183.61,40.15,143.46,33,26
epl,2010-11,Manchester United FC,29.3,16.96,12.34,16,18
epl,2010-11,Newcastle United FC,13.98,41.75,-27.77,18,16
epl,2010-11,Stoke City,21.1,6.78,14.32,24,23
epl,2010-11,Sunderland AFC,29.1,41.78,-12.67,31,31
epl,2010-11,Tottenham Hotspur FC,26.6,2.93,23.67,39,33
epl,2010-11,West Bromwich Albion FC,13.83,0.85,12.98,28,25
epl,2010-11,West Ham United FC,18.02,4.95,13.08,18,19
epl,2010-11,Wigan Athletic,11.4,3.4,8.0,23,21
epl,2010-11,Wolverhampton Wanderers FC,20.22,6.44,13.78,28,25
epl,2011-12,Arsenal FC,65.48,78.29,-12.81,33,26
epl,2011-12,Aston Villa FC,20.34,43.75,-23.42,20,25
epl,2011-12,Blackburn Rovers,20.55,40.3,-19.75,27,28
epl,2011-12,Bolton Wanderers,15.6,16.33,-0.73,24,21
epl,2011-12,Chelsea FC,96.45,31.56,64.89,22,22
epl,2011-12,Everton FC,7.2,26.8,-19.6,19,15
epl,2011-12,Fulham FC,18.13,7.67,10.46,21,17
epl,2011-12,Liverpool FC,65.32,22.9,42.42,21,19
epl,2011-12,Manchester City FC,91.05,31.2,59.85,29,35
epl,2011-12,Manchester United FC,62.3,12.9,49.4,15,18
epl,2011-12,Newcastle United FC,27.0,16.05,10.95,27,26
epl,2011-12,Norwich City FC,15.25,0.5,14.75,19,17
epl,2011-12,Queens Park Rangers,26.24,2.8,23.44,46,41
epl,2011-12,Stoke City,24.8,1.98,22.82,26,26
epl,2011-12,Sunderland AFC,27.92,26.33,1.59,35,32
epl,2011-12,Swansea City,12.85,0.45,12.4,23,20
epl,2011-12,Tottenham Hotspur FC,9.0,43.25,-34.25,36,36
epl,2011-12,West Bromwich Albion FC,9.14,11.12,-1.98,25,26
epl,2011-12,Wigan Athletic,12.38,11.28,1.09,23,15
epl,2011-12,Wolverhampton Wanderers FC,12.05,2.6,9.44,29,32
epl,2012-13,Arsenal FC,56.0,65.85,-9.85,18,19
epl,2012-13,Aston Villa FC,27.83,3.2,24.63,18,12
epl,2012-13,Chelsea FC,109.7,25.45,84.25,29,28
epl,2012-13,Everton FC,21.65,18.75,2.9,12,13
epl,2012-13,Fulham FC,10.0,31.42,-21.42,27,29
epl,2012-13,Liverpool FC,70.6,10.45,60.15,19,18
epl,2012-13,Manchester City FC,61.95,44.3,17.65,24,26
epl,2012-13,Manchester United FC,76.45,9.65,66.8,18,15
epl,2012-13,Newcastle United FC,31.96,14.8,17.16,21,19
epl,2012-13,Norwich City FC,11.08,0.38,10.7,28,25
epl,2012-13,Queens Park Rangers,50.35,4.51,45.84,39,46
epl,2012-13,Reading FC,10.82,0.9,9.92,33,27
epl,2012-13,Southampton FC,41.5,0.0,41.5,29,25
epl,2012-13,Stoke City,23.68,0.64,23.04,23,24
epl,2012-13,Sunderland AFC,38.3,14.82,23.48,26,30
epl,2012-13,Swansea City,20.47,32.6,-12.13,20,22
epl,2012-13,Tottenham Hotspur FC,73.25,72.78,0.47,30,34
epl,2012-13,West Bromwich Albion FC,5.0,3.73,1.27,16,18
epl,2012-13,West Ham United FC,23.9,5.05,18.84,24,28
epl,2012-13,Wigan Athletic,10.54,13.25,-2.72,21,23
epl,2013-14,Arsenal FC,49.25,12.15,37.1,21,23
epl,2013-14,Aston Villa FC,19.84,8.1,11.74,33,29
epl,2013-14,Cardiff City,45.82,3.74,42.08,33,29
epl,2013-14,Chelsea FC,130.35,77.93,52.42,38,36
epl,2013-14,Crystal Palace FC,33.0,0.0,33.0,42,32
epl,2013-14,Everton FC,31.8,46.1,-14.3,19,19
epl,2013-14,Fulham FC,29.3,4.15,25.15,34,30
epl,2013-14,Hull City,31.1,0.88,30.22,33,32
epl,2013-14,Liverpool FC,58.1,32.5,25.6,18,23
epl,2013-14,Manchester City FC,115.5,11.3,104.2,16,18
epl,2013-14,Manchester United FC,77.13,1.8,75.33,18,20
epl,2013-14,Newcastle United FC,3.8,25.87,-22.07,14,17
epl,2013-14,Norwich City FC,30.05,4.84,25.22,21,21
epl,2013-14,Southampton FC,39.6,4.2,35.4,15,23
epl,2013-14,Stoke City,7.0,0.0,7.0,20,20
epl,2013-14,Sunderland AFC,33.91,22.38,11.53,36,33
epl,2013-14,Swansea City,26.61,0.0,26.61,24,17
epl,2013-14,Tottenham Hotspur FC,122.55,138.4,-15.85,30,28
epl,2013-14,West Bromwich Albion FC,15.7,11.4,4.3,16,16
epl,2013-14,West Ham United FC,24.0,0.53,23.47,24,19
epl,2014-15,Arsenal FC,118.98,27.8,91.18,18,22
epl,2014-15,Aston Villa FC,13.45,1.32,12.14,29,32
epl,2014-15,Burnley FC,12.62,0.0,12.62,24,23
epl,2014-15,Chelsea FC,137.7,142.81,-5.11,42,48
epl,2014-15,Crystal Palace FC,31.22,2.87,28.35,42,38
epl,2014-15,Everton FC,40.16,1.9,38.26,17,15
epl,2014-15,Hull City,48.22,18.7,29.52,31,29
epl,2014-15,Leicester City FC,22.86,0.0,22.86,31,25
epl,2014-15,Liverpool FC,151.43,99.27,52.16,25,21
epl,2014-15,Manchester City FC,102.8,30.3,72.5,13,16
epl,2014-15,Manchester United FC,195.35,46.7,148.65,26,27
epl,2014-15,Newcastle United FC,45.02,23.87,21.15,23,25
epl,2014-15,Queens Park Rangers,43.54,26.04,17.5,35,36
epl,2014-15,Southampton FC,96.0,123.83,-27.83,25,21
epl,2014-15,Stoke City,1.8,3.8,-2.0,20,20
epl,2014-15,Sunderland AFC,22.52,7.25,15.27,21,31
epl,2014-15,Swansea City,41.53,61.9,-20.37,24,27
epl,2014-15,Tottenham Hotspur FC,48.48,44.15,4.33,20,24
epl,2014-15,West Bromwich Albion FC,24.88,2.3,22.58,16,20
epl,2014-15,West Ham United FC,35.15,4.4,30.75,25,26
epl,2015-16,AFC Bournemouth,55.11,0.65,54.46,36,33
epl,2015-16,Arsenal FC,26.5,2.5,24.0,15,12
epl,2015-16,Aston Villa FC,66.55,64.7,1.85,29,32
epl,2015-16,Chelsea FC,96.5,87.49,9.01,39,37
epl,2015-16,Crystal Palace FC,28.8,5.4,23.4,19,25
epl,2015-16,Everton FC,48.9,11.0,37.9,18,17
epl,2015-16,Leicester City FC,49.9,9.45,40.45,25,33
epl,2015-16,Liverpool FC,126.5,90.55,35.95,24,24
epl,2015-16,Manchester City FC,208.47,67.44,141.03,22,24
epl,2015-16,Manchester United FC,156.0,100.67,55.33,22,20
epl,2015-16,Newcastle United FC,107.91,5.63,102.28,26,23
epl,2015-16,Norwich City FC,50.5,21.49,29.01,33,30
epl,2015-16,Southampton FC,60.1,52.7,7.4,16,17
epl,2015-16,Stoke City,53.65,23.2,30.45,15,16
epl,2015-16,Sunderland AFC,66.05,11.0,55.05,29,25
epl,2015-16,Swansea City,21.81,16.8,5.01,20,24
epl,2015-16,Tottenham Hotspur FC,71.0,87.25,-16.25,11,21
epl,2015-16,Watford FC,82.8,9.75,73.05,33,30
epl,2015-16,West Bromwich Albion FC,42.9,12.92,29.98,12,13
epl,2015-16,West Ham United FC,52.7,18.52,34.18,25,26
epl,2016-17,AFC Bournemouth,40.69,23.69,17.0,20,29
epl,2016-17,Arsenal FC,113.0,10.35,102.65,11,12
epl,2016-17,Burnley FC,45.6,1.2,44.4,27,26
epl,2016-17,Chelsea FC,132.8,108.9,23.9,27,30
epl,2016-17,Crystal Palace FC,101.2,50.2,51.0,22,24
epl,2016-17,Everton FC,86.0,60.8,25.2,18,19
epl,2016-17,Hull City,40.0,28.9,11.1,25,16
epl,2016-17,Leicester City FC,92.1,66.05,26.05,17,18
epl,2016-17,Liverpool FC,79.9,85.38,-5.48,21,19
epl,2016-17,Manchester City FC,215.0,35.35,179.65,30,24
epl,2016-17,Manchester United FC,185.0,47.25,137.75,9,14
epl,2016-17,Middlesbrough FC,47.95,13.5,34.45,18,20
epl,2016-17,Southampton FC,68.9,85.05,-16.15,12,9
epl,2016-17,Stoke City,38.78,3.8,34.98,14,13
epl,2016-17,Sunderland AFC,41.9,23.77,18.13,25,23
epl,2016-17,Swansea City,58.1,49.3,8.8,21,17
epl,2016-17,Tottenham Hotspur FC,83.5,52.3,31.2,8,8
epl,2016-17,Watford FC,70.45,58.1,12.35,29,32
epl,2016-17,West Bromwich Albion FC,37.9,26.98,10.92,13,14
epl,2016-17,West Ham United FC,83.5,41.0,42.5,22,15
epl,2017-18,AFC Bournemouth,34.3,0.0,34.3,15,14
epl,2017-18,Arsenal FC,152.85,162.0,-9.15,10,16
epl,2017-18,Brighton & Hove Albion FC,66.5,0.4,66.1,23,22
epl,2017-18,Burnley FC,35.74,50.0,-14.26,18,21
epl,2017-18,Chelsea FC,260.5,194.6,65.9,40,31
epl,2017-18,Crystal Palace FC,48.95,3.0,45.95,15,18
epl,2017-18,Everton FC,203.2,126.38,76.82,23,20
epl,2017-18,Huddersfield Town,56.75,6.46,50.3,24,17
epl,2017-18,Leicester City FC,83.84,50.1,33.74,14,13
epl,2017-18,Liverpool FC,173.65,184.5,-10.85,13,15
epl,2017-18,Manchester City FC,317.5,91.35,226.15,32,32
epl,2017-18,Manchester United FC,198.4,45.5,152.9,13,11
epl,2017-18,Newcastle United FC,46.5,21.22,25.28,27,29
epl,2017-18,Southampton FC,61.25,98.35,-37.1,12,14
epl,2017-18,Stoke City,57.7,35.14,22.56,18,18
epl,2017-18,Swansea City,73.39,81.1,-7.71,21,24
epl,2017-18,Tottenham Hotspur FC,123.5,103.8,19.7,14,11
epl,2017-18,Watford FC,73.4,18.74,54.66,32,30
epl,2017-18,West Bromwich Albion FC,53.5,2.05,51.45,17,11
epl,2017-18,West Ham United FC,56.8,69.02,-12.22,15,25
epl,2018-19,AFC Bournemouth,89.1,20.2,68.9,14,16
epl,2018-19,Arsenal FC,80.15,9.1,71.05,17,12
epl,2018-19,Brighton & Hove Albion FC,87.12,13.62,73.5,28,29
epl,2018-19,Burnley FC,33.0,8.0,25.0,8,11
epl,2018-19,Cardiff City,51.2,0.0,51.2,18,18
epl,2018-19,Chelsea FC,208.8,83.25,125.55,30,31
epl,2018-19,Crystal Palace FC,11.85,0.35,11.5,11,16
epl,2018-19,Everton FC,99.8,28.65,71.15,19,23
epl,2018-19,Fulham FC,116.5,5.35,111.15,18,11
epl,2018-19,Huddersfield Town,50.7,12.33,38.37,15,17
epl,2018-19,Leicester City FC,114.6,95.8,18.8,16,18
epl,2018-19,Liverpool FC,182.2,41.32,140.88,18,20
epl,2018-19,Manchester City FC,78.59,57.6,20.99,18,22
epl,2018-19,Manchester United FC,82.7,30.55,52.15,9,10
epl,2018-19,Newcastle United FC,59.75,51.05,8.7,22,23
epl,2018-19,Southampton FC,62.25,26.1,36.15,16,18
epl,2018-19,Tottenham Hotspur FC,0.0,5.35,-5.35,4,4
epl,2018-19,Watford FC,30.1,51.84,-21.74,26,27
epl,2018-19,West Ham United FC,100.9,13.76,87.14,18,13
epl,2018-19,Wolverhampton Wanderers FC,112.75,23.3,89.45,34,46
epl,2019-20,AFC Bournemouth,54.91,34.62,20.29,13,13
epl,2019-20,Arsenal FC,160.8,53.65,107.15,16,19
epl,2019-20,Aston Villa FC,159.5,3.0,156.5,24,24
epl,2019-20,Brighton & Hove Albion FC,68.4,8.5,59.9,26,30
epl,2019-20,Burnley FC,23.85,13.55,10.3,8,10
epl,2019-20,Chelsea FC,45.0,157.27,-112.27,21,28
epl,2019-20,Crystal Palace FC,7.6,55.38,-47.78,13,15
epl,2019-20,Everton FC,121.0,87.8,33.2,22,22
epl,2019-20,Leicester City FC,104.3,88.5,15.8,12,13
epl,2019-20,Liverpool FC,10.4,44.5,-34.1,14,15
epl,2019-20,Manchester City FC,159.52,71.0,88.52,24,25
epl,2019-20,Manchester United FC,234.8,81.18,153.62,12,12
epl,2019-20,Newcastle United FC,72.9,35.64,37.26,13,11
epl,2019-20,Norwich City FC,8.82,2.2,6.62,23,28
epl,2019-20,Sheffield United FC,70.5,0.35,70.15,23,21
epl,2019-20,Southampton FC,61.5,27.3,34.2,14,17
epl,2019-20,Tottenham Hotspur FC,148.5,64.5,84.0,12,14
epl,2019-20,Watford FC,48.5,25.4,23.1,21,20
epl,2019-20,West Ham United FC,119.8,55.48,64.32,10,17
epl,2019-20,Wolverhampton Wanderers FC,116.7,24.1,92.6,26,24
epl,2020-21,Arsenal FC,86.0,19.15,66.85,16,16
epl,2020-21,Aston Villa FC,101.35,2.77,98.58,12,16
epl,2020-21,Brighton & Hove Albion FC,28.5,20.6,7.9,28,23
epl,2020-21,Burnley FC,1.1,2.3,-1.2,6,6
epl,2020-21,Chelsea FC,247.2,57.15,190.05,29,25
epl,2020-21,Crystal Palace FC,22.4,20.0,2.4,12,8
epl,2020-21,Everton FC,73.37,4.43,68.94,20,20
epl,2020-21,Fulham FC,37.25,0.0,37.25,23,18
epl,2020-21,Leeds United FC,106.8,0.0,106.8,15,16
epl,2020-21,Leicester City FC,59.4,53.77,5.63,15,15
epl,2020-21,Liverpool FC,82.65,17.2,65.45,16,13
epl,2020-21,Manchester City FC,172.3,76.65,95.65,25,25
epl,2020-21,Manchester United FC,83.8,19.5,64.3,17,16
epl,2020-21,Newcastle United FC,39.0,0.28,38.72,11,15
epl,2020-21,Sheffield United FC,62.7,0.0,62.7,16,19
epl,2020-21,Southampton FC,37.3,26.3,11.0,22,18
epl,2020-21,Tottenham Hotspur FC,110.5,13.3,97.2,15,11
epl,2020-21,West Bromwich Albion FC,42.14,8.1,34.04,21,21
epl,2020-21,West Ham United FC,54.7,45.41,9.29,16,17
epl,2020-21,Wolverhampton Wanderers FC,87.8,79.2,8.6,19,22
epl,2021-22,Arsenal FC,167.42,31.4,136.02,12,20
epl,2021-22,Aston Villa FC,129.82,127.0,2.82,21,18
epl,2021-22,Brentford FC,36.7,1.0,35.7,18,16
epl,2021-22,Brighton & Hove Albion FC,75.0,78.5,-3.5,26,29
epl,2021-22,Burnley FC,49.4,40.5,8.9,7,6
epl,2021-22,Chelsea FC,118.0,119.95,-1.95,21,22
epl,2021-22,Crystal Palace FC,85.62,0.0,85.62,13,15
epl,2021-22,Everton FC,39.5,46.0,-6.5,13,15
epl,2021-22,Leeds United FC,58.9,0.0,58.9,12,14
epl,2021-22,Leicester City FC,67.6,4.0,63.6,9,9
epl,2021-22,Liverpool FC,87.0,29.55,57.45,14,12
epl,2021-22,Manchester City FC,134.5,93.8,40.7,19,22
epl,2021-22,Manchester United FC,140.0,30.7,109.3,18,14
epl,2021-22,Newcastle United FC,146.5,0.0,146.5,13,11
epl,2021-22,Norwich City FC,64.05,38.4,25.65,33,31
epl,2021-22,Southampton FC,43.1,60.37,-17.27,11,14
epl,2021-22,Tottenham Hotspur FC,95.9,34.12,61.78,14,19
epl,2021-22,Watford FC,43.5,12.85,30.65,32,29
epl,2021-22,West Ham United FC,74.5,4.23,70.26,10,8
epl,2021-22,Wolverhampton Wanderers FC,37.6,31.8,5.8,23,20
epl,2022-23,AFC Bournemouth,83.1,0.0,83.1,15,13
epl,2022-23,Arsenal FC,192.36,23.8,168.56,20,15
epl,2022-23,Aston Villa FC,100.14,54.0,46.14,20,22
epl,2022-23,Brentford FC,51.5,3.6,47.9,17,17
epl,2022-23,Brighton & Hove Albion FC,57.8,137.9,-80.1,19,22
epl,2022-23,Chelsea FC,611.49,70.1,541.39,24,23
epl,2022-23,Crystal Palace FC,46.6,5.46,41.14,9,10
epl,2022-23,Everton FC,85.2,103.6,-18.4,14,16
epl,2022-23,Fulham FC,70.5,20.9,49.6,19,21
epl,2022-23,Leeds United FC,151.39,108.7,42.69,20,17
epl,2022-23,Leicester City FC,48.0,81.4,-33.4,9,9
epl,2022-23,Liverpool FC,132.3,80.7,51.6,8,11
epl,2022-23,Manchester City FC,150.5,162.2,-11.7,23,21
epl,2022-23,Manchester United FC,243.29,11.5,231.79,22,18
epl,2022-23,Newcastle United FC,185.35,2.31,183.04,14,13
epl,2022-23,Nottingham Forest FC,184.25,7.0,177.25,38,25
epl,2022-23,Southampton FC,136.65,0.0,136.65,21,14
epl,2022-23,Tottenham Hotspur FC,177.9,38.75,139.15,15,13
epl,2022-23,West Ham United FC,194.0,21.55,172.45,11,13
epl,2022-23,Wolverhampton Wanderers FC,175.11,60.37,114.74,24,25
la_liga,2012-13,Athletic Club,2.5,40.0,-37.5,10,11
la_liga,2012-13,CA Osasuna,0.6,5.7,-5.1,18,16
la_liga,2012-13,Club Atlético de Madrid,4.5,21.35,-16.85,14,16
la_liga,2012-13,FC Barcelona,33.0,0.5,32.5,7,5
la_liga,2012-13,Getafe CF,5.7,5.0,0.7,15,15
la_liga,2012-13,Granada CF,13.07,7.25,5.82,42,43
la_liga,2012-13,Levante UD,0.65,7.94,-7.29,21,20
la_liga,2012-13,Málaga CF,0.0,41.6,-41.6,14,18
la_liga,2012-13,RC Celta de Vigo,5.15,0.0,5.15,13,10
la_liga,2012-13,RC Deportivo La Coruña,0.75,0.0,0.75,14,12
la_liga,2012-13,RCD Espanyol de Barcelona,3.35,5.7,-2.35,14,17
la_liga,2012-13,RCD Mallorca,3.7,6.0,-2.3,16,13
la_liga,2012-13,Rayo Vallecano de Madrid,0.0,2.57,-2.57,20,20
la_liga,2012-13,Real Betis Balompié,2.65,0.0,2.65,15,15
la_liga,2012-13,Real Madrid CF,38.5,33.5,5.0,7,8
la_liga,2012-13,Real Sociedad de Fútbol,14.0,0.5,13.5,8,8
la_liga,2012-13,Real Valladolid CF,0.0,0.0,0.0,9,14
la_liga,2012-13,Real Zaragoza,1.8,1.67,0.13,24,19
la_liga,2012-13,Sevilla FC,14.0,12.2,1.8,15,15
la_liga,2012-13,Valencia CF,23.2,30.0,-6.8,10,15
la_liga,2013-14,Athletic Club,15.4,0.0,15.4,13,11
la_liga,2013-14,CA Osasuna,3.1,4.0,-0.9,12,15
la_liga,2013-14,Club Atlético de Madrid,36.1,70.1,-34.0,20,18
la_liga,2013-14,Elche CF,2.23,0.0,2.23,16,17
la_liga,2013-14,FC Barcelona,101.0,28.1,72.9,9,7
la_liga,2013-14,Getafe CF,10.0,14.5,-4.5,15,17
la_liga,2013-14,Granada CF,5.98,6.7,-0.72,35,37
la_liga,2013-14,Levante UD,0.3,4.62,-4.32,16,15
la_liga,2013-14,Málaga CF,5.23,37.65,-32.42,21,20
la_liga,2013-14,RC Celta de Vigo,6.4,10.8,-4.4,16,18
la_liga,2013-14,RCD Espanyol de Barcelona,0.75,12.9,-12.15,15,14
la_liga,2013-14,Rayo Vallecano de Madrid,0.0,7.0,-7.0,21,16
la_liga,2013-14,Real Betis Balompié,7.45,10.03,-2.58,23,20
la_liga,2013-14,Real Madrid CF,175.5,113.5,62.0,11,10
la_liga,2013-14,Real Sociedad de Fútbol,6.5,32.0,-25.5,6,6
la_liga,2013-14,Real Valladolid CF,1.05,1.8,-0.75,10,9
la_liga,2013-14,Sevilla FC,35.3,90.98,-55.68,27,28
la_liga,2013-14,UD Almería,0.0,1.0,-1.0,16,14
la_liga,2013-14,Valencia CF,22.47,47.1,-24.63,15,14
la_liga,2013-14,Villarreal CF,17.45,10.5,6.95,14,17
la_liga,2014-15,Athletic Club,1.0,36.0,-35.0,10,10
la_liga,2014-15,Club Atlético de Madrid,120.35,89.3,31.05,25,24
la_liga,2014-15,Córdoba CF,0.75,0.0,0.75,25,22
la_liga,2014-15,Elche CF,1.34,6.0,-4.66,15,18
la_liga,2014-15,FC Barcelona,166.72,81.8,84.92,13,15
la_liga,2014-15,Getafe CF,0.0,8.0,-8.0,10,12
la_liga,2014-15,Granada CF,7.92,21.0,-13.08,43,36
la_liga,2014-15,Levante UD,0.8,10.0,-9.2,14,14
la_liga,2014-15,Málaga CF,1.5,18.98,-17.48,14,13
la_liga,2014-15,RC Celta de Vigo,3.9,1.5,2.4,12,11
la_liga,2014-15,RC Deportivo La Coruña,1.4,0.0,1.4,17,13
la_liga,2014-15,RCD Espanyol de Barcelona,2.5,11.0,-8.5,15,17
la_liga,2014-15,Rayo Vallecano de Madrid,0.5,0.65,-0.15,22,24
la_liga,2014-15,Real Madrid CF,126.0,112.7,13.3,8,8
la_liga,2014-15,Real Sociedad de Fútbol,12.0,45.2,-33.2,14,14
la_liga,2014-15,SD Eibar,0.16,0.6,-0.44,21,20
la_liga,2014-15,Sevilla FC,20.95,50.55,-29.6,25,22
la_liga,2014-15,UD Almería,0.0,3.0,-3.0,16,17
la_liga,2014-15,Valencia CF,55.05,55.45,-0.4,23,25
la_liga,2014-15,Villarreal CF,18.7,22.5,-3.8,14,15
la_liga,2015-16,Athletic Club,10.0,0.0,10.0,13,16
la_liga,2015-16,Club Atlético de Madrid,119.0,152.0,-33.0,22,23
la_liga,2015-16,FC Barcelona,51.0,38.3,12.7,11,10
la_liga,2015-16,Getafe CF,0.27,4.1,-3.83,14,12
la_liga,2015-16,Granada CF,3.85,11.17,-7.32,39,41
la_liga,2015-16,Levante UD,6.55,0.0,6.55,16,15
la_liga,2015-16,Málaga CF,8.65,46.8,-38.15,20,20
la_liga,2015-16,RC Celta de Vigo,16.3,18.5,-2.2,10,12
la_liga,2015-16,RC Deportivo La Coruña,8.0,0.0,8.0,18,20
la_liga,2015-16,RCD Espanyol de Barcelona,4.45,15.2,-10.75,24,19
la_liga,2015-16,Rayo Vallecano de Madrid,0.4,0.0,0.4,18,17
la_liga,2015-16,Real Betis Balompié,8.85,1.05,7.8,22,18
la_liga,2015-16,Real Madrid CF,85.4,17.65,67.75,11,11
la_liga,2015-16,Real Sociedad de Fútbol,27.1,1.0,26.1,16,14
la_liga,2015-16,SD Eibar,3.7,0.0,3.7,27,27
la_liga,2015-16,Sevilla FC,44.0,61.45,-17.45,23,21
la_liga,2015-16,Sporting Gijón,0.0,0.0,0.0,9,7
la_liga,2015-16,UD Las Palmas,6.4,0.0,6.4,17,17
la_liga,2015-16,Valencia CF,143.9,50.0,93.9,20,16
la_liga,2015-16,Villarreal CF,47.2,37.56,9.64,19,18
la_liga,2016-17,Athletic Club,0.0,0.0,0.0,16,14
la_liga,2016-17,CA Osasuna,2.2,3.75,-1.55,15,9
la_liga,2016-17,CD Leganés,5.45,0.2,5.25,22,19
la_liga,2016-17,Club Atlético de Madrid,78.8,44.0,34.8,22,21
la_liga,2016-17,Deportivo Alavés,6.33,0.0,6.33,19,18
la_liga,2016-17,FC Barcelona,124.75,33.8,90.95,11,13
la_liga,2016-17,Granada CF,11.58,31.6,-20.02,38,39
la_liga,2016-17,Málaga CF,12.54,0.0,12.54,19,16
la_liga,2016-17,RC Celta de Vigo,8.4,19.8,-11.4,11,7
la_liga,2016-17,RC Deportivo La Coruña,7.0,20.0,-13.0,23,24
la_liga,2016-17,RCD Espanyol de Barcelona,18.4,6.0,12.4,20,22
la_liga,2016-17,Real Betis Balompié,20.9,8.0,12.9,21,24
la_liga,2016-17,Real Madrid CF,30.0,37.5,-7.5,14,12
la_liga,2016-17,Real Sociedad de Fútbol,18.0,11.0,7.0,13,12
la_liga,2016-17,SD Eibar,8.6,5.0,3.6,21,22
la_liga,2016-17,Sevilla FC,81.7,93.45,-11.75,17,19
la_liga,2016-17,Sporting Gijón,1.0,0.0,1.0,16,14
la_liga,2016-17,UD Las Palmas,2.9,0.2,2.7,15,17
la_liga,2016-17,Valencia CF,36.0,121.9,-85.9,16,18
la_liga,2016-17,Villarreal CF,55.95,67.25,-11.3,23,22
la_liga,2017-18,Athletic Club,32.0,65.0,-33.0,9,9
la_liga,2017-18,CD Leganés,6.55,0.13,6.42,20,23
la_liga,2017-18,Club Atlético de Madrid,95.6,104.0,-8.4,17,21
la_liga,2017-18,Deportivo Alavés,12.33,7.5,4.83,21,21
la_liga,2017-18,FC Barcelona,380.1,232.5,147.6,13,12
la_liga,2017-18,Getafe CF,12.9,1.6,11.3,26,24
la_liga,2017-18,Girona FC,8.75,0.0,8.75,20,22
la_liga,2017-18,Levante UD,10.0,13.85,-3.85,23,17
la_liga,2017-18,Málaga CF,10.5,33.4,-22.9,25,25
la_liga,2017-18,RC Celta de Vigo,26.8,13.2,13.6,15,20
la_liga,2017-18,RC Deportivo La Coruña,9.5,5.5,4.0,21,19
la_liga,2017-18,RCD Espanyol de Barcelona,17.05,10.5,6.55,17,17
la_liga,2017-18,Real Betis Balompié,38.5,27.07,11.43,21,22
la_liga,2017-18,Real Madrid CF,40.5,132.5,-92.0,9,10
la_liga,2017-18,Real Sociedad de Fútbol,25.5,53.0,-27.5,14,14
la_liga,2017-18,SD Eibar,10.25,10.0,0.25,22,20
la_liga,2017-18,Sevilla FC,78.05,81.6,-3.55,17,15
la_liga,2017-18,UD Las Palmas,0.35,25.7,-25.35,23,22
la_liga,2017-18,Valencia CF,55.0,16.55,38.45,23,23
la_liga,2017-18,Villarreal CF,46.1,68.0,-21.9,18,16
la_liga,2018-19,Athletic Club,32.9,80.0,-47.1,11,9
la_liga,2018-19,CD Leganés,18.9,24.6,-5.7,30,27
la_liga,2018-19,Club Atlético de Madrid,168.0,57.9,110.1,21,19
la_liga,2018-19,Deportivo Alavés,10.0,9.0,1.0,25,25
la_liga,2018-19,FC Barcelona,141.1,146.05,-4.95,19,19
la_liga,2018-19,Getafe CF,27.25,3.5,23.75,28,28
la_liga,2018-19,Girona FC,10.2,3.3,6.9,11,11
la_liga,2018-19,Levante UD,26.7,39.0,-12.3,17,22
la_liga,2018-19,RC Celta de Vigo,30.0,35.7,-5.7,23,18
la_liga,2018-19,RCD Espanyol de Barcelona,22.6,30.8,-8.2,13,13
la_liga,2018-19,Rayo Vallecano de Madrid,12.3,13.0,-0.7,28,27
la_liga,2018-19,Real Betis Balompié,44.5,49.3,-4.8,19,20
la_liga,2018-19,Real Madrid CF,164.75,136.1,28.65,16,14
la_liga,2018-19,Real Sociedad de Fútbol,12.0,32.8,-20.8,12,14
la_liga,2018-19,Real Valladolid CF,10.1,0.0,10.1,21,22
la_liga,2018-19,SD Eibar,8.0,7.75,0.25,15,17
la_liga,2018-19,SD Huesca,9.8,0.4,9.4,22,23
la_liga,2018-19,Sevilla FC,81.05,93.8,-12.75,20,22
la_liga,2018-19,Valencia CF,129.2,68.8,60.4,22,22
la_liga,2018-19,Villarreal CF,92.9,54.8,38.1,24,24
la_liga,2019-20,Athletic Club,0.0,0.0,0.0,10,12
la_liga,2019-20,CA Osasuna,14.45,0.3,14.15,21,16
la_liga,2019-20,CD Leganés,16.4,40.82,-24.42,30,35
la_liga,2019-20,Club Atlético de Madrid,247.35,309.0,-61.65,21,19
la_liga,2019-20,Deportivo Alavés,11.77,22.5,-10.73,28,26
la_liga,2019-20,FC Barcelona,298.5,152.9,145.6,22,23
la_liga,2019-20,Getafe CF,21.5,11.25,10.25,21,19
la_liga,2019-20,Granada CF,11.0,0.3,10.7,20,17
la_liga,2019-20,Levante UD,14.6,14.9,-0.3,21,21
la_liga,2019-20,RC Celta de Vigo,24.6,40.65,-16.05,18,17
la_liga,2019-20,RCD Espanyol de Barcelona,61.5,59.0,2.5,18,15
la_liga,2019-20,RCD Mallorca,7.5,0.0,7.5,31,29
la_liga,2019-20,Real Betis Balompié,92.75,72.0,20.75,21,19
la_liga,2019-20,Real Madrid CF,355.5,135.5,220.0,23,22
la_liga,2019-20,Real Sociedad de Fútbol,31.75,9.5,22.25,13,14
la_liga,2019-20,Real Valladolid CF,1.4,8.0,-6.6,21,22
la_liga,2019-20,SD Eibar,17.3,27.0,-9.7,19,17
la_liga,2019-20,Sevilla FC,178.73,131.45,47.28,30,33
la_liga,2019-20,Valencia CF,75.0,56.3,18.7,24,21
la_liga,2019-20,Villarreal CF,43.8,69.3,-25.5,19,20
la_liga,2020-21,Athletic Club,12.0,0.0,12.0,12,9
la_liga,2020-21,CA Osasuna,9.15,3.45,5.7,15,15
la_liga,2020-21,Club Atlético de Madrid,91.0,83.3,7.7,14,15
la_liga,2020-21,Cádiz CF,10.1,0.0,10.1,30,31
la_liga,2020-21,Deportivo Alavés,0.0,4.88,-4.88,23,24
la_liga,2020-21,Elche CF,6.1,7.3,-1.2,20,18
la_liga,2020-21,FC Barcelona,112.0,148.8,-36.8,18,15
la_liga,2020-21,Getafe CF,22.05,9.75,12.3,21,24
la_liga,2020-21,Granada CF,20.5,0.0,20.5,13,13
la_liga,2020-21,Levante UD,4.0,5.0,-1.0,15,14
la_liga,2020-21,RC Celta de Vigo,3.0,2.5,0.5,10,12
la_liga,2020-21,Real Betis Balompié,0.0,43.7,-43.7,16,14
la_liga,2020-21,Real Madrid CF,0.0,104.2,-104.2,15,19
la_liga,2020-21,Real Sociedad de Fútbol,10.0,28.25,-18.25,11,7
la_liga,2020-21,Real Valladolid CF,9.85,12.1,-2.25,28,24
la_liga,2020-21,SD Eibar,2.0,0.15,1.85,13,13
la_liga,2020-21,SD Huesca,4.65,0.0,4.65,21,18
la_liga,2020-21,Sevilla FC,72.75,19.68,53.07,22,19
la_liga,2020-21,Valencia CF,0.05,87.85,-87.8,14,13
la_liga,2020-21,Villarreal CF,36.5,26.65,9.85,24,20
la_liga,2021-22,Athletic Club,0.0,0.0,0.0,6,9
la_liga,2021-22,CA Osasuna,8.7,0.0,8.7,14,15
la_liga,2021-22,Club Atlético de Madrid,76.7,38.75,37.95,18,18
la_liga,2021-22,Cádiz CF,6.1,0.0,6.1,24,22
la_liga,2021-22,Deportivo Alavés,1.15,3.5,-2.35,24,22
la_liga,2021-22,Elche CF,8.2,2.1,6.1,17,17
la_liga,2021-22,FC Barcelona,69.5,70.55,-1.05,19,17
la_liga,2021-22,Getafe CF,16.0,21.0,-5.0,22,19
la_liga,2021-22,Granada CF,17.45,3.0,14.45,20,18
la_liga,2021-22,Levante UD,1.25,0.0,1.25,13,10
la_liga,2021-22,RC Celta de Vigo,9.02,1.8,7.22,13,16
la_liga,2021-22,RCD Espanyol de Barcelona,6.0,0.0,6.0,13,10
la_liga,2021-22,RCD Mallorca,10.0,9.0,1.0,21,23
la_liga,2021-22,Rayo Vallecano de Madrid,4.3,2.2,2.1,16,19
la_liga,2021-22,Real Betis Balompié,3.5,14.0,-10.5,9,8
la_liga,2021-22,Real Madrid CF,31.0,78.0,-47.0,10,7
la_liga,2021-22,Real Sociedad de Fútbol,2.5,0.0,2.5,7,9
la_liga,2021-22,Sevilla FC,41.5,28.5,13.0,17,17
la_liga,2021-22,Valencia CF,12.85,2.7,10.15,16,16
la_liga,2021-22,Villarreal CF,54.5,10.75,43.75,20,21
la_liga,2022-23,Athletic Club,0.0,0.0,0.0,13,13
la_liga,2022-23,CA Osasuna,2.0,0.0,2.0,12,14
la_liga,2022-23,Club Atlético de Madrid,29.5,20.25,9.25,21,21
la_liga,2022-23,Cádiz CF,9.5,1.0,8.5,27,24
la_liga,2022-23,Elche CF,13.16,5.5,7.66,20,17
la_liga,2022-23,FC Barcelona,153.0,39.0,114.0,15,22
la_liga,2022-23,Getafe CF,15.75,15.0,0.75,21,21
la_liga,2022-23,Girona FC,9.5,0.0,9.5,20,19
la_liga,2022-23,RC Celta de Vigo,21.0,17.2,3.8,19,18
la_liga,2022-23,RCD Espanyol de Barcelona,20.6,6.8,13.8,22,22
la_liga,2022-23,RCD Mallorca,13.1,4.3,8.8,19,20
la_liga,2022-23,Rayo Vallecano de Madrid,3.3,0.2,3.1,15,15
la_liga,2022-23,Real Betis Balompié,25.0,14.75,10.25,10,12
la_liga,2022-23,Real Madrid CF,80.0,92.15,-12.15,11,12
la_liga,2022-23,Real Sociedad de Fútbol,53.0,80.5,-27.5,17,16
la_liga,2022-23,Real Valladolid CF,6.3,1.0,5.3,26,29
la_liga,2022-23,Sevilla FC,29.4,91.5,-62.1,20,22
la_liga,2022-23,UD Almería,37.08,22.2,14.88,24,24
la_liga,2022-23,Valencia CF,12.5,54.6,-42.1,12,15
la_liga,2022-23,Villarreal CF,6.48,31.6,-25.12,15,18
ligue_1,2014-15,AS Monaco FC,39.75,89.12,-49.37,26,28
ligue_1,2014-15,AS Saint-Étienne,4.0,0.0,4.0,9,11
ligue_1,2014-15,EA Guingamp,2.56,2.5,0.06,12,11
ligue_1,2014-15,FC Lorient,8.45,19.2,-10.75,18,20
ligue_1,2014-15,FC Metz,3.6,7.65,-4.05,20,18
ligue_1,2014-15,FC Nantes,0.42,0.0,0.42,10,11
ligue_1,2014-15,Girondins Bordeaux,7.7,4.5,3.2,19,14
ligue_1,2014-15,Lille OSC,7.8,19.73,-11.93,13,11
ligue_1,2014-15,Montpellier HSC,4.0,15.9,-11.9,12,13
ligue_1,2014-15,OGC Nice,1.3,7.4,-6.1,11,15
ligue_1,2014-15,Olympique Lyonnais,5.65,1.5,4.15,7,9
ligue_1,2014-15,Olympique de Marseille,20.5,17.5,3.0,16,16
ligue_1,2014-15,Paris Saint-Germain FC,49.5,2.2,47.3,9,8
ligue_1,2014-15,Racing Club de Lens,0.0,3.0,-3.0,7,10
ligue_1,2014-15,SC Bastia,0.1,2.0,-1.9,28,20
ligue_1,2014-15,SM Caen,0.8,0.0,0.8,13,12
ligue_1,2014-15,Stade Rennais FC 1901,15.14,20.5,-5.36,23,21
ligue_1,2014-15,Stade de Reims,0.0,5.5,-5.5,10,11
ligue_1,2014-15,Toulouse FC,3.0,13.7,-10.7,11,9
ligue_1,2014-15,Évian Thonon Gaillard,2.25,3.0,-0.75,17,16
ligue_1,2015-16,AS Monaco FC,101.06,175.4,-74.34,30,29
ligue_1,2015-16,AS Saint-Étienne,20.3,23.2,-2.9,17,13
ligue_1,2015-16,Angers SCO,0.0,5.9,-5.9,23,22
ligue_1,2015-16,EA Guingamp,1.95,6.0,-4.05,15,13
ligue_1,2015-16,ESTAC Troyes,0.3,7.3,-7.0,17,17
ligue_1,2015-16,FC Lorient,9.93,18.5,-8.57,14,15
ligue_1,2015-16,FC Nantes,7.0,17.55,-10.55,14,14
ligue_1,2015-16,Gazélec FC Ajaccio,0.0,0.0,0.0,9,10
ligue_1,2015-16,Girondins Bordeaux,11.0,22.3,-11.3,13,13
ligue_1,2015-16,Lille OSC,12.9,35.25,-22.35,23,18
ligue_1,2015-16,Montpellier HSC,2.72,4.0,-1.27,11,8
ligue_1,2015-16,OGC Nice,4.1,14.0,-9.9,22,20
ligue_1,2015-16,Olympique Lyonnais,41.1,26.8,14.3,11,13
ligue_1,2015-16,Olympique de Marseille,19.75,54.45,-34.7,23,18
ligue_1,2015-16,Paris Saint-Germain FC,116.1,22.9,93.2,9,11
ligue_1,2015-16,SC Bastia,0.0,1.7,-1.7,13,17
ligue_1,2015-16,SM Caen,6.05,14.0,-7.95,21,16
ligue_1,2015-16,Stade Rennais FC 1901,5.64,10.6,-4.96,18,19
ligue_1,2015-16,Stade de Reims,2.4,1.5,0.9,13,10
ligue_1,2015-16,Toulouse FC,2.9,10.5,-7.6,10,13
ligue_1,2016-17,AS Monaco FC,50.5,18.45,32.05,25,29
ligue_1,2016-17,AS Nancy Lorraine,2.3,10.9,-8.6,14,9
ligue_1,2016-17,AS Saint-Étienne,7.0,2.25,4.75,15,15
ligue_1,2016-17,Angers SCO,5.2,4.4,0.8,21,20
ligue_1,2016-17,Dijon FCO,3.15,1.25,1.9,14,15
ligue_1,2016-17,EA Guingamp,0.0,2.5,-2.5,16,17
ligue_1,2016-17,FC Lorient,8.6,32.15,-23.55,25,20
ligue_1,2016-17,FC Metz,0.4,0.78,-0.38,26,27
ligue_1,2016-17,FC Nantes,5.0,2.64,2.36,13,12
ligue_1,2016-17,Girondins Bordeaux,11.85,2.6,9.25,13,15
ligue_1,2016-17,Lille OSC,20.7,47.0,-26.3,21,25
ligue_1,2016-17,Montpellier HSC,6.4,19.4,-13.0,14,16
ligue_1,2016-17,OGC Nice,15.25,15.8,-0.55,21,19
ligue_1,2016-17,Olympique Lyonnais,28.6,27.3,1.3,13,13
ligue_1,2016-17,Olympique de Marseille,53.0,81.49,-28.49,26,25
ligue_1,2016-17,Paris Saint-Germain FC,134.5,59.8,74.7,16,15
ligue_1,2016-17,SC Bastia,0.25,7.0,-6.75,17,18
ligue_1,2016-17,SM Caen,4.25,11.0,-6.75,11,11
ligue_1,2016-17,Stade Rennais FC 1901,2.27,55.3,-53.03,24,22
ligue_1,2016-17,Toulouse FC,13.0,10.0,3.0,19,15
ligue_1,2017-18,AS Monaco FC,122.4,199.5,-77.1,25,23
ligue_1,2017-18,AS Saint-Étienne,19.3,15.5,3.8,19,22
ligue_1,2017-18,Amiens SC,6.63,8.0,-1.37,18,16
ligue_1,2017-18,Angers SCO,12.4,26.0,-13.6,18,21
ligue_1,2017-18,Dijon FCO,5.5,15.0,-9.5,12,13
ligue_1,2017-18,EA Guingamp,1.38,1.45,-0.07,15,16
ligue_1,2017-18,ESTAC Troyes,0.0,0.0,0.0,9,11
ligue_1,2017-18,FC Metz,3.6,22.85,-19.25,23,21
ligue_1,2017-18,FC Nantes,11.3,10.0,1.3,14,11
ligue_1,2017-18,Girondins Bordeaux,32.6,28.25,4.35,25,23
ligue_1,2017-18,Lille OSC,76.5,31.1,45.4,31,30
ligue_1,2017-18,Montpellier HSC,5.7,20.8,-15.1,14,16
ligue_1,2017-18,OGC Nice,26.3,27.5,-1.2,15,19
ligue_1,2017-18,Olympique Lyonnais,58.05,119.55,-61.5,19,20
ligue_1,2017-18,Olympique de Marseille,62.0,2.75,59.25,17,21
ligue_1,2017-18,Paris Saint-Germain FC,238.0,98.4,139.6,11,14
ligue_1,2017-18,RC Strasbourg Alsace,5.4,2.0,3.4,16,15
ligue_1,2017-18,SM Caen,6.95,6.0,0.95,16,16
ligue_1,2017-18,Stade Rennais FC 1901,53.9,15.8,38.1,19,22
ligue_1,2017-18,Toulouse FC,3.5,13.0,-9.5,11,15
ligue_1,2018-19,AS Monaco FC,145.85,367.25,-221.4,37,29
ligue_1,2018-19,AS Saint-Étienne,15.0,18.7,-3.7,18,22
ligue_1,2018-19,Amiens SC,7.49,10.0,-2.51,21,27
ligue_1,2018-19,Angers SCO,4.45,21.0,-16.55,20,19
ligue_1,2018-19,Dijon FCO,9.2,4.0,5.2,15,15
ligue_1,2018-19,EA Guingamp,3.5,4.0,-0.5,13,13
ligue_1,2018-19,FC Nantes,14.35,22.2,-7.85,16,18
ligue_1,2018-19,Girondins Bordeaux,21.46,50.7,-29.24,17,20
ligue_1,2018-19,Lille OSC,8.9,69.7,-60.8,15,20
ligue_1,2018-19,Montpellier HSC,10.15,25.5,-15.35,13,10
ligue_1,2018-19,Nîmes Olympique,3.15,0.0,3.15,13,8
ligue_1,2018-19,OGC Nice,28.0,61.7,-33.7,13,12
ligue_1,2018-19,Olympique Lyonnais,46.45,90.1,-43.65,18,17
ligue_1,2018-19,Olympique de Marseille,66.0,32.85,33.15,13,10
ligue_1,2018-19,Paris Saint-Germain FC,262.0,114.0,148.0,21,18
ligue_1,2018-19,RC Strasbourg Alsace,15.75,14.0,1.75,16,12
ligue_1,2018-19,SM Caen,9.95,14.5,-4.55,26,25
ligue_1,2018-19,Stade Rennais FC 1901,18.0,18.5,-0.5,19,15
ligue_1,2018-19,Stade de Reims,15.5,11.0,4.5,15,14
ligue_1,2018-19,Toulouse FC,18.45,35.5,-17.05,18,19
ligue_1,2019-20,AS Monaco FC,200.0,83.75,116.25,33,39
ligue_1,2019-20,AS Saint-Étienne,13.45,45.85,-32.4,26,17
ligue_1,2019-20,Amiens SC,18.15,5.44,12.71,26,20
ligue_1,2019-20,Angers SCO,10.4,34.0,-23.6,16,18
ligue_1,2019-20,Dijon FCO,10.46,24.5,-14.04,15,16
ligue_1,2019-20,FC Metz,14.35,2.6,11.75,19,16
ligue_1,2019-20,FC Nantes,18.75,38.5,-19.75,22,20
ligue_1,2019-20,Girondins Bordeaux,17.0,52.25,-35.25,18,19
ligue_1,2019-20,Lille OSC,98.4,151.0,-52.6,18,18
ligue_1,2019-20,Montpellier HSC,20.3,40.0,-19.7,16,17
ligue_1,2019-20,Nîmes Olympique,9.85,20.5,-10.65,17,17
ligue_1,2019-20,OGC Nice,52.2,23.11,29.09,15,16
ligue_1,2019-20,Olympique Lyonnais,126.0,158.32,-32.32,16,14
ligue_1,2019-20,Olympique de Marseille,27.0,27.25,-0.25,10,12
ligue_1,2019-20,Paris Saint-Germain FC,95.0,105.9,-10.9,21,18
ligue_1,2019-20,RC Strasbourg Alsace,11.0,21.5,-10.5,8,13
ligue_1,2019-20,Stade Brestois 29,7.5,0.5,7.0,13,13
ligue_1,2019-20,Stade Rennais FC 1901,58.1,54.5,3.6,22,21
ligue_1,2019-20,Stade de Reims,18.7,26.6,-7.9,19,20
ligue_1,2019-20,Toulouse FC,14.0,17.15,-3.15,23,18
ligue_1,2020-21,AS Monaco FC,52.7,13.53,39.17,32,32
ligue_1,2020-21,AS Saint-Étienne,5.6,44.1,-38.5,24,23
ligue_1,2020-21,Angers SCO,11.25,10.7,0.55,17,14
ligue_1,2020-21,Dijon FCO,15.8,17.0,-1.2,18,15
ligue_1,2020-21,FC Lorient,26.5,6.5,20.0,21,19
ligue_1,2020-21,FC Metz,14.7,10.0,4.7,24,20
ligue_1,2020-21,FC Nantes,5.0,2.0,3.0,11,13
ligue_1,2020-21,Girondins Bordeaux,0.0,17.0,-17.0,14,13
ligue_1,2020-21,Lille OSC,40.43,104.18,-63.74,15,14
ligue_1,2020-21,Montpellier HSC,13.1,0.0,13.1,11,9
ligue_1,2020-21,Nîmes Olympique,11.25,2.5,8.75,12,7
ligue_1,2020-21,OGC Nice,29.23,20.51,8.72,25,25
ligue_1,2020-21,Olympique Lyonnais,33.25,50.6,-17.35,14,21
ligue_1,2020-21,Olympique de Marseille,17.42,32.05,-14.63,11,12
ligue_1,2020-21,Paris Saint-Germain FC,62.0,0.4,61.6,15,16
ligue_1,2020-21,RC Strasbourg Alsace,12.0,0.5,11.5,8,7
ligue_1,2020-21,Racing Club de Lens,19.0,0.0,19.0,16,15
ligue_1,2020-21,Stade Brestois 29,16.1,12.0,4.1,16,15
ligue_1,2020-21,Stade Rennais FC 1901,70.56,55.42,15.14,16,22
ligue_1,2020-21,Stade de Reims,11.2,17.0,-5.8,8,14
ligue_1,2021-22,AS Monaco FC,45.5,34.75,10.75,22,24
ligue_1,2021-22,AS Saint-Étienne,0.6,0.0,0.6,13,15
ligue_1,2021-22,Angers SCO,1.8,18.1,-16.3,10,15
ligue_1,2021-22,Clermont Foot 63,0.0,0.0,0.0,17,16
ligue_1,2021-22,ESTAC Troyes,21.8,0.0,21.8,24,23
ligue_1,2021-22,FC Lorient,10.5,10.0,0.5,15,17
ligue_1,2021-22,FC Metz,2.5,21.5,-19.0,20,19
ligue_1,2021-22,FC Nantes,7.5,15.8,-8.3,12,15
ligue_1,2021-22,Girondins Bordeaux,9.8,18.1,-8.3,24,19
ligue_1,2021-22,Lille OSC,20.0,75.46,-55.46,16,16
ligue_1,2021-22,Montpellier HSC,0.2,25.0,-24.8,13,15
ligue_1,2021-22,OGC Nice,55.0,25.1,29.9,22,23
ligue_1,2021-22,Olympique Lyonnais,22.92,95.6,-72.68,22,16
ligue_1,2021-22,Olympique de Marseille,47.12,7.5,39.62,22,21
ligue_1,2021-22,Paris Saint-Germain FC,89.5,11.0,78.5,20,18
ligue_1,2021-22,RC Strasbourg Alsace,4.5,16.0,-11.5,17,19
ligue_1,2021-22,Racing Club de Lens,20.6,18.0,2.6,17,19
ligue_1,2021-22,Stade Brestois 29,9.5,28.2,-18.7,14,15
ligue_1,2021-22,Stade Rennais FC 1901,79.5,45.65,33.85,23,20
ligue_1,2021-22,Stade de Reims,16.0,15.05,0.95,21,15
ligue_1,2022-23,AC Ajaccio,0.3,0.6,-0.3,13,11
ligue_1,2022-23,AJ Auxerre,3.75,0.5,3.25,25,17
ligue_1,2022-23,AS Monaco FC,43.5,157.0,-113.5,19,21
ligue_1,2022-23,Angers SCO,6.0,37.0,-31.0,27,18
ligue_1,2022-23,Clermont Foot 63,2.3,21.4,-19.1,23,26
ligue_1,2022-23,ESTAC Troyes,20.1,10.0,10.1,24,25
ligue_1,2022-23,FC Lorient,30.2,39.35,-9.15,26,27
ligue_1,2022-23,FC Nantes,8.45,0.0,8.45,15,12
ligue_1,2022-23,Lille OSC,26.0,101.0,-75.0,15,16
ligue_1,2022-23,Montpellier HSC,9.5,10.0,-0.5,14,14
ligue_1,2022-23,OGC Nice,84.0,44.4,39.6,26,26
ligue_1,2022-23,Olympique Lyonnais,32.45,78.85,-46.4,17,22
ligue_1,2022-23,Olympique de Marseille,115.4,39.63,75.77,24,27
ligue_1,2022-23,Paris Saint-Germain FC,147.5,59.3,88.2,21,34
ligue_1,2022-23,RC Strasbourg Alsace,7.0,10.9,-3.9,18,15
ligue_1,2022-23,Racing Club de Lens,38.35,52.09,-13.74,23,15
ligue_1,2022-23,Stade Brestois 29,5.35,2.1,3.25,17,17
ligue_1,2022-23,Stade Rennais FC 1901,80.5,95.0,-14.5,21,20
ligue_1,2022-23,Stade de Reims,16.6,28.8,-12.2,22,29
ligue_1,2022-23,Toulouse FC,13.5,11.0,2.5,15,15
serie_a,2013-14,AC Milan,43.13,17.4,25.73,17,47
serie_a,2013-14,ACF Fiorentina,53.3,41.0,12.3,16,32
serie_a,2013-14,AS Livorno,4.82,1.8,3.02,21,33
serie_a,2013-14,AS Roma,75.39,120.39,-45.0,22,49
serie_a,2013-14,Atalanta BC,11.32,6.2,5.12,14,39
serie_a,2013-14,Bologna FC 1909,6.59,18.0,-11.41,20,47
serie_a,2013-14,Cagliari Calcio,1.8,7.3,-5.5,11,19
serie_a,2013-14,Calcio Catania,8.37,11.09,-2.72,18,40
serie_a,2013-14,Chievo Verona,3.9,5.86,-1.96,28,65
serie_a,2013-14,FC Internazionale Milano,59.89,11.0,48.89,19,42
serie_a,2013-14,Genoa CFC,23.44,30.23,-6.79,31,65
serie_a,2013-14,Hellas Verona FC,8.1,9.5,-1.4,28,48
serie_a,2013-14,Juventus FC,45.5,69.09,-23.59,16,45
serie_a,2013-14,Parma Calcio 1913,13.59,35.22,-21.63,115,233
serie_a,2013-14,SS Lazio,26.83,28.45,-1.62,13,25
serie_a,2013-14,SSC Napoli,107.45,74.2,33.25,16,39
serie_a,2013-14,Torino FC,20.25,21.84,-1.59,19,27
serie_a,2013-14,UC Sampdoria,19.6,25.45,-5.85,15,55
serie_a,2013-14,US Sassuolo Calcio,46.5,5.0,41.5,30,29
serie_a,2013-14,Udinese Calcio,24.41,47.7,-23.29,24,54
serie_a,2014-15,AC Cesena,9.85,13.65,-3.8,26,56
serie_a,2014-15,AC Milan,16.9,28.2,-11.3,20,59
serie_a,2014-15,ACF Fiorentina,9.1,38.0,-28.9,17,36
serie_a,2014-15,AS Roma,99.51,42.6,56.91,21,44
serie_a,2014-15,Atalanta BC,11.09,20.0,-8.91,15,54
serie_a,2014-15,Cagliari Calcio,22.6,21.92,0.68,24,28
serie_a,2014-15,Chievo Verona,8.6,5.04,3.56,30,76
serie_a,2014-15,Empoli FC,0.86,4.56,-3.7,23,35
serie_a,2014-15,FC Internazionale Milano,16.95,23.5,-6.55,25,53
serie_a,2014-15,Genoa CFC,7.45,25.95,-18.5,27,61
serie_a,2014-15,Hellas Verona FC,22.26,30.25,-7.99,30,58
serie_a,2014-15,Juventus FC,59.3,24.41,34.89,26,61
serie_a,2014-15,Parma Calcio 1913,17.24,17.75,-0.51,40,215
serie_a,2014-15,SS Lazio,12.75,0.15,12.6,13,32
serie_a,2014-15,SSC Napoli,34.8,20.45,14.35,8,39
serie_a,2014-15,Torino FC,23.2,33.86,-10.66,22,40
serie_a,2014-15,UC Sampdoria,24.25,26.52,-2.27,23,51
serie_a,2014-15,US Palermo,19.7,18.5,1.2,18,41
serie_a,2014-15,US Sassuolo Calcio,19.3,12.6,6.7,13,31
serie_a,2014-15,Udinese Calcio,29.2,25.4,3.8,20,59
serie_a,2015-16,AC Milan,102.27,11.16,91.11,16,56
serie_a,2015-16,ACF Fiorentina,24.9,26.85,-1.95,18,52
serie_a,2015-16,AS Roma,60.1,134.25,-74.15,25,62
serie_a,2015-16,Atalanta BC,23.83,37.95,-14.12,20,73
serie_a,2015-16,Bologna FC 1909,26.63,0.8,25.83,23,45
serie_a,2015-16,Carpi FC,0.3,0.28,0.02,32,40
serie_a,2015-16,Chievo Verona,6.13,15.41,-9.28,20,71
serie_a,2015-16,Empoli FC,6.35,11.5,-5.15,16,33
serie_a,2015-16,FC Internazionale Milano,102.45,115.32,-12.87,20,72
serie_a,2015-16,Frosinone Calcio,0.4,0.2,0.2,14,23
serie_a,2015-16,Genoa CFC,16.7,43.15,-26.45,23,50
serie_a,2015-16,Hellas Verona FC,6.3,2.05,4.25,23,54
serie_a,2015-16,Juventus FC,185.5,81.28,104.22,24,83
serie_a,2015-16,SS Lazio,31.25,2.37,28.88,15,37
serie_a,2015-16,SSC Napoli,42.7,18.29,24.41,14,36
serie_a,2015-16,Torino FC,28.05,19.75,8.3,12,43
serie_a,2015-16,UC Sampdoria,34.67,16.07,18.6,29,59
serie_a,2015-16,US Palermo,12.25,52.9,-40.65,22,42
serie_a,2015-16,US Sassuolo Calcio,30.7,25.0,5.7,11,28
serie_a,2015-16,Udinese Calcio,21.42,74.12,-52.7,17,61
serie_a,2016-17,AC Milan,29.56,25.15,4.41,12,29
serie_a,2016-17,ACF Fiorentina,15.73,31.05,-15.32,16,44
serie_a,2016-17,AS Roma,102.6,43.43,59.17,19,60
serie_a,2016-17,Atalanta BC,15.94,41.33,-25.39,18,69
serie_a,2016-17,Bologna FC 1909,31.3,16.98,14.32,22,42
serie_a,2016-17,Cagliari Calcio,9.72,11.32,-1.6,14,37
serie_a,2016-17,Chievo Verona,12.57,6.28,6.29,15,57
serie_a,2016-17,Delfino Pescara,14.29,22.27,-7.98,34,67
serie_a,2016-17,Empoli FC,7.0,15.0,-8.0,14,31
serie_a,2016-17,FC Crotone,5.95,7.75,-1.8,26,39
serie_a,2016-17,FC Internazionale Milano,159.85,18.5,141.35,18,57
serie_a,2016-17,Genoa CFC,27.2,50.3,-23.1,28,56
serie_a,2016-17,Juventus FC,170.2,176.93,-6.73,12,82
serie_a,2016-17,SS Lazio,32.7,28.7,4.0,8,36
serie_a,2016-17,SSC Napoli,99.09,116.8,-17.72,9,38
serie_a,2016-17,Torino FC,28.48,26.43,2.05,18,50
serie_a,2016-17,UC Sampdoria,39.65,80.71,-41.06,22,54
serie_a,2016-17,US Palermo,8.48,29.25,-20.77,16,39
serie_a,2016-17,US Sassuolo Calcio,27.51,27.8,-0.29,12,22
serie_a,2016-17,Udinese Calcio,26.5,32.23,-5.73,15,61
serie_a,2017-18,AC Milan,186.48,34.48,152.0,13,34
serie_a,2017-18,ACF Fiorentina,79.5,93.58,-14.08,23,42
serie_a,2017-18,AS Roma,91.15,155.0,-63.85,14,59
serie_a,2017-18,Atalanta BC,61.37,78.04,-16.67,18,80
serie_a,2017-18,Benevento Calcio,23.08,3.98,19.1,31,34
serie_a,2017-18,Bologna FC 1909,13.0,0.0,13.0,15,34
serie_a,2017-18,Cagliari Calcio,31.09,19.88,11.22,14,34
serie_a,2017-18,Chievo Verona,2.95,17.67,-14.72,18,59
serie_a,2017-18,FC Crotone,3.0,0.0,3.0,18,34
serie_a,2017-18,FC Internazionale Milano,137.55,79.24,58.31,12,66
serie_a,2017-18,Genoa CFC,14.17,46.72,-32.54,23,55
serie_a,2017-18,Hellas Verona FC,3.05,8.05,-5.0,20,35
serie_a,2017-18,Juventus FC,177.6,145.65,31.95,14,70
serie_a,2017-18,SPAL 2013 Ferrara,8.74,0.54,8.19,28,31
serie_a,2017-18,SS Lazio,28.1,73.92,-45.82,11,24
serie_a,2017-18,SSC Napoli,68.0,17.45,50.55,9,33
serie_a,2017-18,Torino FC,26.35,79.8,-53.45,13,39
serie_a,2017-18,UC Sampdoria,51.0,71.46,-20.46,12,43
serie_a,2017-18,US Sassuolo Calcio,35.5,19.25,16.25,14,33
serie_a,2017-18,Udinese Calcio,22.59,17.7,4.89,15,37
serie_a,2018-19,AC Milan,193.77,88.1,105.67,13,27
serie_a,2018-19,ACF Fiorentina,60.66,43.36,17.29,21,42
serie_a,2018-19,AS Roma,164.1,150.46,13.64,15,46
serie_a,2018-19,Atalanta BC,59.3,21.56,37.74,14,81
serie_a,2018-19,Bologna FC 1909,31.22,44.99,-13.78,15,38
serie_a,2018-19,Cagliari Calcio,22.5,7.85,14.65,17,31
serie_a,2018-19,Chievo Verona,9.47,17.62,-8.15,19,52
serie_a,2018-19,Empoli FC,17.3,22.9,-5.6,24,43
serie_a,2018-19,FC Internazionale Milano,97.6,87.42,10.18,12,54
serie_a,2018-19,Frosinone Calcio,9.56,0.8,8.76,25,24
serie_a,2018-19,Genoa CFC,58.88,84.36,-25.49,33,72
serie_a,2018-19,Juventus FC,259.7,111.67,148.03,9,35
serie_a,2018-19,Parma Calcio 1913,20.4,0.6,19.8,31,48
serie_a,2018-19,SPAL 2013 Ferrara,21.9,1.35,20.55,23,41
serie_a,2018-19,SS Lazio,51.28,38.6,12.68,11,30
serie_a,2018-19,SSC Napoli,70.5,100.8,-30.3,10,34
serie_a,2018-19,Torino FC,53.15,17.2,35.95,15,48
serie_a,2018-19,UC Sampdoria,56.45,90.12,-33.67,19,44
serie_a,2018-19,US Sassuolo Calcio,53.97,50.38,3.59,17,40
serie_a,2018-19,Udinese Calcio,52.9,13.53,39.37,18,43
serie_a,2019-20,AC Milan,122.78,59.23,63.55,11,28
serie_a,2019-20,ACF Fiorentina,56.5,15.32,41.18,20,47
serie_a,2019-20,AS Roma,117.4,106.38,11.02,14,39
serie_a,2019-20,Atalanta BC,59.06,105.1,-46.04,16,77
serie_a,2019-20,Bologna FC 1909,67.04,28.68,38.36,19,42
serie_a,2019-20,Brescia Calcio,18.65,0.1,18.55,16,21
serie_a,2019-20,Cagliari Calcio,40.1,18.86,21.24,18,32
serie_a,2019-20,FC Internazionale Milano,191.72,66.74,124.98,18,48
serie_a,2019-20,Genoa CFC,50.37,66.25,-15.88,31,76
serie_a,2019-20,Hellas Verona FC,21.19,43.67,-22.48,35,56
serie_a,2019-20,Juventus FC,230.5,203.14,27.36,10,24
serie_a,2019-20,Parma Calcio 1913,23.31,17.16,6.15,29,72
serie_a,2019-20,SPAL 2013 Ferrara,26.15,38.45,-12.3,22,36
serie_a,2019-20,SS Lazio,46.95,35.35,11.6,17,36
serie_a,2019-20,SSC Napoli,204.72,47.58,157.14,19,43
serie_a,2019-20,Torino FC,27.8,24.4,3.4,12,40
serie_a,2019-20,UC Sampdoria,65.25,74.59,-9.34,19,45
serie_a,2019-20,US Lecce,6.2,0.45,5.75,21,37
serie_a,2019-20,US Sassuolo Calcio,66.33,51.95,14.38,19,52
serie_a,2019-20,Udinese Calcio,12.6,59.88,-47.28,12,41
serie_a,2020-21,AC Milan,34.42,47.95,-13.53,15,26
serie_a,2020-21,ACF Fiorentina,55.3,59.89,-4.59,13,44
serie_a,2020-21,AS Roma,72.1,48.0,24.1,14,31
serie_a,2020-21,Atalanta BC,60.74,74.5,-13.76,13,58
serie_a,2020-21,Benevento Calcio,11.6,1.0,10.6,11,23
serie_a,2020-21,Bologna FC 1909,3.15,5.0,-1.85,8,28
serie_a,2020-21,Cagliari Calcio,34.18,41.75,-7.57,14,32
serie_a,2020-21,FC Crotone,5.49,0.0,5.49,19,32
serie_a,2020-21,FC Internazionale Milano,125.5,82.55,42.95,11,40
serie_a,2020-21,Genoa CFC,62.68,64.59,-1.91,27,60
serie_a,2020-21,Hellas Verona FC,18.95,5.1,13.85,22,51
serie_a,2020-21,Juventus FC,154.4,107.51,46.89,11,20
serie_a,2020-21,Parma Calcio 1913,104.33,4.3,100.03,26,50
serie_a,2020-21,SS Lazio,41.62,7.85,33.77,9,28
serie_a,2020-21,SSC Napoli,77.25,122.06,-44.81,5,38
serie_a,2020-21,Spezia Calcio,5.12,1.96,3.16,20,28
serie_a,2020-21,Torino FC,45.65,27.0,18.65,9,30
serie_a,2020-21,UC Sampdoria,17.75,12.1,5.65,15,37
serie_a,2020-21,US Sassuolo Calcio,28.5,62.36,-33.85,10,41
serie_a,2020-21,Udinese Calcio,21.5,31.55,-10.05,15,28
serie_a,2021-22,AC Milan,78.7,5.5,73.2,13,27
serie_a,2021-22,ACF Fiorentina,59.8,105.95,-46.15,8,42
serie_a,2021-22,AS Roma,126.55,14.02,112.53,17,39
serie_a,2021-22,Atalanta BC,66.0,47.7,18.3,11,67
serie_a,2021-22,Bologna FC 1909,29.41,25.6,3.81,12,34
serie_a,2021-22,Cagliari Calcio,14.6,5.2,9.4,14,28
serie_a,2021-22,Empoli FC,10.2,27.5,-17.3,23,38
serie_a,2021-22,FC Internazionale Milano,40.5,203.55,-163.05,10,35
serie_a,2021-22,Genoa CFC,44.5,18.6,25.9,30,64
serie_a,2021-22,Hellas Verona FC,39.3,37.7,1.6,18,42
serie_a,2021-22,Juventus FC,126.5,61.0,65.5,9,17
serie_a,2021-22,SS Lazio,13.8,8.9,4.9,9,34
serie_a,2021-22,SSC Napoli,22.2,3.2,19.0,5,27
serie_a,2021-22,Spezia Calcio,25.32,5.7,19.61,30,41
serie_a,2021-22,Torino FC,13.3,16.5,-3.2,12,30
serie_a,2021-22,UC Sampdoria,14.51,9.15,5.36,18,40
serie_a,2021-22,US Salernitana 1919,14.35,0.0,14.35,36,50
serie_a,2021-22,US Sassuolo Calcio,38.15,22.6,15.56,11,46
serie_a,2021-22,Udinese Calcio,9.3,79.62,-70.32,12,29
serie_a,2021-22,Venezia FC,22.09,0.2,21.89,21,34
serie_a,2022-23,AC Milan,48.67,13.05,35.62,9,25
serie_a,2022-23,AC Monza,23.9,0.0,23.9,24,33
serie_a,2022-23,ACF Fiorentina,36.7,45.8,-9.1,10,36
serie_a,2022-23,AS Roma,9.0,67.1,-58.1,10,30
serie_a,2022-23,Atalanta BC,98.0,80.72,17.28,8,74
serie_a,2022-23,Bologna FC 1909,34.5,45.7,-11.2,17,30
serie_a,2022-23,Empoli FC,14.2,31.42,-17.22,22,50
serie_a,2022-23,FC Internazionale Milano,38.6,8.4,30.2,10,42
serie_a,2022-23,Hellas Verona FC,39.5,34.6,4.9,27,40
serie_a,2022-23,Juventus FC,102.4,107.4,-5.0,11,24
serie_a,2022-23,SS Lazio,39.7,36.13,3.57,12,36
serie_a,2022-23,SSC Napoli,68.05,80.95,-12.9,12,30
serie_a,2022-23,Spezia Calcio,15.9,32.35,-16.45,18,33
serie_a,2022-23,Torino FC,28.35,50.68,-22.32,16,34
serie_a,2022-23,UC Sampdoria,6.0,34.6,-28.6,29,49
serie_a,2022-23,US Cremonese,26.3,0.0,26.3,26,41
serie_a,2022-23,US Lecce,6.85,3.55,3.3,26,28
serie_a,2022-23,US Salernitana 1919,45.33,21.1,24.23,26,52
serie_a,2022-23,US Sassuolo Calcio,48.0,75.0,-27.0,14,50
serie_a,2022-23,Udinese Calcio,52.5,61.7,-9.2,18,29
