season,pfr_id,player,team_level
2000,AdamSa00,Sam Adams,2
2000,AlleLa00,Larry Allen,1
2000,ArmsJe00,Jessie Armstead,2
2000,ArmsTr00,Trace Armstrong,2
2000,BailCh00,Champ Bailey,2
2000,BateMi00,Michael Bates,1
2000,BennDa20,Darren Bennett,1
2000,BirkMa00,Matt Birk,1
2000,BishBl00,Blaine Bishop,2
2000,BoydSt00,Stephen Boyd,2
2000,BrooDe00,Derrick Brooks,1
2000,BrowRu00,Ruben Brown,2
2000,BurnRo00,Rob Burnett,2
2000,CowaSa00,Sam Cowart,2
2000,CulpDa00,Daunte Culpepper,1
2000,DougHu00,Hugh Douglas,1
2000,FaulMa00,Marshall Faulk,1
2000,GannRi00,Rich Gannon,1
2000,GardCh20,Chris Gardocki,2
2000,GeorEd00,Eddie George,1
2000,GlovLa00,La'Roi Glover,1
2000,GodfRa20,Randall Godfrey,2
2000,GonzTo00,Tony Gonzalez,1
2000,HakiAz00,Az-Zahir Hakim,1
2000,HamiKe20,Keith Hamilton,2
2000,HarrMa00,Marvin Harrison,2
2000,HopkBr00,Brad Hopkins,1
2000,HowaDe00,Desmond Howard,1
2000,IzzoLa00,Larry Izzo,1
2000,JameEd00,Edgerrin James,2
2000,JohnJo04,Joe Johnson,1
2000,LechSh20,Shane Lechler,1
2000,LewiCh00,Chad Lewis,2
2000,LewiMo00,Mo Lewis,2
2000,LewiRa00,Ray Lewis,1
2000,LyncJo00,John Lynch,1
2000,MadiSa00,Sam Madison,1
2000,MannPe00,Peyton Manning,2
2000,MariBr00,Brock Marion,1
2000,MasoDe00,Derrick Mason,1
2000,MattBr00,Bruce Matthews,1
2000,MawaKe00,Kevin Mawae,2
2000,MitcKe00,Keith Mitchell,1
2000,MossRa00,Randy Moss,1
2000,NaleTo00,Tom Nalen,1
2000,OgdeJo00,Jonathan Ogden,1
2000,OwenTe00,Terrell Owens,1
2000,PaceOr00,Orlando Pace,2
2000,PlaySc20,Scott Player,1
2000,PrycTr00,Trevor Pryce,1
2000,RoafWi00,Willie Roaf,2
2000,RollSa00,Samari Rolle,1
2000,SappWa00,Warren Sapp,1
2000,SeauJu00,Junior Seau,1
2000,SharDa00,Darren Sharper,1
2000,SmitRo00,Robert Smith,2
2000,SmitRo01,Rod Smith,2
2000,StonRo00,Ron Stone,1
2000,TaylJa03,Jason Taylor,1
2000,TrotJe00,Jeremiah Trotter,1
2000,TurlKy20,Kyle Turley,1
2000,VaugDa20,Darrick Vaughn,2
2000,VincTr00,Troy Vincent,1
2000,WisnSt00,Steve Wisniewski,2
2000,WoodCh00,Charles Woodson,2
2000,WoodRo01,Rod Woodson,2
2000,WychFr00,Frank Wycheck,2
2000,gramamar01,Martin Gramatica,2
2000,stovemat01,Matt Stover,1
2001,AbraJo00,John Abraham,1
2001,AdamSa00,Sam Adams,1
2001,AlleLa00,Larry Allen,1
2001,ArriLa00,LaVar Arrington,2
2001,BarbRo00,Ronde Barber,1
2001,BellKe20,Kendrell Bell,2
2001,BostDa00,David Boston,1
2001,BrooDe00,Derrick Brooks,2
2001,BrowMi99,Mike Brown,1
2001,BrowRa00,Ray Brown,2
2001,BrowTr00,Troy Brown,1
2001,ConwEr00,Ernie Conwell,2
2001,DawkBr00,Brian Dawkins,1
2001,FaneAl00,Alan Faneca,1
2001,FaulMa00,Marshall Faulk,1
2001,FavrBr00,Brett Favre,2
2001,GannRi00,Rich Gannon,1
2001,GildJa00,Jason Gildon,1
2001,GoldIa00,Ian Gold,1
2001,GonzTo00,Tony Gonzalez,1
2001,GordDa20,Darrien Gordon,1
2001,GreeAh00,Ahman Green,2
2001,HarrMa00,Marvin Harrison,2
2001,HarrRo01,Rodney Harrison,1
2001,HartJe55,Jeff Hartings,2
2001,HolmPr00,Priest Holmes,1
2001,JoneWa00,Walter Jones,1
2001,KennLi00,Lincoln Kennedy,2
2001,KnigSa00,Sammy Knight,2
2001,KreuOl00,Olin Kreutz,1
2001,LechSh20,Shane Lechler,2
2001,LewiJe00,Jermaine Lewis,2
2001,LewiRa00,Ray Lewis,1
2001,LyncJo00,John Lynch,2
2001,MadiSa00,Sam Madison,2
2001,MartCu00,Curtis Martin,2
2001,MawaKe00,Kevin Mawae,1
2001,MillJa01,Jamir Miller,1
2001,MillLa00,Lawyer Milloy,1
2001,ONeaDe00,Deltha O'Neal,1
2001,OgdeJo00,Jonathan Ogden,2
2001,OwenTe00,Terrell Owens,1
2001,PaceOr00,Orlando Pace,1
2001,PorcRo00,Robert Porcher,1
2001,PrycTr00,Trevor Pryce,2
2001,RandJo00,John Randle,1
2001,SamuCh00,Chris Samuels,1
2001,SappWa00,Warren Sapp,1
2001,SaueTo20,Todd Sauerbrun,1
2001,ShieWi00,Will Shields,1
2001,SmitRo01,Rod Smith,2
2001,SmitSt01,Steve Smith Sr.,1
2001,StraMi02,Michael Strahan,1
2001,TaylJa03,Jason Taylor,2
2001,ThomZa01,Zach Thomas,2
2001,TimmAd20,Adam Timmerman,2
2001,TrotJe00,Jeremiah Trotter,2
2001,UrlaBr00,Brian Urlacher,1
2001,VincTr00,Troy Vincent,2
2001,WallWe00,Wesley Walls,1
2001,WarnKu00,Kurt Warner,1
2001,WashTe01,Ted Washington,1
2001,WhigLa00,Larry Whigham,1
2001,WileMa00,Marcellus Wiley,2
2001,WillAe00,Aeneas Williams,1
2001,WillJa03,James Williams,2
2001,WoodCh00,Charles Woodson,1
2001,YounBr00,Bryant Young,2
2001,akersdav01,David Akers,1
2001,elamxjas01,Jason Elam,2
2002,AbraJo00,John Abraham,1
2002,ArriLa00,LaVar Arrington,1
2002,BarbRo00,Ronde Barber,2
2002,BarbTi00,Tiki Barber,1
2002,BeasFr00,Fred Beasley,2
2002,BrooDe00,Derrick Brooks,1
2002,BrooKe00,Keith Brooking,2
2002,BrowRu00,Ruben Brown,2
2002,BullKe00,Keith Bulluck,2
2002,DawkBr00,Brian Dawkins,1
2002,DougHu00,Hugh Douglas,2
2002,EdwaDo20,Donnie Edwards,2
2002,FaneAl00,Alan Faneca,1
2002,FavrBr00,Brett Favre,2
2002,GannRi00,Rich Gannon,1
2002,GlenAa00,Aaron Glenn,1
2002,GlovLa00,La'Roi Glover,2
2002,GonzTo00,Tony Gonzalez,2
2002,HallDa00,Dante Hall,2
2002,HansCh20,Chris Hanson,2
2002,HarrMa00,Marvin Harrison,1
2002,HolmPr00,Priest Holmes,1
2002,HovaCh20,Chris Hovan,2
2002,IzzoLa00,Larry Izzo,1
2002,JenkKr00,Kris Jenkins,1
2002,JoneWa00,Walter Jones,1
2002,KennLi00,Lincoln Kennedy,1
2002,LewiMi00,Michael Lewis,1
2002,LyncJo00,John Lynch,2
2002,MawaKe00,Kevin Mawae,2
2002,MaybJe00,Jermane Mayberry,2
2002,McAfFr00,Fred McAfee,1
2002,McAlDe00,Deuce McAllister,1
2002,MortCh00,Chad Morton,1
2002,MossRa00,Randy Moss,1
2002,MossSa00,Santana Moss,1
2002,MoulEr00,Eric Moulds,2
2002,NewbJe00,Jeremy Newberry,1
2002,OgdeJo00,Jonathan Ogden,1
2002,OwenTe00,Terrell Owens,1
2002,PeteJu00,Julian Peterson,2
2002,PortJo00,Joey Porter,1
2002,RiceJe00,Jerry Rice,2
2002,RiceSi00,Simeon Rice,1
2002,RoafWi00,Willie Roaf,2
2002,RobbBa00,Barret Robbins,1
2002,SappWa00,Warren Sapp,1
2002,SaueTo20,Todd Sauerbrun,1
2002,SchuLa00,Lance Schulters,1
2002,SeymRi00,Richard Seymour,1
2002,SharDa00,Darren Sharper,2
2002,ShieWi00,Will Shields,1
2002,ShocJe00,Jeremy Shockey,1
2002,StonRo00,Ron Stone,1
2002,StraMi02,Michael Strahan,2
2002,SurtPa00,Patrick Surtain,1
2002,TaylBo00,Bobby Taylor,2
2002,TaylJa03,Jason Taylor,1
2002,ThomTr00,Tra Thomas,2
2002,ThomZa01,Zach Thomas,1
2002,TomlLa00,LaDainian Tomlinson,2
2002,UrlaBr00,Brian Urlacher,1
2002,VincTr00,Troy Vincent,1
2002,WalkGa00,Gary Walker,1
2002,WardHi00,Hines Ward,2
2002,WillRi00,Ricky Williams,1
2002,WoodRo01,Rod Woodson,1
2002,akersdav01,David Akers,2
2002,vinatada01,Adam Vinatieri,1
2003,AndeWi00,Willie Anderson,2
2003,ArriLa00,LaVar Arrington,2
2003,AzumJe00,Jerry Azumah,2
2003,BailCh00,Champ Bailey,2
2003,BannAl00,Alex Bannister,1
2003,BeasFr00,Fred Beasley,2
2003,BirkMa00,Matt Birk,2
2003,BlyxDr00,Dre' Bly,1
2003,BrooDe00,Derrick Brooks,2
2003,BrusTe99,Tedy Bruschi,2
2003,BullKe00,Keith Bulluck,1
2003,CrumAl00,Alge Crumpler,1
2003,FaneAl00,Alan Faneca,2
2003,FavrBr00,Brett Favre,1
2003,FreeDw00,Dwight Freeney,2
2003,GlovLa00,La'Roi Glover,2
2003,GonzTo00,Tony Gonzalez,1
2003,GreeAh00,Ahman Green,1
2003,HallDa00,Dante Hall,1
2003,HarrMa00,Marvin Harrison,2
2003,HarrRo01,Rodney Harrison,1
2003,HeapTo00,Todd Heap,2
2003,HolmPr00,Priest Holmes,1
2003,HoltTo00,Torry Holt,1
2003,HutcSt00,Steve Hutchinson,1
2003,JenkKr00,Kris Jenkins,1
2003,JohnCh01,Chad Johnson,2
2003,JoneWa00,Walter Jones,1
2003,LawxTy00,Ty Law,1
2003,LechSh20,Shane Lechler,1
2003,LewiJa00,Jamal Lewis,1
2003,LewiRa00,Ray Lewis,1
2003,LittLe00,Leonard Little,1
2003,MannPe00,Peyton Manning,1
2003,McAlCh00,Chris McAlister,1
2003,McAlDe00,Deuce McAllister,1
2003,McNaSt00,Steve McNair,2
2003,MossRa00,Randy Moss,1
2003,NaleTo00,Tom Nalen,1
2003,NguyDa20,Dat Nguyen,2
2003,OgdeJo00,Jonathan Ogden,1
2003,OgunAd00,Adewale Ogunleye,1
2003,PaceOr00,Orlando Pace,1
2003,ParrTo20,Tony Parrish,2
2003,PeteJu00,Julian Peterson,1
2003,ReedEd00,Ed Reed,2
2003,RiceSi00,Simeon Rice,2
2003,RiveMa01,Marco Rivera,2
2003,RoafWi00,Willie Roaf,1
2003,SaueTo20,Todd Sauerbrun,2
2003,SeymRi00,Richard Seymour,1
2003,ShieWi00,Will Shields,1
2003,SpikTa00,Takeo Spikes,1
2003,StraMi02,Michael Strahan,1
2003,StroMa01,Marcus Stroud,2
2003,SurtPa00,Patrick Surtain,2
2003,ThomAd00,Adalius Thomas,1
2003,ThomZa01,Zach Thomas,1
2003,TomlLa00,LaDainian Tomlinson,2
2003,WardHi00,Hines Ward,2
2003,WestBr00,Brian Westbrook,1
2003,WillRo03,Roy Williams,1
2003,hentrcra01,Craig Hentrich,1
2003,vandemik01,Mike Vanderjagt,1
2003,wilkijef01,Jeff Wilkins,2
2004,AlexSh00,Shaun Alexander,2
2004,AndeWi00,Willie Anderson,1
2004,BailCh00,Champ Bailey,1
2004,BarbRo00,Ronde Barber,1
2004,BarbTi00,Tiki Barber,1
2004,BergMi20,Mitch Berger,1
2004,BerrBe99,Bertrand Berry,2
2004,BrooDe00,Derrick Brooks,1
2004,BrooKe00,Keith Brooking,2
2004,BrusTe99,Tedy Bruschi,2
2004,ColeRo99,Roderick Coleman,1
2004,CulpDa00,Daunte Culpepper,1
2004,DawkBr00,Brian Dawkins,1
2004,DrumEd00,Eddie Drummond,1
2004,EdwaDo20,Donnie Edwards,2
2004,FaneAl00,Alan Faneca,1
2004,FarrJa99,James Farrior,1
2004,FreeDw00,Dwight Freeney,1
2004,GateAn00,Antonio Gates,1
2004,GonzTo00,Tony Gonzalez,2
2004,HarrMa00,Marvin Harrison,2
2004,HarrRo01,Rodney Harrison,2
2004,HartJe55,Jeff Hartings,1
2004,HendWi00,William Henderson,1
2004,HutcSt00,Steve Hutchinson,2
2004,IzzoLa00,Larry Izzo,1
2004,JameEd00,Edgerrin James,2
2004,JohnCh01,Chad Johnson,1
2004,JoneWa00,Walter Jones,1
2004,KernPa99,Patrick Kerney,2
2004,KreuOl00,Olin Kreutz,1
2004,LechSh20,Shane Lechler,1
2004,LewiMi99,Michael Lewis,1
2004,LewiRa00,Ray Lewis,1
2004,MannPe00,Peyton Manning,1
2004,MartCu00,Curtis Martin,1
2004,MawaKe00,Kevin Mawae,2
2004,MaynBr20,Brad Maynard,2
2004,McAlCh00,Chris McAlister,2
2004,McGeTe99,Terrence McGee,2
2004,MorgDa99,Dan Morgan,1
2004,MuhaMu00,Muhsin Muhammad,1
2004,OgdeJo00,Jonathan Ogden,2
2004,OwenTe00,Terrell Owens,1
2004,PaceOr00,Orlando Pace,1
2004,PeppJu99,Julius Peppers,1
2004,PolaTr99,Troy Polamalu,2
2004,PortJo00,Joey Porter,2
2004,ReedEd00,Ed Reed,1
2004,ReesIk99,Ike Reese,1
2004,RichTo00,Tony Richardson,2
2004,RiveMa01,Marco Rivera,1
2004,RoafWi00,Willie Roaf,1
2004,RogeSh99,Shaun Rogers,2
2004,SeymRi00,Richard Seymour,1
2004,ShepLi99,Lito Sheppard,1
2004,ShieWi00,Will Shields,2
2004,SpikTa00,Takeo Spikes,1
2004,SpriSh00,Shawn Springs,1
2004,StroMa01,Marcus Stroud,1
2004,TaylJa03,Jason Taylor,1
2004,ThomTr00,Tra Thomas,1
2004,TomlLa00,LaDainian Tomlinson,1
2004,WardHi00,Hines Ward,2
2004,WateBr55,Brian Waters,1
2004,WillJa99,Jamal Williams,2
2004,WillKe98,Kevin Williams,1
2004,WittJa00,Jason Witten,1
2004,akersdav01,David Akers,2
2004,vinatada01,Adam Vinatieri,1
2005,AlexSh00,Shaun Alexander,1
2005,AndeWi00,Willie Anderson,1
2005,BailCh00,Champ Bailey,1
2005,BarbRo00,Ronde Barber,1
2005,BarbTi00,Tiki Barber,1
2005,BidwJo20,Josh Bidwell,2
2005,BradTo00,Tom Brady,2
2005,BrigLa99,Lance Briggs,1
2005,BrooDe00,Derrick Brooks,1
2005,BrowMi99,Mike Brown,2
2005,BurgDe99,Derrick Burgess,2
2005,ColeRo99,Roderick Coleman,2
2005,CoolCh00,Chris Cooley,1
2005,FaneAl00,Alan Faneca,1
2005,FreeDw00,Dwight Freeney,1
2005,GateAn00,Antonio Gates,1
2005,HarrMa00,Marvin Harrison,2
2005,HarrTo99,Tommie Harris,2
2005,HassMa00,Matt Hasselbeck,1
2005,HutcSt00,Steve Hutchinson,1
2005,JameEd00,Edgerrin James,1
2005,JansJo20,Jon Jansen,2
2005,JohnCh01,Chad Johnson,1
2005,JohnLa00,Larry Johnson,2
2005,JoneWa00,Walter Jones,1
2005,JuneCa99,Cato June,2
2005,KreuOl00,Olin Kreutz,2
2005,MaheRe00,Reno Mahe,1
2005,MannPe00,Peyton Manning,1
2005,MathJe00,Jerome Mathis,1
2005,McGeTe99,Terrence McGee,2
2005,MerrSh99,Shawne Merriman,1
2005,MillHa99,Hanik Milligan,1
2005,MoorBr24,Brian Moorman,1
2005,MossSa00,Santana Moss,2
2005,NealLo00,Lorenzo Neal,2
2005,ONeaDe00,Deltha O'Neal,2
2005,PaceOr00,Orlando Pace,1
2005,PeteMi20,Mike Peterson,2
2005,PolaTr99,Troy Polamalu,1
2005,PortJo00,Joey Porter,2
2005,RandAn00,Antwaan Randle El,1
2005,RoafWi00,Willie Roaf,2
2005,RobiKo00,Koren Robinson,1
2005,SandBo99,Bob Sanders,1
2005,SatuJe55,Jeff Saturday,1
2005,SeymRi00,Richard Seymour,1
2005,SharDa00,Darren Sharper,2
2005,ShieWi00,Will Shields,2
2005,SmitSt01,Steve Smith Sr.,1
2005,StraMi02,Michael Strahan,2
2005,StroMa00,Mack Strong,1
2005,StroMa01,Marcus Stroud,1
2005,ThomZa01,Zach Thomas,2
2005,TomlLa00,LaDainian Tomlinson,2
2005,TyreDa00,David Tyree,1
2005,UmenOs99,Osi Umenyiora,1
2005,UrlaBr00,Brian Urlacher,1
2005,VashNa99,Nathan Vasher,2
2005,WahlMi55,Mike Wahle,1
2005,WateBr55,Brian Waters,1
2005,WillJa99,Jamal Williams,1
2005,WilsAl00,Al Wilson,1
2005,grahasha01,Shayne Graham,2
2005,rackenei01,Neil Rackers,1
2006,AndeWi00,Willie Anderson,1
2006,AndrSh55,Shawn Andrews,1
2006,AsomNn20,Nnamdi Asomugha,2
2006,AyanBr99,Brendon Ayanbadejo,1
2006,BailCh00,Champ Bailey,1
2006,BarbRo00,Ronde Barber,2
2006,BreeDr00,Drew Brees,1
2006,BrigLa99,Lance Briggs,2
2006,BrowJa55,Jammal Brown,1
2006,CrumAl00,Alge Crumpler,1
2006,DawkBr00,Brian Dawkins,1
2006,DrivDo00,Donald Driver,1
2006,FaneAl00,Alan Faneca,1
2006,GateAn00,Antonio Gates,1
2006,GonzTo00,Tony Gonzalez,2
2006,GoreFr00,Frank Gore,2
2006,HarrAl21,Al Harris,1
2006,HarrMa00,Marvin Harrison,1
2006,HarrTo99,Tommie Harris,1
2006,HendJo99,John Henderson,2
2006,HestDe99,Devin Hester,1
2006,HoltTo00,Torry Holt,2
2006,HutcSt00,Steve Hutchinson,2
2006,JackSt00,Steven Jackson,2
2006,JohnAn02,Andre Johnson,2
2006,JohnCh01,Chad Johnson,1
2006,JohnLa00,Larry Johnson,1
2006,JonePa20,Adam Jones,1
2006,JoneWa00,Walter Jones,2
2006,KampAa99,Aaron Kampman,2
2006,KarnMi00,Mike Karney,2
2006,KreuOl00,Olin Kreutz,1
2006,MannPe00,Peyton Manning,2
2006,MathRa99,Rashean Mathis,1
2006,McBrMa20,Mat McBriar,2
2006,MerrSh99,Shawne Merriman,1
2006,MillJu99,Justin Miller,2
2006,MoorBr24,Brian Moorman,1
2006,MughOv00,Ovie Mughelli,2
2006,NealLo00,Lorenzo Neal,1
2006,OgdeJo00,Jonathan Ogden,2
2006,OsgoKa00,Kassim Osgood,1
2006,PeppJu99,Julius Peppers,1
2006,ReedEd00,Ed Reed,1
2006,RhodKe20,Kerry Rhodes,2
2006,SatuJe55,Jeff Saturday,2
2006,SchoAa99,Aaron Schobel,2
2006,ScotBa20,Bart Scott,2
2006,SeymRi00,Richard Seymour,2
2006,ShepLi99,Lito Sheppard,1
2006,ShieWi00,Will Shields,2
2006,TaylJa03,Jason Taylor,1
2006,ThomAd00,Adalius Thomas,1
2006,ThomZa01,Zach Thomas,1
2006,TomlLa00,LaDainian Tomlinson,1
2006,UrlaBr00,Brian Urlacher,1
2006,WareDe99,DeMarcus Ware,2
2006,WillJa99,Jamal Williams,1
2006,WillKe98,Kevin Williams,1
2006,WilsAd99,Adrian Wilson,2
2006,WilsAl00,Al Wilson,2
2006,gouldrob01,Robbie Gould,1
2006,kaedinat01,Nate Kaeding,2
2006,stovemat01,Matt Stover,2
2007,AdamFl00,Flozell Adams,2
2007,AlleJa22,Jared Allen,1
2007,AndrSh55,Shawn Andrews,1
2007,AyanBr99,Brendon Ayanbadejo,1
2007,BailCh00,Champ Bailey,2
2007,BarnNi20,Nick Barnett,2
2007,BirkMa00,Matt Birk,1
2007,BradTo00,Tom Brady,1
2007,BullKe00,Keith Bulluck,1
2007,CribJo01,Josh Cribbs,2
2007,CromAn20,Antonio Cromartie,1
2007,DaviLe21,Leonard Davis,2
2007,EdwaBr00,Braylon Edwards,2
2007,FaneAl00,Alan Faneca,1
2007,FavrBr00,Brett Favre,2
2007,FitzLa00,Larry Fitzgerald,1
2007,FolkNi20,Nick Folk,1
2007,GateAn00,Antonio Gates,1
2007,GonzTo00,Tony Gonzalez,2
2007,GuroAn20,Andre Gurode,1
2007,HarrAl21,Al Harris,2
2007,HarrJa23,James Harrison,2
2007,HaynAl20,Albert Haynesworth,1
2007,HestDe99,Devin Hester,1
2007,HutcSt00,Steve Hutchinson,1
2007,JoneWa00,Walter Jones,1
2007,KampAa99,Aaron Kampman,2
2007,KernPa99,Patrick Kerney,1
2007,KoppDa20,Dan Koppen,2
2007,LechSh20,Shane Lechler,2
2007,LeexAn20,Andy Lee,1
2007,LighMa20,Matt Light,1
2007,MankLo20,Logan Mankins,2
2007,MawaKe00,Kevin Mawae,1
2007,MerrSh99,Shawne Merriman,2
2007,MossRa00,Randy Moss,1
2007,NealLo00,Lorenzo Neal,1
2007,OsgoKa00,Kassim Osgood,1
2007,OwenTe00,Terrell Owens,1
2007,ParkWi00,Willie Parker,1
2007,ParrRo00,Roscoe Parrish,1
2007,PeteAd01,Adrian Peterson,2
2007,PeteJa21,Jason Peters,2
2007,PeteJu00,Julian Peterson,1
2007,PhilJe20,Jermaine Phillips,1
2007,PolaTr99,Troy Polamalu,2
2007,ReedEd00,Ed Reed,1
2007,RichTo00,Tony Richardson,2
2007,RyanDe20,DeMeco Ryans,2
2007,SamuAs20,Asante Samuel,1
2007,SandBo99,Bob Sanders,1
2007,SatuJe55,Jeff Saturday,1
2007,SharDa00,Darren Sharper,2
2007,TatuLo99,Lofa Tatupu,1
2007,TaylFr00,Fred Taylor,2
2007,TaylSe20,Sean Taylor,2
2007,TomlLa00,LaDainian Tomlinson,1
2007,TrufMa20,Marcus Trufant,1
2007,VandKy99,Kyle Vanden Bosch,1
2007,VrabMi20,Mike Vrabel,1
2007,WareDe99,DeMarcus Ware,1
2007,WarrTy20,Ty Warren,1
2007,WashLe00,Leon Washington,1
2007,WaynRe00,Reggie Wayne,2
2007,WelkWe00,Wes Welker,2
2007,WestBr00,Brian Westbrook,1
2007,WilfVi20,Vince Wilfork,2
2007,WillKe98,Kevin Williams,1
2007,WillMa22,Mario Williams,2
2007,WillPa20,Pat Williams,2
2007,WillPa98,Patrick Willis,1
2007,WittJa00,Jason Witten,1
2007,bironrob01,Rob Bironas,1
2007,brownkri01,Kris Brown,1
2007,dawsophi01,Phil Dawson,2
2008,AbraJo00,John Abraham,2
2008,AlleJa22,Jared Allen,1
2008,AsomNn20,Nnamdi Asomugha,1
2008,AyanBr99,Brendon Ayanbadejo,1
2008,BeasJo99,Jon Beason,1
2008,BreeDr00,Drew Brees,2
2008,BrigLa99,Lance Briggs,1
2008,BushRe00,Reggie Bush,1
2008,CladRy20,Ryan Clady,2
2008,CollNi20,Nick Collins,2
2008,DiehDa21,David Diehl,2
2008,DielKr20,Kris Dielman,2
2008,FaneAl00,Alan Faneca,2
2008,FarrJa99,James Farrior,2
2008,FinnCo20,Cortland Finnegan,1
2008,FitzLa00,Larry Fitzgerald,1
2008,GonzTo00,Tony Gonzalez,1
2008,GostSt20,Stephen Gostkowski,1
2008,GrosJo20,Jordan Gross,1
2008,HarrJa23,James Harrison,1
2008,HaynAl20,Albert Haynesworth,1
2008,HedgMa00,Madison Hedgecock,2
2008,HiggJo00,Johnnie Lee Higgins,1
2008,HutcSt00,Steve Hutchinson,1
2008,JenkKr00,Kris Jenkins,2
2008,JohnAn02,Andre Johnson,1
2008,JohnCh04,Chris Johnson,1
2008,JoneDo21,Donnie Jones,2
2008,JoneTh00,Thomas Jones,1
2008,JoneWa00,Walter Jones,2
2008,LechSh20,Shane Lechler,1
2008,LewiRa00,Ray Lewis,1
2008,MannDa21,Danieal Manning,1
2008,MannPe00,Peyton Manning,1
2008,MathRo20,Robert Mathis,1
2008,MawaKe00,Kevin Mawae,1
2008,McClLe00,Le'Ron McClain,1
2008,McKeLe99,Leodis McKelvin,1
2008,MikeQu20,Quintin Mikell,2
2008,MoreSe00,Sean Morey,1
2008,NgatHa20,Haloti Ngata,2
2008,OHarSh20,Shaun O'Hara,2
2008,PeppJu99,Julius Peppers,2
2008,PeteAd01,Adrian Peterson,1
2008,PeteJa21,Jason Peters,2
2008,PolaTr99,Troy Polamalu,1
2008,PortCl00,Clinton Portis,2
2008,PortJo00,Joey Porter,2
2008,RatlJa20,Jay Ratliff,1
2008,ReedEd00,Ed Reed,1
2008,RoosMi20,Michael Roos,1
2008,SmitCl22,Clifton Smith,2
2008,SmitSt01,Steve Smith Sr.,2
2008,SneeCh20,Chris Snee,1
2008,StewDa21,David Stewart,2
2008,SuggTe99,Terrell Suggs,2
2008,ThomJo28,Joe Thomas,2
2008,TuckJu20,Justin Tuck,1
2008,TurnMi00,Michael Turner,1
2008,WareDe99,DeMarcus Ware,1
2008,WashLe00,Leon Washington,1
2008,WelkWe00,Wes Welker,2
2008,WhitRo00,Roddy White,1
2008,WillDe02,DeAngelo Williams,2
2008,WillKe98,Kevin Williams,1
2008,WillMa22,Mario Williams,1
2008,WillPa98,Patrick Willis,2
2008,WilsAd99,Adrian Wilson,2
2008,WinfAn20,Antoine Winfield,2
2008,WittJa00,Jason Witten,2
2008,WoodCh00,Charles Woodson,2
2008,carnejoh01,John Carney,2
2009,AlleJa22,Jared Allen,1
2009,AsomNn20,Nnamdi Asomugha,2
2009,BabiJo20,Jonathan Babineaux,1
2009,BeasJo99,Jon Beason,2
2009,BierKr99,Kroy Biermann,1
2009,BreeDr00,Drew Brees,2
2009,BrigLa99,Lance Briggs,2
2009,ByrdJa99,Jairus Byrd,1
2009,CladRy20,Ryan Clady,1
2009,ClarDa00,Dallas Clark,1
2009,ColeTr20,Trent Cole,2
2009,CollNi20,Nick Collins,2
2009,CrayPa00,Patrick Crayton,1
2009,CribJo01,Josh Cribbs,1
2009,CushBr99,Brian Cushing,1
2009,DaviVe00,Vernon Davis,1
2009,DawkBr00,Brian Dawkins,2
2009,DielKr20,Kris Dielman,2
2009,DockDa20,Darnell Dockett,2
2009,DougRe20,Reed Doughty,1
2009,DrewMa00,Maurice Jones-Drew,1
2009,DumeEl20,Elvis Dumervil,1
2009,EvanJa21,Jahri Evans,1
2009,FaneAl00,Alan Faneca,1
2009,FarwHe20,Heath Farwell,1
2009,FitzLa00,Larry Fitzgerald,2
2009,FreeDw00,Dwight Freeney,1
2009,GateAn00,Antonio Gates,2
2009,GrahBe20,Ben Graham,1
2009,GregKe20,Kelly Gregg,1
2009,GuroAn20,Andre Gurode,2
2009,HallLe98,Leon Hall,2
2009,HarrDa99,David Harris,2
2009,HarrJa23,James Harrison,2
2009,HarvPe00,Percy Harvin,1
2009,HaynAl20,Albert Haynesworth,1
2009,HutcSt00,Steve Hutchinson,1
2009,JackDe00,DeSean Jackson,2
2009,JackSt00,Steven Jackson,2
2009,JackVi00,Vincent Jackson,1
2009,JohnAn02,Andre Johnson,1
2009,JohnCh04,Chris Johnson,1
2009,JoneDo21,Donnie Jones,2
2009,KaliRy20,Ryan Kalil,1
2009,LechSh20,Shane Lechler,1
2009,LeexAn20,Andy Lee,2
2009,LewiRa00,Ray Lewis,1
2009,LogaSt00,Stefan Logan,1
2009,LongJa20,Jake Long,2
2009,MangNi20,Nick Mangold,1
2009,MankLo20,Logan Mankins,2
2009,MannPe00,Peyton Manning,1
2009,MarsBr00,Brandon Marshall,1
2009,MathRo20,Robert Mathis,1
2009,McClLe00,Le'Ron McClain,2
2009,NealSt20,Steve Neal,1
2009,NgatHa20,Haloti Ngata,2
2009,NickCa20,Carl Nicks,1
2009,OsgoKa00,Kassim Osgood,1
2009,PeppJu99,Julius Peppers,2
2009,PeteAd01,Adrian Peterson,1
2009,PeteJa21,Jason Peters,1
2009,PoliLo00,Lousaka Polite,1
2009,RatlJa20,Jay Ratliff,1
2009,ReedEd00,Ed Reed,2
2009,ReviDa99,Darrelle Revis,1
2009,RiceRa00,Ray Rice,2
2009,RiceSi01,Sidney Rice,1
2009,RivePh00,Philip Rivers,1
2009,RodgDo99,Dominique Rodgers-Cromartie,1
2009,RoosMi20,Michael Roos,2
2009,SamuAs20,Asante Samuel,2
2009,SatuJe55,Jeff Saturday,1
2009,SharDa00,Darren Sharper,1
2009,ShawTi99,Tim Shaw,1
2009,SmitDa24,Daryl Smith,1
2009,SmitJu20,Justin Smith,1
2009,SneeCh20,Chris Snee,1
2009,SpenAn99,Anthony Spencer,1
2009,StewDa21,David Stewart,1
2009,StinJo20,Jon Stinchcomb,1
2009,ThomJo28,Joe Thomas,1
2009,WareDe99,DeMarcus Ware,1
2009,WaynRe00,Reggie Wayne,2
2009,WeavLe00,Leonard Weaver,1
2009,WelkWe00,Wes Welker,1
2009,WilfVi20,Vince Wilfork,1
2009,WillKe98,Kevin Williams,1
2009,WillMa22,Mario Williams,1
2009,WillPa98,Patrick Willis,1
2009,WilsAd99,Adrian Wilson,1
2009,WilsGe01,George Wilson,1
2009,WittJa00,Jason Witten,1
2009,WoodCh00,Charles Woodson,1
2009,WoodDa20,Damien Woody,1
2009,WoodLa99,LaMarr Woodley,2
2009,akersdav01,David Akers,2
2009,bironrob01,Rob Bironas,1
2009,janikseb01,Sebastian Janikowski,1
2009,kaedinat01,Nate Kaeding,1
2010,AbraJo00,John Abraham,1
2010,AsomNn20,Nnamdi Asomugha,1
2010,BailCh00,Champ Bailey,1
2010,BirkMa00,Matt Birk,1
2010,BoweDw00,Dwayne Bowe,2
2010,BradTo00,Tom Brady,1
2010,CharJa00,Jamaal Charles,1
2010,ColeTr20,Trent Cole,1
2010,CollNi20,Nick Collins,2
2010,DahlHa20,Harvey Dahl,1
2010,DielKr20,Kris Dielman,1
2010,DrewMa00,Maurice Jones-Drew,1
2010,EvanJa21,Jahri Evans,1
2010,FlowBr99,Brandon Flowers,1
2010,FostAr00,Arian Foster,1
2010,FreeDw00,Dwight Freeney,1
2010,GaraAn20,Antonio Garay,1
2010,GateAn00,Antonio Gates,2
2010,GrahCo99,Corey Graham,1
2010,GrifMi99,Michael Griffin,2
2010,GrosJo20,Jordan Gross,1
2010,HaliTa20,Tamba Hali,1
2010,HarrCh20,Chris Harris,2
2010,HarrJa23,James Harrison,1
2010,HestDe99,Devin Hester,1
2010,HuffMi20,Michael Huff,2
2010,JenkMa99,Malcolm Jenkins,2
2010,JohnAn02,Andre Johnson,1
2010,JohnCa00,Calvin Johnson,2
2010,JohnCh98,Charles Johnson,1
2010,JoneGr01,Greg Jones,1
2010,LeacVo00,Vonta Leach,1
2010,LechSh20,Shane Lechler,1
2010,LewiMa00,Marcedes Lewis,1
2010,LewiRa00,Ray Lewis,2
2010,LloyBr00,Brandon Lloyd,2
2010,LongJa20,Jake Long,1
2010,MangNi20,Nick Mangold,1
2010,MankLo20,Logan Mankins,1
2010,MariMa00,Marc Mariani,1
2010,MathRo20,Robert Mathis,1
2010,MattCl99,Clay Matthews,1
2010,MayoJe99,Jerod Mayo,1
2010,McBrMa20,Mat McBriar,2
2010,McCoDe99,Devin McCourty,2
2010,McKeKa20,Kareem McKenzie,1
2010,MikeQu20,Quintin Mikell,2
2010,MughOv00,Ovie Mughelli,2
2010,NgatHa20,Haloti Ngata,1
2010,NickCa20,Carl Nicks,2
2010,OwenMo01,Montell Owens,1
2010,PeppJu99,Julius Peppers,1
2010,PeteAd01,Adrian Peterson,2
2010,PeteJa21,Jason Peters,2
2010,PolaTr99,Troy Polamalu,1
2010,PounMa20,Maurkice Pouncey,2
2010,RajiBJ99,B.J. Raji,1
2010,ReedEd00,Ed Reed,1
2010,ReviDa99,Darrelle Revis,1
2010,RodgAa00,Aaron Rodgers,1
2010,RollAn20,Antrel Rolle,2
2010,RyanMa00,Matt Ryan,1
2010,SamuAs20,Asante Samuel,1
2010,SharDa00,Darren Sharper,2
2010,SittJo20,Josh Sitton,1
2010,SmitBr01,Brad Smith,1
2010,SmitJu20,Justin Smith,1
2010,SmitWa21,Wade Smith,1
2010,SneeCh20,Chris Snee,2
2010,SuhxNd99,Ndamukong Suh,1
2010,ThomJo28,Joe Thomas,1
2010,TimmLa99,Lawrence Timmons,1
2010,TuckJu20,Justin Tuck,2
2010,TurnMi00,Michael Turner,2
2010,UmenOs99,Osi Umenyiora,2
2010,UrlaBr00,Brian Urlacher,2
2010,VickMi00,Michael Vick,1
2010,VollSe20,Sebastian Vollmer,2
2010,WakeCa00,Cameron Wake,2
2010,WareDe99,DeMarcus Ware,2
2010,WashLe00,Leon Washington,2
2010,WateBr55,Brian Waters,1
2010,WaynRe00,Reggie Wayne,1
2010,WeddEr99,Eric Weddle,2
2010,WeemEr00,Eric Weems,1
2010,WellSc20,Scott Wells,1
2010,WhitAn20,Andrew Whitworth,1
2010,WhitRo00,Roddy White,1
2010,WilfVi20,Vince Wilfork,2
2010,WillKe98,Kevin Williams,1
2010,WillKy20,Kyle Williams,2
2010,WillPa98,Patrick Willis,1
2010,WillTr99,Tramon Williams,1
2010,WinfAn20,Antoine Winfield,1
2010,WittJa00,Jason Witten,1
2010,WoodCh00,Charles Woodson,2
2010,YandMa20,Marshal Yanda,1
2010,akersdav01,David Akers,2
2010,bironrob01,Rob Bironas,1
2010,bryanmat01,Matt Bryant,1
2010,cundibil01,Billy Cundiff,1
2011,AlleJa22,Jared Allen,1
2011,AtkiGe99,Geno Atkins,2
2011,BabiJa20,Jason Babin,2
2011,BowmNa99,NaVorro Bowman,1
2011,BradTo00,Tom Brady,1
2011,BranAl99,Alan Branch,1
2011,BreeDr00,Drew Brees,2
2011,BrowDu20,Duane Brown,2
2011,BulaBr20,Bryan Bulaga,1
2011,BunkBr20,Brodrick Bunkley,1
2011,ByrdJa99,Jairus Byrd,1
2011,CampCa99,Calais Campbell,1
2011,CartAn20,Andre Carter,1
2011,ColeTr20,Trent Cole,1
2011,CollJe01,Jed Collins,1
2011,CribJo01,Josh Cribbs,1
2011,CruzVi00,Victor Cruz,2
2011,CushBr99,Brian Cushing,2
2011,DrewMa00,Maurice Jones-Drew,1
2011,DumeEl20,Elvis Dumervil,1
2011,EvanJa21,Jahri Evans,1
2011,FarwHe20,Heath Farwell,1
2011,FinnCo20,Cortland Finnegan,1
2011,FitzLa00,Larry Fitzgerald,2
2011,FletLo20,London Fletcher,2
2011,FostAr00,Arian Foster,2
2011,GambCh20,Chris Gamble,1
2011,GoldDa99,Dashon Goldson,1
2011,GrahCo99,Corey Graham,1
2011,GrahJi00,Jimmy Graham,2
2011,GronRo00,Rob Gronkowski,1
2011,HaliTa20,Tamba Hali,2
2011,HendEr99,Erin Henderson,1
2011,HestDe99,Devin Hester,2
2011,JohnCa00,Calvin Johnson,1
2011,JohnDe25,Derrick Johnson,1
2011,JoseJo20,Johnathan Joseph,2
2011,KaliRy20,Ryan Kalil,2
2011,KuhnJo00,John Kuhn,2
2011,LeacVo00,Vonta Leach,1
2011,LechSh20,Shane Lechler,2
2011,LeexAn20,Andy Lee,1
2011,LewiRa00,Ray Lewis,1
2011,LyncMa00,Marshawn Lynch,1
2011,MangNi20,Nick Mangold,2
2011,MankLo20,Logan Mankins,2
2011,MathEv20,Evan Mathis,1
2011,MattCl99,Clay Matthews,1
2011,McCoLe01,LeSean McCoy,1
2011,McDoRa99,Ray McDonald,1
2011,McKnJo00,Joe McKnight,1
2011,MillVo00,Von Miller,2
2011,MyerCh20,Chris Myers,1
2011,NelsJo00,Jordy Nelson,1
2011,NgatHa20,Haloti Ngata,1
2011,NickCa20,Carl Nicks,1
2011,PeteJa21,Jason Peters,1
2011,PetePa00,Patrick Peterson,1
2011,PierJa99,Jason Pierre-Paul,1
2011,PolaTr99,Troy Polamalu,1
2011,PouhSi20,Sione Pouha,1
2011,PounMa20,Maurkice Pouncey,1
2011,RatlJa20,Jay Ratliff,1
2011,ReedEd00,Ed Reed,2
2011,ReviDa99,Darrelle Revis,1
2011,RiceRa00,Ray Rice,2
2011,RodgAa00,Aaron Rodgers,1
2011,RogeCa20,Carlos Rogers,2
2011,RoosMi20,Michael Roos,1
2011,SeymRi00,Richard Seymour,2
2011,SittJo20,Josh Sitton,1
2011,SlatMa00,Matthew Slater,1
2011,SmitDa24,Daryl Smith,1
2011,SmitJu20,Justin Smith,1
2011,SmitSt01,Steve Smith Sr.,1
2011,SmitTy00,Tyron Smith,1
2011,SproDa00,Darren Sproles,1
2011,StalJo20,Joe Staley,2
2011,SuggTe99,Terrell Suggs,1
2011,SuhxNd99,Ndamukong Suh,1
2011,ThomEa99,Earl Thomas,2
2011,ThomJo28,Joe Thomas,1
2011,TullSt20,Stephen Tulloch,1
2011,WakeCa00,Cameron Wake,1
2011,WallMi00,Mike Wallace,1
2011,WareDe99,DeMarcus Ware,1
2011,WateBr55,Brian Waters,1
2011,WeatSe99,Sean Weatherspoon,1
2011,WebbLa99,Lardarius Webb,1
2011,WeddEr99,Eric Weddle,1
2011,WelkWe00,Wes Welker,1
2011,WilfVi20,Vince Wilfork,2
2011,WillPa98,Patrick Willis,1
2011,WilsAd99,Adrian Wilson,1
2011,WoodCh00,Charles Woodson,1
2011,YandMa20,Marshal Yanda,2
2011,akersdav01,David Akers,1
2011,janikseb01,Sebastian Janikowski,2
2012,AlexLo99,Lorenzo Alexander,1
2012,AlleJa22,Jared Allen,1
2012,AtkiGe99,Geno Atkins,1
2012,BadeJo00,Johnson Bademosi,1
2012,BailCh00,Champ Bailey,2
2012,BoonAl21,Alex Boone,1
2012,BowmNa99,NaVorro Bowman,1
2012,BradTo00,Tom Brady,1
2012,BrooAh21,Ahmad Brooks,2
2012,BrowDu20,Duane Brown,1
2012,BurnKe20,Kevin Burnett,1
2012,ByrdJa99,Jairus Byrd,2
2012,CharJa00,Jamaal Charles,2
2012,CladRy20,Ryan Clady,1
2012,ColqDu20,Dustin Colquitt,1
2012,CromAn20,Antonio Cromartie,1
2012,EvanJa21,Jahri Evans,1
2012,FeltJe00,Jerome Felton,2
2012,FletLo20,London Fletcher,2
2012,FostAr00,Arian Foster,1
2012,GoldDa99,Dashon Goldson,1
2012,GonzTo00,Tony Gonzalez,1
2012,GreeCh99,Chad Greenway,2
2012,GronRo00,Rob Gronkowski,1
2012,HarrDw00,Dwayne Harris,1
2012,HaywCa00,Casey Hayward,1
2012,IupaMi20,Mike Iupati,1
2012,JackVi00,Vincent Jackson,1
2012,JennTi20,Tim Jennings,2
2012,JohnAn02,Andre Johnson,2
2012,JohnCa00,Calvin Johnson,1
2012,JohnDe25,Derrick Johnson,1
2012,JoneJa03,Jacoby Jones,1
2012,JoneRe99,Reshad Jones,1
2012,LeacVo00,Vonta Leach,1
2012,LeexAn20,Andy Lee,1
2012,LyncMa00,Marshawn Lynch,1
2012,MankLo20,Logan Mankins,2
2012,MannPe00,Peyton Manning,1
2012,MarsBr00,Brandon Marshall,1
2012,MathEv20,Evan Mathis,1
2012,MattCl99,Clay Matthews,2
2012,MayoJe99,Jerod Mayo,1
2012,McCoDe99,Devin McCourty,1
2012,McCoGe99,Gerald McCoy,1
2012,McKeLe99,Leodis McKelvin,1
2012,MillVo00,Von Miller,1
2012,MorrAl00,Alfred Morris,2
2012,MorsTh00,Thomas Morstead,2
2012,MyerCh20,Chris Myers,1
2012,NgatHa20,Haloti Ngata,2
2012,OkunRu20,Russell Okung,1
2012,PalmAs99,Ashlee Palmer,1
2012,PeppJu99,Julius Peppers,2
2012,PeteAd01,Adrian Peterson,1
2012,PounMa20,Maurkice Pouncey,2
2012,ReecMa00,Marcel Reece,1
2012,RodgAa00,Aaron Rodgers,2
2012,SherRi00,Richard Sherman,1
2012,SlatMa00,Matthew Slater,1
2012,SmitAl04,Aldon Smith,1
2012,SmitAn23,Andre Smith,1
2012,SmitJu20,Justin Smith,2
2012,StalJo20,Joe Staley,2
2012,SuhxNd99,Ndamukong Suh,2
2012,SullJo24,John Sullivan,1
2012,ThomEa99,Earl Thomas,1
2012,ThomJo28,Joe Thomas,2
2012,TillCh20,Charles Tillman,1
2012,UngeMa20,Max Unger,1
2012,VollSe20,Sebastian Vollmer,1
2012,WagnBo00,Bobby Wagner,1
2012,WakeCa00,Cameron Wake,1
2012,WalsBl00,Blair Walsh,1
2012,WareDe99,DeMarcus Ware,2
2012,WashDa99,Daryl Washington,2
2012,WashLe00,Leon Washington,1
2012,WaynRe00,Reggie Wayne,1
2012,WeddEr99,Eric Weddle,2
2012,WilfVi20,Vince Wilfork,1
2012,WilkMu00,Muhammad Wilkerson,1
2012,WillPa98,Patrick Willis,1
2012,WilsDa01,David Wilson,2
2012,WinfAn20,Antoine Winfield,1
2012,WittJa00,Jason Witten,2
2012,YandMa20,Marshal Yanda,2
2012,dawsophi01,Phil Dawson,2
2013,AlbeBr20,Branden Albert,1
2013,BerrEr99,Eric Berry,1
2013,BethJu00,Justin Bethel,1
2013,BoldAn00,Anquan Boldin,1
2013,BowmNa99,NaVorro Bowman,1
2013,BreeDr00,Drew Brees,1
2013,BrooAh21,Ahmad Brooks,2
2013,BrowAn04,Antonio Brown,2
2013,BurfVo00,Vontaze Burfict,2
2013,ByrdJa99,Jairus Byrd,2
2013,CameJo00,Jordan Cameron,1
2013,CaseJu00,Jurrell Casey,2
2013,ChanKa99,Kam Chancellor,2
2013,CharJa00,Jamaal Charles,1
2013,DansKa20,Karlos Dansby,2
2013,DareMa00,Marcell Dareus,1
2013,DaviLa00,Lavonte David,1
2013,DaviTh20,Thomas Davis,1
2013,DaviVe00,Vernon Davis,2
2013,DempQu99,Quintin Demps,1
2013,EvanJa21,Jahri Evans,2
2013,FielBr20,Brandon Fields,2
2013,FolkNi20,Nick Folk,1
2013,FortMa00,Matt Forte,1
2013,GordJo02,Josh Gordon,1
2013,GrahJi00,Jimmy Graham,1
2013,GrimBr20,Brent Grimes,1
2013,HadeJo99,Joe Haden,2
2013,HaliTa20,Tamba Hali,2
2013,HardGr99,Greg Hardy,2
2013,HarrCh01,Chris Harris Jr.,1
2013,HausSt00,Stephen Hauschka,1
2013,HekkJo00,Johnny Hekker,1
2013,HousJu00,Justin Houston,1
2013,JohnAn02,Andre Johnson,1
2013,JohnCa00,Calvin Johnson,1
2013,KaliRy20,Ryan Kalil,1
2013,KelcJa00,Jason Kelce,1
2013,KuecLu00,Luke Kuechly,1
2013,LacyEd00,Eddie Lacy,2
2013,LaneJe00,Jeremy Lane,1
2013,LoadPh20,Phil Loadholt,1
2013,MackAl20,Alex Mack,2
2013,MankLo20,Logan Mankins,2
2013,MannPe00,Peyton Manning,1
2013,MarsBr00,Brandon Marshall,1
2013,MathEv20,Evan Mathis,1
2013,MathRo20,Robert Mathis,1
2013,MathRy00,Ryan Mathews,1
2013,MathTy00,Tyrann Mathieu,1
2013,McClDe00,Dexter McCluster,2
2013,McCoDe99,Devin McCourty,2
2013,McCoGe99,Gerald McCoy,1
2013,McCoLe01,LeSean McCoy,1
2013,MorsTh00,Thomas Morstead,1
2013,NelsJo00,Jordy Nelson,1
2013,PattCo00,Cordarrelle Patterson,1
2013,PeteAd01,Adrian Peterson,2
2013,PeteJa21,Jason Peters,1
2013,PetePa00,Patrick Peterson,1
2013,PoexDo00,Dontari Poe,2
2013,PratMa20,Matt Prater,2
2013,QuinRo00,Robert Quinn,1
2013,ReecMa00,Marcel Reece,2
2013,ReviDa99,Darrelle Revis,1
2013,RivePh00,Philip Rivers,1
2013,RollAn20,Antrel Rolle,2
2013,SherAn00,Anthony Sherman,1
2013,SherRi00,Richard Sherman,1
2013,SittJo20,Josh Sitton,2
2013,SlatMa00,Matthew Slater,1
2013,SmitJu20,Justin Smith,2
2013,SmitTy00,Tyron Smith,2
2013,StalJo20,Joe Staley,2
2013,StriZa20,Zach Strief,1
2013,SuhxNd99,Ndamukong Suh,1
2013,TaliAq99,Aqib Talib,2
2013,TateGo00,Golden Tate,1
2013,ThomDe03,Demaryius Thomas,2
2013,ThomEa99,Earl Thomas,1
2013,ThomJo28,Joe Thomas,1
2013,TolbMi00,Mike Tolbert,1
2013,TuckJu00,Justin Tucker,1
2013,VasqLo20,Louis Vasquez,1
2013,VernAl99,Alterraun Verner,2
2013,WakeCa00,Cameron Wake,1
2013,WarfLa00,Larry Warford,1
2013,WeddEr99,Eric Weddle,2
2013,WhitDo20,Donte Whitner,1
2013,WilkMu00,Muhammad Wilkerson,2
2013,WillKy20,Kyle Williams,1
2013,WillMa22,Mario Williams,2
2013,WillPa98,Patrick Willis,1
2013,WillTr21,Trent Williams,1
2013,YandMa20,Marshal Yanda,1
2014,AchoEm00,Emmanuel Acho,1
2014,BailDa00,Dan Bailey,1
2014,BarwCo99,Connor Barwin,2
2014,BeckOd00,Odell Beckham Jr.,1
2014,BellLe00,Le'Veon Bell,1
2014,BellNi01,Nick Bellore,1
2014,BerhNa00,Nat Berhe,1
2014,BethJu00,Justin Bethel,1
2014,BitoJo00,Joel Bitonio,1
2014,BradTo00,Tom Brady,1
2014,BramBr00,Bryan Braman,1
2014,BrowAn04,Antonio Brown,1
2014,BryaDe01,Dez Bryant,1
2014,BurnMo99,Morgan Burnett,1
2014,BurtTr01,Trey Burton,1
2014,CampCa99,Calais Campbell,2
2014,ChanKa99,Kam Chancellor,2
2014,CobbRa00,Randall Cobb,1
2014,CollJa00,Jamie Collins,1
2014,CoxxFl00,Fletcher Cox,2
2014,DareMa00,Marcell Dareus,1
2014,DaviVo99,Vontae Davis,1
2014,DonaAa00,Aaron Donald,1
2014,DoreJo20,Jon Dorenbos,1
2014,DumeEl20,Elvis Dumervil,1
2014,EaslMa00,Marcus Easley,1
2014,ForsJu00,Justin Forsett,1
2014,FredTr00,Travis Frederick,2
2014,GostSt20,Stephen Gostkowski,2
2014,GrimBr20,Brent Grimes,2
2014,GronRo00,Rob Gronkowski,1
2014,HankJo00,Johnathan Hankins,1
2014,HarkCo00,Cory Harkey,1
2014,HarrCh01,Chris Harris Jr.,2
2014,HekkJo00,Johnny Hekker,2
2014,HestDe99,Devin Hester,1
2014,HighDo01,Dont'a Hightower,1
2014,HousJu00,Justin Houston,1
2014,HubeKe20,Kevin Huber,1
2014,JackAn02,Andrew Jackson,1
2014,JohnLa01,Lane Johnson,1
2014,JohnSt02,Steven Johnson,1
2014,JoneJa03,Jacoby Jones,1
2014,JoneJu02,Julio Jones,1
2014,JonePa20,Adam Jones,1
2014,KennDe00,Devon Kennard,1
2014,KlugKa00,Karl Klug,1
2014,KuecLu00,Luke Kuechly,1
2014,KuhnJo00,John Kuhn,1
2014,LevyDe99,DeAndre Levy,2
2014,LongKy00,Kyle Long,2
2014,LyncMa00,Marshawn Lynch,2
2014,MangNi20,Nick Mangold,1
2014,MannDa21,Danieal Manning,1
2014,MartJo02,Josh Martin,1
2014,MartZa00,Zack Martin,1
2014,McAfPa44,Pat McAfee,1
2014,McClAl00,Albert McClellan,1
2014,McCoDe99,Devin McCourty,1
2014,McCoGe99,Gerald McCoy,2
2014,McCrKe00,Kelcie McCray,1
2014,MillBr02,Bruce Miller,1
2014,MillVo00,Von Miller,2
2014,MurrDe00,DeMarco Murray,1
2014,NelsJo00,Jordy Nelson,2
2014,OlseGr00,Greg Olsen,1
2014,OsemKe00,Kelechi Osemele,1
2014,PeteJa21,Jason Peters,2
2014,PounMa20,Maurkice Pouncey,1
2014,PoyeJo00,Jordan Poyer,1
2014,QuinGl99,Glover Quin,2
2014,QuinRo00,Robert Quinn,1
2014,ReviDa99,Darrelle Revis,1
2014,ReynCh00,Chase Reynolds,1
2014,RichSh00,Sheldon Richardson,1
2014,RodgAa00,Aaron Rodgers,1
2014,RoetBe00,Ben Roethlisberger,1
2014,RomoTo00,Tony Romo,2
2014,SandEm00,Emmanuel Sanders,1
2014,ScanOr99,Orlando Scandrick,1
2014,SherAn00,Anthony Sherman,2
2014,SherRi00,Richard Sherman,1
2014,SittJo20,Josh Sitton,2
2014,SlatMa00,Matthew Slater,1
2014,SmitHa00,Harrison Smith,1
2014,SmitSe99,Sean Smith,1
2014,SmitTy00,Tyron Smith,1
2014,SproDa00,Darren Sproles,2
2014,SuhxNd99,Ndamukong Suh,1
2014,ThieAd00,Adam Thielen,1
2014,ThomDe03,Demaryius Thomas,2
2014,ThomDe05,De'Anthony Thomas,1
2014,ThomEa99,Earl Thomas,1
2014,ThomJo28,Joe Thomas,1
2014,ThomMi02,Michael Thomas,1
2014,TimmLa99,Lawrence Timmons,2
2014,TrufDe00,Desmond Trufant,1
2014,VollSe20,Sebastian Vollmer,1
2014,WagnBo00,Bobby Wagner,1
2014,WakeCa00,Cameron Wake,2
2014,WeddEr99,Eric Weddle,1
2014,WhitAn20,Andrew Whitworth,2
2014,WilkMu00,Muhammad Wilkerson,1
2014,WillJa95,Jason Williams,1
2014,WillKy20,Kyle Williams,1
2014,WillMa22,Mario Williams,1
2014,WillTo00,Tourek Williams,1
2014,YandMa20,Marshal Yanda,1
2014,bryanmat01,Matt Bryant,1
2014,vinatada01,Adam Vinatieri,1
2015,AnsaEz00,Ezekiel Ansah,2
2015,AtkiGe99,Geno Atkins,1
2015,BailDa00,Dan Bailey,2
2015,BaldDo00,Doug Baldwin,1
2015,BarrAn00,Anthony Barr,1
2015,BeckOd00,Odell Beckham Jr.,2
2015,BennMi99,Michael Bennett,1
2015,BergJo20,Joe Berger,1
2015,BerrEr99,Eric Berry,1
2015,BethJu00,Justin Bethel,1
2015,BowmNa99,NaVorro Bowman,1
2015,BradTo00,Tom Brady,1
2015,BrowAn04,Antonio Brown,1
2015,CollJa00,Jamie Collins,2
2015,CoxxFl00,Fletcher Cox,2
2015,CunnBe01,Benny Cunningham,1
2015,DaviLa00,Lavonte David,1
2015,DaviTh20,Thomas Davis,1
2015,DeCaDa00,David DeCastro,1
2015,DiMaPa00,Patrick DiMarco,2
2015,DonaAa00,Aaron Donald,1
2015,FitzLa00,Larry Fitzgerald,1
2015,FredTr00,Travis Frederick,2
2015,FreeDe00,Devonta Freeman,2
2015,GostSt20,Stephen Gostkowski,1
2015,GronRo00,Rob Gronkowski,1
2015,GurlTo01,Todd Gurley,2
2015,HarrCh01,Chris Harris Jr.,2
2015,HarrDa03,Damon Harrison,1
2015,HekkJo00,Johnny Hekker,1
2015,HopkDe00,DeAndre Hopkins,2
2015,HousJu00,Justin Houston,1
2015,HudsRo00,Rodney Hudson,1
2015,IncoRi20,Richie Incognito,1
2015,IupaMi20,Mike Iupati,2
2015,IvorCh00,Chris Ivory,1
2015,JenkMa99,Malcolm Jenkins,1
2015,JohnDe25,Derrick Johnson,2
2015,JoneJu02,Julio Jones,1
2015,JoneTa00,Taiwan Jones,1
2015,JordCa00,Cameron Jordan,1
2015,JoseJo20,Johnathan Joseph,1
2015,JoseLi99,Linval Joseph,1
2015,KaliRy20,Ryan Kalil,1
2015,KernBr20,Brett Kern,1
2015,KochSa20,Sam Koch,2
2015,KuecLu00,Luke Kuechly,1
2015,LandJa00,Jarvis Landry,1
2015,LockTy00,Tyler Lockett,1
2015,MackAl20,Alex Mack,1
2015,MackKh00,Khalil Mack,1
2015,MarsBr00,Brandon Marshall,2
2015,MartDo00,Doug Martin,1
2015,MartZa00,Zack Martin,2
2015,MathTy00,Tyrann Mathieu,1
2015,McAfPa44,Pat McAfee,1
2015,MillVo00,Von Miller,1
2015,MurrLa00,Latavius Murray,1
2015,NelsRe99,Reggie Nelson,2
2015,NewtCa00,Cam Newton,1
2015,NormJo01,Josh Norman,1
2015,OlseGr00,Greg Olsen,2
2015,PalmCa00,Carson Palmer,2
2015,PattCo00,Cordarrelle Patterson,2
2015,PeteAd01,Adrian Peterson,1
2015,PeteMa00,Marcus Peters,2
2015,PetePa00,Patrick Peterson,1
2015,SchrRy00,Ryan Schraeder,1
2015,SchwMi00,Mitchell Schwartz,1
2015,SherRi00,Richard Sherman,2
2015,ShorKa00,Kawann Short,2
2015,SittJo20,Josh Sitton,2
2015,SlatMa00,Matthew Slater,1
2015,SmitHa00,Harrison Smith,1
2015,SmitTy00,Tyron Smith,2
2015,SproDa00,Darren Sproles,1
2015,StewJo00,Jonathan Stewart,1
2015,SuhxNd99,Ndamukong Suh,1
2015,ThomEa99,Earl Thomas,1
2015,ThomJo28,Joe Thomas,1
2015,ThomMi02,Michael Thomas,1
2015,TolbMi00,Mike Tolbert,1
2015,VernOl00,Olivier Vernon,1
2015,WagnBo00,Bobby Wagner,2
2015,WalkHu00,Delanie Walker,1
2015,WhitAn20,Andrew Whitworth,1
2015,WilkMu00,Muhammad Wilkerson,2
2015,WillTr21,Trent Williams,2
2015,WoodCh00,Charles Woodson,2
2015,YandMa20,Marshal Yanda,1
2016,AjayJa00,Jay Ajayi,1
2016,AlexLo99,Lorenzo Alexander,2
2016,AtkiGe99,Geno Atkins,1
2016,AvriCl99,Cliff Avril,1
2016,BakhDa00,David Bakhtiari,2
2016,BeasVi00,Vic Beasley,1
2016,BeckOd00,Odell Beckham Jr.,2
2016,BellLe00,Le'Veon Bell,2
2016,BerrEr99,Eric Berry,1
2016,BradTo00,Tom Brady,2
2016,BrowAn04,Antonio Brown,1
2016,BrowZa00,Zach Brown,2
2016,ButlMa01,Malcolm Butler,2
2016,CampCa99,Calais Campbell,2
2016,CannMa00,Marcus Cannon,2
2016,ChanKa99,Kam Chancellor,1
2016,ClinHa00,Ha Ha Clinton-Dix,2
2016,ClowJa00,Jadeveon Clowney,2
2016,CollLa00,Landon Collins,1
2016,ConkJa00,Jack Conklin,1
2016,CrowJa00,Jamison Crowder,1
2016,DaviCo02,Cody Davis,1
2016,DaviLa00,Lavonte David,2
2016,DeCaDa00,David DeCastro,2
2016,DeveJa00,James Develin,1
2016,DonaAa00,Aaron Donald,1
2016,EbneNa00,Nate Ebner,2
2016,ElliEz00,Ezekiel Elliott,1
2016,EricAl01,Alex Erickson,1
2016,EvanMi00,Mike Evans,2
2016,FredTr00,Travis Frederick,1
2016,GrahBr99,Brandon Graham,2
2016,HarrCh01,Chris Harris Jr.,1
2016,HarrDa03,Damon Harrison,1
2016,HarrDw00,Dwayne Harris,1
2016,HaywCa00,Casey Hayward,2
2016,HekkJo00,Johnny Hekker,1
2016,HighDo01,Dont'a Hightower,2
2016,HillTy00,Tyreek Hill,1
2016,HudsRo00,Rodney Hudson,1
2016,JenkJa03,Jackrabbit Jenkins,2
2016,JohnDa08,David Johnson,1
2016,JoneJu02,Julio Jones,1
2016,JordCa00,Cameron Jordan,1
2016,JuszKy00,Kyle Juszczyk,1
2016,KelcTr00,Travis Kelce,1
2016,KerrRy00,Ryan Kerrigan,1
2016,KingMa00,Marquette King,2
2016,KuecLu00,Luke Kuechly,2
2016,LeexSe99,Sean Lee,1
2016,LockTy00,Tyler Lockett,2
2016,MackAl20,Alex Mack,2
2016,MackKh00,Khalil Mack,1
2016,MartZa00,Zack Martin,1
2016,McAfPa44,Pat McAfee,1
2016,McCoDe99,Devin McCourty,2
2016,McCoGe99,Gerald McCoy,2
2016,McKiBe00,Benardrick McKinney,2
2016,MercWh00,Whitney Mercilus,2
2016,MillVo00,Von Miller,1
2016,MurrDe00,DeMarco Murray,1
2016,MurrEr00,Eric Murray,1
2016,OgleAl00,Alec Ogletree,2
2016,OlseGr00,Greg Olsen,2
2016,OrrxZa00,Zach Orr,2
2016,OsemKe00,Kelechi Osemele,1
2016,PattCo00,Cordarrelle Patterson,1
2016,PennDo20,Donald Penn,1
2016,PeteMa00,Marcus Peters,1
2016,PetePa00,Patrick Peterson,1
2016,PoluPa99,Paul Posluszny,1
2016,RodgDo99,Dominique Rodgers-Cromartie,2
2016,RyanMa00,Matt Ryan,1
2016,SchwMi00,Mitchell Schwartz,2
2016,SherMa20,Marcus Sherels,1
2016,SlatMa00,Matthew Slater,1
2016,SmitTy00,Tyron Smith,1
2016,SuhxNd99,Ndamukong Suh,2
2016,TaliAq99,Aqib Talib,1
2016,ThomJo28,Joe Thomas,1
2016,TuckJu00,Justin Tucker,1
2016,VernOl00,Olivier Vernon,2
2016,WagnBo00,Bobby Wagner,1
2016,WakeCa00,Cameron Wake,2
2016,WeddEr99,Eric Weddle,1
2016,WillTr21,Trent Williams,1
2016,YandMa20,Marshal Yanda,2
2016,ZeitKe00,Kevin Zeitler,1
2016,bryanmat01,Matt Bryant,1
2017,AgneJa00,Jamal Agnew,1
2017,AlleKe00,Keenan Allen,1
2017,AmosAd00,Adrian Amos,1
2017,AtkiGe99,Geno Atkins,1
2017,BakeBu00,Budda Baker,1
2017,BakhDa00,David Bakhtiari,2
2017,BellLe00,Le'Veon Bell,2
2017,BitoJo00,Joel Bitonio,1
2017,BosaJo00,Joey Bosa,1
2017,BradTo00,Tom Brady,1
2017,BrooBr00,Brandon Brooks,1
2017,BrowAn04,Antonio Brown,1
2017,ByarKe01,Kevin Byard,1
2017,CampCa99,Calais Campbell,2
2017,CampMi02,Michael Campanaro,1
2017,ClowJa00,Jadeveon Clowney,1
2017,CoopPh00,Pharoh Cooper,2
2017,CoxxFl00,Fletcher Cox,2
2017,DaviLa00,Lavonte David,1
2017,DeCaDa00,David DeCastro,1
2017,DonaAa00,Aaron Donald,1
2017,DotsDe00,Demar Dotson,1
2017,ErtzZa00,Zach Ertz,1
2017,FredTr00,Travis Frederick,1
2017,GrifEv99,Everson Griffen,2
2017,GronRo00,Rob Gronkowski,1
2017,GurlTo01,Todd Gurley,1
2017,HaywCa00,Casey Hayward,2
2017,HekkJo00,Johnny Hekker,1
2017,HenrHu00,Hunter Henry,1
2017,HeywCa01,Cameron Heyward,1
2017,HopkDe00,DeAndre Hopkins,1
2017,HuntKa00,Kareem Hunt,1
2017,HydeMi00,Micah Hyde,2
2017,JackMa02,Malik Jackson,1
2017,JohnLa01,Lane Johnson,1
2017,JoneCh03,Chandler Jones,1
2017,JoneDe01,Deion Jones,1
2017,JoneJu02,Julio Jones,2
2017,JordCa00,Cameron Jordan,1
2017,JoynLa00,Lamarcus Joyner,1
2017,KamaAl00,Alvin Kamara,2
2017,KelcJa00,Jason Kelce,1
2017,KelcTr00,Travis Kelce,2
2017,KernBr20,Brett Kern,2
2017,KerrRy00,Ryan Kerrigan,1
2017,KuecLu00,Luke Kuechly,1
2017,LattMa01,Marshon Lattimore,1
2017,LawrDe00,DeMarcus Lawrence,2
2017,LewaTa00,Taylor Lewan,1
2017,LewiDi00,Dion Lewis,1
2017,LockTy00,Tyler Lockett,2
2017,MackAl20,Alex Mack,2
2017,MartZa00,Zack Martin,2
2017,MillVo00,Von Miller,2
2017,MorsTh00,Thomas Morstead,1
2017,NorwAn01,Andrew Norwell,1
2017,OsemKe00,Kelechi Osemele,1
2017,PounMa20,Maurkice Pouncey,1
2017,PratMa20,Matt Prater,1
2017,QuinGl99,Glover Quin,1
2017,RamsJa00,Jalen Ramsey,1
2017,RhodXa00,Xavier Rhodes,2
2017,RobiPa99,Patrick Robinson,1
2017,RyanMa00,Matt Ryan,1
2017,SaffRo20,Rodger Saffold,2
2017,SchwMi00,Mitchell Schwartz,2
2017,ShazRy00,Ryan Shazier,1
2017,ShorKa00,Kawann Short,1
2017,SlatMa00,Matthew Slater,2
2017,SlayDa00,Darius Slay,1
2017,SmitHa00,Harrison Smith,1
2017,SmitTe01,Telvin Smith,2
2017,StalJo20,Joe Staley,1
2017,SuhxNd99,Ndamukong Suh,1
2017,ThieAd00,Adam Thielen,2
2017,ThomEa99,Earl Thomas,2
2017,ThomMi02,Michael Thomas,1
2017,ThomMi05,Michael Thomas,1
2017,TuckJu00,Justin Tucker,2
2017,VillAl00,Alejandro Villanueva,1
2017,WagnBo00,Bobby Wagner,1
2017,WeddEr99,Eric Weddle,1
2017,WentCa00,Carson Wentz,2
2017,WhitAn20,Andrew Whitworth,1
2017,WhitTr01,Tre'Davious White,1
2017,WillDa06,Daryl Williams,2
2017,WillTr21,Trent Williams,1
2017,ZuerGr00,Greg Zuerlein,1
2017,gouldrob01,Robbie Gould,1
2018,AdamJa00,Jamal Adams,2
2018,AlleKe00,Keenan Allen,1
2018,ArmsTe00,Terron Armstead,2
2018,AtkiGe99,Geno Atkins,1
2018,BakhDa00,David Bakhtiari,1
2018,BarkSa00,Saquon Barkley,1
2018,BitoJo00,Joel Bitonio,2
2018,BreeDr00,Drew Brees,2
2018,BrooBr00,Brandon Brooks,1
2018,BrowDu20,Duane Brown,2
2018,BrowZa00,Zach Brown,1
2018,ByarKe01,Kevin Byard,1
2018,CoheTa00,Tarik Cohen,1
2018,CoxxFl00,Fletcher Cox,1
2018,DickMi00,Michael Dickson,1
2018,DonaAa00,Aaron Donald,1
2018,ElliEz00,Ezekiel Elliott,2
2018,ErtzZa00,Zach Ertz,1
2018,FlowTr00,Trey Flowers,1
2018,FullKy00,Kyle Fuller,1
2018,GarrMy00,Myles Garrett,2
2018,GilmSt00,Stephon Gilmore,1
2018,GurlTo01,Todd Gurley,1
2018,HekkJo00,Johnny Hekker,2
2018,HenrDe00,Derrick Henry,1
2018,HickAk00,Akiem Hicks,1
2018,HillTy00,Tyreek Hill,2
2018,HopkDe00,DeAndre Hopkins,1
2018,HowaXa00,Xavien Howard,2
2018,HudsRo00,Rodney Hudson,1
2018,HuntDa01,Danielle Hunter,2
2018,JackEd01,Eddie Jackson,1
2018,JackKa99,Kareem Jackson,1
2018,JameDe00,Derwin James,2
2018,JameRi00,Richie James,1
2018,JoneBy00,Byron Jones,2
2018,JoneCh09,Chris Jones,2
2018,JoneJu02,Julio Jones,2
2018,JordCa00,Cameron Jordan,2
2018,KamaAl00,Alvin Kamara,1
2018,KelcJa00,Jason Kelce,1
2018,KelcTr00,Travis Kelce,1
2018,KernBr20,Brett Kern,1
2018,KerrRy00,Ryan Kerrigan,1
2018,KingDe01,Desmond King,2
2018,KittGe00,George Kittle,2
2018,KuecLu00,Luke Kuechly,1
2018,LawrDe00,DeMarcus Lawrence,1
2018,LeonDa00,Shaquille Leonard,1
2018,LewaTa00,Taylor Lewan,1
2018,LindPh00,Phillip Lindsay,1
2018,LittCo01,Cory Littleton,2
2018,LutzWi00,Wil Lutz,1
2018,MackKh00,Khalil Mack,1
2018,MahoPa00,Patrick Mahomes,1
2018,MartZa00,Zack Martin,1
2018,MasoSh01,Shaq Mason,1
2018,McCaCh01,Christian McCaffrey,2
2018,McClAl00,Albert McClellan,1
2018,MillVo00,Von Miller,2
2018,MorsTh00,Thomas Morstead,1
2018,NelsQu00,Quenton Nelson,1
2018,PattCo00,Cordarrelle Patterson,2
2018,PetePa00,Patrick Peterson,1
2018,PhilAd00,Adrian Phillips,1
2018,PounMa20,Maurkice Pouncey,2
2018,RamcRy00,Ryan Ramczyk,2
2018,RobeAn00,Andre Roberts,1
2018,RosaAl00,Aldrick Rosas,2
2018,SchwMi00,Mitchell Schwartz,1
2018,SmitHa00,Harrison Smith,2
2018,SmitTr04,Tremon Smith,1
2018,SmitTy00,Tyron Smith,1
2018,ThomMi05,Michael Thomas,1
2018,TuckJu00,Justin Tucker,1
2018,VandLe00,Leighton Vander Esch,2
2018,WagnBo00,Bobby Wagner,1
2018,YandMa20,Marshal Yanda,2
2019,AdamJa00,Jamal Adams,1
2019,AlleKe00,Keenan Allen,1
2019,BakhDa00,David Bakhtiari,2
2019,BarrSh00,Shaquil Barrett,2
2019,BitoJo00,Joel Bitonio,2
2019,BosaJo00,Joey Bosa,1
2019,BrooBr00,Brandon Brooks,1
2019,BuckDe00,DeForest Buckner,2
2019,CampCa99,Calais Campbell,1
2019,CastAn00,Anthony Castonzo,1
2019,ChubNi00,Nick Chubb,1
2019,CookDa01,Dalvin Cook,1
2019,DaviDe00,Demario Davis,1
2019,DaviLa00,Lavonte David,1
2019,DonaAa00,Aaron Donald,1
2019,DunbQu00,Quinton Dunbar,1
2019,EkelAu00,Austin Ekeler,1
2019,EvanMi00,Mike Evans,1
2019,FitzMi00,Minkah Fitzpatrick,1
2019,GilmSt00,Stephon Gilmore,1
2019,GodwCh00,Chris Godwin,2
2019,HardMe00,Mecole Hardman,2
2019,HarrAn01,Anthony Harris,1
2019,HarrDe07,Deonte Harty,1
2019,HaywCa00,Casey Hayward,1
2019,HenrDe00,Derrick Henry,2
2019,HeywCa01,Cameron Heyward,1
2019,HopkDe00,DeAndre Hopkins,1
2019,HudsRo00,Rodney Hudson,2
2019,HumpMa00,Marlon Humphrey,1
2019,HuntDa01,Danielle Hunter,1
2019,JackLa00,Lamar Jackson,1
2019,JarrGr00,Grady Jarrett,2
2019,JensRy00,Ryan Jensen,1
2019,JohnDi01,Diontae Johnson,2
2019,JoneCh03,Chandler Jones,1
2019,JoneCh09,Chris Jones,1
2019,JoneJu02,Julio Jones,2
2019,JordCa00,Cameron Jordan,2
2019,JudoMa00,Matt Judon,1
2019,KelcJa00,Jason Kelce,1
2019,KelcTr00,Travis Kelce,2
2019,KendEr00,Eric Kendricks,1
2019,KernBr20,Brett Kern,1
2019,KittGe00,George Kittle,1
2019,KuecLu00,Luke Kuechly,2
2019,LambJo00,Josh Lambo,2
2019,LattMa01,Marshon Lattimore,1
2019,LeonDa00,Shaquille Leonard,2
2019,LutzWi00,Wil Lutz,1
2019,MartZa00,Zack Martin,1
2019,MathTy00,Tyrann Mathieu,2
2019,McCaCh01,Christian McCaffrey,1
2019,NelsQu00,Quenton Nelson,1
2019,PattCo00,Cordarrelle Patterson,2
2019,PeteMa00,Marcus Peters,2
2019,RamcRy00,Ryan Ramczyk,1
2019,RobeAn00,Andre Roberts,1
2019,SchwMi00,Mitchell Schwartz,2
2019,ScotJK00,JK Scott,1
2019,SherRi00,Richard Sherman,2
2019,SimmJu00,Justin Simmons,2
2019,SlatMa00,Matthew Slater,1
2019,SmitHa00,Harrison Smith,1
2019,SmitZa00,Za'Darius Smith,1
2019,StanRo00,Ronnie Stanley,1
2019,ThomMi05,Michael Thomas,1
2019,ThunJo00,Joe Thuney,2
2019,TuckJu00,Justin Tucker,1
2019,TunsLa00,Laremy Tunsil,1
2019,WagnBo00,Bobby Wagner,1
2019,WayxTr00,Tress Way,2
2019,WhitTr01,Tre'Davious White,1
2019,WillMa06,Marcus Williams,1
2019,WilsRu00,Russell Wilson,2
2019,YandMa20,Marshal Yanda,2
2020,AdamDa01,Davante Adams,1
2020,AdamJa00,Jamal Adams,2
2020,AgneJa00,Jamal Agnew,1
2020,AlexJa00,Jaire Alexander,2
2020,AlleJo02,Josh Allen,2
2020,AmosAd00,Adrian Amos,1
2020,BailJa00,Jake Bailey,1
2020,BakeBu00,Budda Baker,1
2020,BakhDa00,David Bakhtiari,1
2020,BateJe00,Jessie Bates III,2
2020,BeasCo00,Cole Beasley,2
2020,BellNi01,Nick Bellore,1
2020,BitoJo00,Joel Bitonio,2
2020,BollGa00,Garett Bolles,2
2020,BosaJo00,Joey Bosa,1
2020,BradJa00,James Bradberry,1
2020,BrowAJ00,A.J. Brown,1
2020,BuckDe00,DeForest Buckner,1
2020,CallBr00,Bryce Callahan,1
2020,ChubBr00,Bradley Chubb,1
2020,ChubNi00,Nick Chubb,1
2020,ConkJa00,Jack Conklin,1
2020,CookDa01,Dalvin Cook,1
2020,CoxxFl00,Fletcher Cox,1
2020,CoxxMo00,Morgan Cox,1
2020,DaviCo02,Cody Davis,1
2020,DaviDe00,Demario Davis,2
2020,DaviLa00,Lavonte David,2
2020,DiggSt00,Stefon Diggs,1
2020,DonaAa00,Aaron Donald,1
2020,FitzMi00,Minkah Fitzpatrick,1
2020,FoxxJa01,Jack Fox,2
2020,GarrMy00,Myles Garrett,1
2020,GranJa00,Jakeem Grant,2
2020,HendTr00,Trey Hendrickson,1
2020,HenrDe00,Derrick Henry,1
2020,HeywCa01,Cameron Heyward,2
2020,HillTy00,Tyreek Hill,1
2020,HockTJ00,T.J. Hockenson,1
2020,HopkDe00,DeAndre Hopkins,2
2020,HowaXa00,Xavien Howard,1
2020,JackMy00,Myles Jack,1
2020,JeffJu00,Justin Jefferson,2
2020,JohnJo10,John Johnson,1
2020,JoneCh09,Chris Jones,2
2020,JordCa00,Cameron Jordan,1
2020,KamaAl00,Alvin Kamara,2
2020,KelcJa00,Jason Kelce,1
2020,KelcTr00,Travis Kelce,1
2020,KellRy00,Ryan Kelly,2
2020,KendEr00,Eric Kendricks,1
2020,KooxYo00,Younghoe Koo,1
2020,LawrDe00,DeMarcus Lawrence,1
2020,LeonDa00,Shaquille Leonard,1
2020,LinsCo00,Corey Linsley,1
2020,MackKh00,Khalil Mack,2
2020,MahoPa00,Patrick Mahomes,2
2020,MarpAl00,Ali Marpet,1
2020,MathTy00,Tyrann Mathieu,1
2020,McClRa00,Ray-Ray McCloud,1
2020,MetcDK00,D.K. Metcalf,2
2020,NelsQu00,Quenton Nelson,1
2020,OdumGe00,George Odum,1
2020,OlszGu00,Gunner Olszewski,1
2020,PattCo00,Cordarrelle Patterson,1
2020,PiniBr00,Bradley Pinion,1
2020,RagnFr00,Frank Ragnow,2
2020,RamcRy00,Ryan Ramczyk,2
2020,RamsJa00,Jalen Ramsey,1
2020,RhodLu00,Luke Rhodes,2
2020,RidlCa00,Calvin Ridley,2
2020,RobeAn00,Andre Roberts,2
2020,RobiAl02,Allen Robinson,1
2020,RodgAa00,Aaron Rodgers,1
2020,SandJa00,Jason Sanders,1
2020,ScheBr00,Brandon Scherff,1
2020,SimmJu00,Justin Simmons,1
2020,SlatMa00,Matthew Slater,2
2020,SmitRo07,Roquan Smith,2
2020,SmitZa00,Za'Darius Smith,2
2020,TellWy00,Wyatt Teller,2
2020,TuckJu00,Justin Tucker,2
2020,WagnBo00,Bobby Wagner,1
2020,WallDa01,Darren Waller,1
2020,WarnFr00,Fred Warner,1
2020,WhitDe02,Devin White,2
2020,WhitTr01,Tre'Davious White,2
2020,WillDa09,Darious Williams,1
2020,WillTr21,Trent Williams,1
2020,WirfTr00,Tristan Wirfs,1
2020,YounCh04,Chase Young,1
2021,AdamDa01,Davante Adams,1
2021,AdamMa00,Matthew Adams,1
2021,AlleJo01,Jonathan Allen,1
2021,AndrMa00,Mark Andrews,1
2021,AngeBr00,Bryan Anger,2
2021,AwuzCh00,Chidobe Awuzie,1
2021,BakeBu00,Budda Baker,2
2021,BerrBr00,Braxton Berrios,1
2021,BitoJo00,Joel Bitonio,1
2021,BosaNi00,Nick Bosa,1
2021,BradTo00,Tom Brady,2
2021,BurrJo01,Joe Burrow,1
2021,ByarKe01,Kevin Byard,1
2021,CampDe00,De'Vondre Campbell,1
2021,CarlDa00,Daniel Carlson,2
2021,ChasJa00,Ja'Marr Chase,2
2021,ChubNi00,Nick Chubb,1
2021,ColeAJ01,AJ Cole III,1
2021,CookDa01,Dalvin Cook,1
2021,CrosMa00,Maxx Crosby,2
2021,DaviDe00,Demario Davis,2
2021,DaviLa00,Lavonte David,1
2021,DiggQu00,Quandre Diggs,1
2021,DiggTr00,Trevon Diggs,1
2021,DonaAa00,Aaron Donald,1
2021,DuliAs00,Ashton Dulin,2
2021,DuveDe00,Devin Duvernay,1
2021,ElliJa03,Jake Elliott,1
2021,GarrMy00,Myles Garrett,1
2021,GayxMa00,Matt Gay,1
2021,GibsAn00,Antonio Gibson,1
2021,GranJa00,Jakeem Grant,2
2021,HarrJo02,Josh Harris,2
2021,HeywCa01,Cameron Heyward,1
2021,HillTy00,Tyreek Hill,1
2021,HollJe02,Jevon Holland,1
2021,HowaXa00,Xavien Howard,1
2021,HumpCr00,Creed Humphrey,1
2021,HydeMi00,Micah Hyde,2
2021,JameDe00,Derwin James,1
2021,JeffJu00,Justin Jefferson,2
2021,JohnLa01,Lane Johnson,2
2021,JoneCh09,Chris Jones,2
2021,JordCa00,Cameron Jordan,1
2021,JudoMa00,Matt Judon,1
2021,KelcJa00,Jason Kelce,1
2021,KelcTr00,Travis Kelce,2
2021,KittGe00,George Kittle,1
2021,KuppCo00,Cooper Kupp,1
2021,LeonDa00,Shaquille Leonard,1
2021,LinsCo00,Corey Linsley,2
2021,MailJo00,Jordan Mailata,1
2021,MarpAl00,Ali Marpet,1
2021,MartZa00,Zack Martin,1
2021,MasoSh01,Shaq Mason,1
2021,MillKo00,Kolton Miller,1
2021,MixoJo00,Joe Mixon,1
2021,NelsQu00,Quenton Nelson,2
2021,NwanKe00,Kene Nwangwu,1
2021,ParsMi00,Micah Parsons,1
2021,PattCo00,Cordarrelle Patterson,1
2021,PoyeJo00,Jordan Poyer,1
2021,QuinRo00,Robert Quinn,2
2021,RamsJa00,Jalen Ramsey,1
2021,RhodLu00,Luke Rhodes,1
2021,RobeAn00,Andre Roberts,2
2021,RodgAa00,Aaron Rodgers,1
2021,SamuDe00,Deebo Samuel,1
2021,SimmJe01,Jeffery Simmons,2
2021,SimmJu00,Justin Simmons,2
2021,SlatMa00,Matthew Slater,2
2021,SlatRa00,Rashawn Slater,2
2021,SlayDa00,Darius Slay,1
2021,SmitRo07,Roquan Smith,2
2021,TaylJo02,Jonathan Taylor,1
2021,TellWy00,Wyatt Teller,2
2021,TerrAJ00,AJ Terrell,2
2021,TuckJu00,Justin Tucker,1
2021,WagnBo00,Bobby Wagner,2
2021,WilkCh00,Christian Wilkins,1
2021,WillMa06,Marcus Williams,1
2021,WillTr21,Trent Williams,1
2021,WinfAn00,Antoine Winfield Jr.,1
2021,WirfTr00,Tristan Wirfs,1
2022,AdamDa01,Davante Adams,1
2022,AlexJa00,Jaire Alexander,2
2022,ArmsTe00,Terron Armstead,1
2022,BarkSa00,Saquon Barkley,1
2022,BitoJo00,Joel Bitonio,1
2022,BosaNi00,Nick Bosa,1
2022,BradJa00,James Bradberry,2
2022,BrowAJ00,A.J. Brown,2
2022,BurnBr00,Brian Burns,1
2022,BurrJo01,Joe Burrow,1
2022,CarlDa00,Daniel Carlson,1
2022,ChubNi00,Nick Chubb,2
2022,ColeAJ01,AJ Cole III,1
2022,CoxxMo00,Morgan Cox,1
2022,CrosMa00,Maxx Crosby,1
2022,CurlKa00,Kamren Curl,1
2022,DaviDe00,Demario Davis,2
2022,DaviLa00,Lavonte David,1
2022,DePaAn00,Andrew DePaola,1
2022,DiggSt00,Stefon Diggs,2
2022,DonaAa00,Aaron Donald,1
2022,EdwaTJ02,T.J. Edwards,1
2022,FitzMi00,Minkah Fitzpatrick,1
2022,GardCh00,C.J. Gardner-Johnson,1
2022,GardSa00,Sauce Gardner,1
2022,GarrMy00,Myles Garrett,2
2022,HardJu01,Justin Hardee,1
2022,HargJa00,Javon Hargrave,1
2022,HekkJo00,Johnny Hekker,1
2022,HenrDe00,Derrick Henry,1
2022,HeywCa01,Cameron Heyward,1
2022,HighAl02,Alex Highsmith,1
2022,HillTy00,Tyreek Hill,1
2022,HineNy00,Nyheim Hines,1
2022,HufaTa00,Talanoa Hufanga,1
2022,HumpCr00,Creed Humphrey,2
2022,HurtJa00,Jalen Hurts,2
2022,JacoJo01,Josh Jacobs,1
2022,JameDe00,Derwin James,2
2022,JeffJu00,Justin Jefferson,1
2022,JohnLa01,Lane Johnson,1
2022,JoneCh09,Chris Jones,1
2022,JoneMa06,Marcus Jones,1
2022,JudoMa00,Matt Judon,1
2022,JuszKy00,Kyle Juszczyk,1
2022,KelcJa00,Jason Kelce,1
2022,KelcTr00,Travis Kelce,1
2022,KittGe00,George Kittle,2
2022,LambCe00,CeeDee Lamb,2
2022,LawrDe03,Dexter Lawrence,2
2022,LindCh00,Chris Lindstrom,2
2022,MahoPa00,Patrick Mahomes,1
2022,MartZa00,Zack Martin,1
2022,MathTy00,Tyrann Mathieu,1
2022,McCaCh01,Christian McCaffrey,1
2022,MilaMa00,Matt Milano,1
2022,MoorNi00,Nick Moore,2
2022,MyerJa00,Jason Myers,1
2022,NealRy00,Ryan Neal,1
2022,NixoKe00,Keisean Nixon,1
2022,NwanKe00,Kene Nwangwu,2
2022,OdumGe00,George Odum,2
2022,OnweMi00,Michael Onwenu,1
2022,ParsMi00,Micah Parsons,1
2022,PattCo00,Cordarrelle Patterson,1
2022,PaynDa00,Daron Payne,1
2022,PetePa00,Patrick Peterson,1
2022,RamsJa00,Jalen Ramsey,1
2022,RaymKa00,Kalif Raymond,2
2022,ReavJe00,Jeremy Reaves,1
2022,ReddHa00,Haason Reddick,2
2022,SimmJe01,Jeffery Simmons,2
2022,SimmJu00,Justin Simmons,2
2022,SlayDa00,Darius Slay,1
2022,SmitRo07,Roquan Smith,1
2022,StonRy00,Ryan Stonehouse,2
2022,StxxAm00,Amon-Ra St. Brown,1
2022,SurtPa01,Patrick Surtain II,1
2022,ThomAn02,Andrew Thomas,2
2022,ThunJo00,Joe Thuney,2
2022,TownTo01,Tommy Townsend,1
2022,TuckJu00,Justin Tucker,2
2022,TunsLa00,Laremy Tunsil,1
2022,TurpKa00,KaVontae Turpin,1
2022,WagnBo00,Bobby Wagner,2
2022,WarnFr00,Fred Warner,1
2022,WillQu00,Quinnen Williams,1
2022,WillTr21,Trent Williams,1
2022,WirfTr00,Tristan Wirfs,2
2022,WoodZa00,Zach Wood,1
2023,AdamMa00,Matthew Adams,1
2023,AiyuBr00,Brandon Aiyuk,2
2023,AlleJo02,Josh Allen,1
2023,AlleJo03,Josh Hines-Allen,1
2023,AngeBr00,Bryan Anger,2
2023,AubrBr00,Brandon Aubrey,1
2023,BateJe00,Jessie Bates III,2
2023,BitoJo00,Joel Bitonio,1
2023,BlanDa00,DaRon Bland,1
2023,BosaNi00,Nick Bosa,1
2023,BrowAJ00,A.J. Brown,2
2023,BrowDe05,Derrick Brown,1
2023,BurtMi00,Michael Burton,1
2023,ColeAJ01,AJ Cole III,1
2023,CollNi00,Nico Collins,1
2023,CrosMa00,Maxx Crosby,2
2023,DaviDe00,Demario Davis,2
2023,DaviDe02,Derius Davis,2
2023,DawkDi00,Dion Dawkins,1
2023,DePaAn00,Andrew DePaola,2
2023,DonaAa00,Aaron Donald,1
2023,DotsKe00,Kevin Dotson,1
2023,ElliJa03,Jake Elliott,2
2023,EvanMi00,Mike Evans,2
2023,FrabMi00,Mitchell Fraboni,1
2023,FullKe00,Kendall Fuller,1
2023,GardSa00,Sauce Gardner,1
2023,GarrMy00,Myles Garrett,1
2023,HamiKy00,Kyle Hamilton,1
2023,HendTr00,Trey Hendrickson,1
2023,HenrDe00,Derrick Henry,1
2023,HillTy00,Tyreek Hill,1
2023,HockTJ00,T.J. Hockenson,1
2023,HollJe02,Jevon Holland,1
2023,HumpCr00,Creed Humphrey,1
2023,HuntDa01,Danielle Hunter,1
2023,HutcAi00,Aidan Hutchinson,1
2023,JackLa00,Lamar Jackson,1
2023,JohnJa13,Jaylon Johnson,2
2023,JohnLa01,Lane Johnson,2
2023,JohnTa01,Taron Johnson,2
2023,JoneCh09,Chris Jones,1
2023,JuszKy00,Kyle Juszczyk,1
2023,KelcJa00,Jason Kelce,1
2023,KelcTr00,Travis Kelce,1
2023,KillMi00,Miles Killebrew,1
2023,KittGe00,George Kittle,1
2023,LaPoSa01,Sam LaPorta,2
2023,LambCe00,CeeDee Lamb,1
2023,LawrDe03,Dexter Lawrence,2
2023,LindCh00,Chris Lindstrom,2
2023,LuepHu00,Hunter Luepke,1
2023,MaduJu00,Nnamdi Madubuike,2
2023,MailJo00,Jordan Mailata,1
2023,MartZa00,Zack Martin,1
2023,MatiRo00,Ross Matiscik,1
2023,McCaCh01,Christian McCaffrey,1
2023,McDuTr00,Trent McDuffie,1
2023,McLaCh00,Chase McLaughlin,1
2023,MimsMa00,Marvin Mims,2
2023,MostRa00,Raheem Mostert,1
2023,NacuPu00,Puka Nacua,2
2023,NixoKe00,Keisean Nixon,1
2023,ParsMi00,Micah Parsons,2
2023,PiniBr00,Bradley Pinion,1
2023,PresDa01,Dak Prescott,2
2023,QueePa00,Patrick Queen,2
2023,RagnFr00,Frank Ragnow,2
2023,ReevJa00,Jalen Reeves-Maybin,2
2023,RicaPa00,Patrick Ricard,2
2023,SchoBr00,Brenden Schooler,1
2023,SewePe00,Penei Sewell,1
2023,ShahRa00,Rashid Shaheed,1
2023,SimmJu00,Justin Simmons,2
2023,SmitIh00,Ihmir Smith-Marsette,1
2023,SmitRo07,Roquan Smith,1
2023,SmitTy00,Tyron Smith,2
2023,SmitTy02,Tyler Smith,2
2023,StxxAm00,Amon-Ra St. Brown,1
2023,SurtPa01,Patrick Surtain II,1
2023,ThunJo00,Joe Thuney,1
2023,TuckJu00,Justin Tucker,1
2023,TunsLa00,Laremy Tunsil,1
2023,TurpKa00,KaVontae Turpin,1
2023,WagnBo00,Bobby Wagner,2
2023,WardCh01,Charvarius Ward,2
2023,WarnFr00,Fred Warner,1
2023,WillKy02,Kyren Williams,2
2023,WillQu00,Quinnen Williams,1
2023,WillQu01,Quincy Williams,1
2023,WillTr21,Trent Williams,1
2023,WinfAn00,Antoine Winfield Jr.,1
2023,WithDe00,Devon Witherspoon,1
2024,AlleJo02,Josh Allen,2
2024,AlleZa01,Zach Allen,2
2024,AubrBr00,Brandon Aubrey,2
2024,BakeBu00,Budda Baker,2
2024,BarkSa00,Saquon Barkley,1
2024,BaunZa00,Zack Baun,1
2024,BenfCh00,Christian Benford,1
2024,BoniNi00,Nik Bonitto,2
2024,BosaNi00,Nick Bosa,1
2024,BoswCh00,Chris Boswell,1
2024,BoweBr01,Brock Bowers,1
2024,BranBr00,Brian Branch,1
2024,BrowAJ00,A.J. Brown,2
2024,BurrJo01,Joe Burrow,1
2024,CampJa04,Jack Campbell,1
2024,CartJa05,Jalen Carter,2
2024,ChasJa00,Ja'Marr Chase,1
2024,ColeAJ01,AJ Cole III,1
2024,CollNi00,Nico Collins,1
2024,CookLo00,Logan Cooke,2
2024,DalySc01,Scott Daly,1
2024,DaviDe02,Derius Davis,1
2024,DawkDi00,Dion Dawkins,1
2024,DeJeCo00,Cooper DeJean,1
2024,DePaAn00,Andrew DePaola,1
2024,DickLa00,Landon Dickerson,1
2024,DickMi00,Michael Dickson,1
2024,EkelAu00,Austin Ekeler,2
2024,FoxxJa01,Jack Fox,1
2024,FranZa00,Zaire Franklin,2
2024,GarrMy00,Myles Garrett,1
2024,GibbJa01,Jahmyr Gibbs,1
2024,GoffJa00,Jared Goff,1
2024,GonzCh00,Christian Gonzalez,2
2024,GreeJo04,Jonathan Greenard,1
2024,HamiKy00,Kyle Hamilton,2
2024,HendTr00,Trey Hendrickson,1
2024,HenrDe00,Derrick Henry,2
2024,HeywCa01,Cameron Heyward,1
2024,HumpCr00,Creed Humphrey,1
2024,HumpMa00,Marlon Humphrey,1
2024,JackLa00,Lamar Jackson,1
2024,JameDe00,Derwin James,2
2024,JeffJu00,Justin Jefferson,1
2024,JohnJa13,Jaylon Johnson,1
2024,JohnLa01,Lane Johnson,2
2024,JoneBr06,Brandon Jones,1
2024,JoneCh09,Chris Jones,1
2024,JoseKe03,Kerby Joseph,1
2024,JuszKy00,Kyle Juszczyk,2
2024,KillMi00,Miles Killebrew,1
2024,KittGe00,George Kittle,2
2024,LambCe00,CeeDee Lamb,2
2024,LawrDe03,Dexter Lawrence,1
2024,LindCh00,Chris Lindstrom,2
2024,LondDr00,Drake London,1
2024,LuvuFr00,Frankie Luvu,2
2024,MailJo00,Jordan Mailata,2
2024,MatiRo00,Ross Matiscik,2
2024,McDuTr00,Trent McDuffie,2
2024,McKiXa00,Xavier McKinney,1
2024,McLaTe00,Terry McLaurin,2
2024,MeinQu02,Quinn Meinerz,1
2024,MimsMa00,Marvin Mims,1
2024,MurpBy00,Byron Murphy,1
2024,NacuPu00,Puka Nacua,1
2024,NelsQu00,Quenton Nelson,2
2024,ParsMi00,Micah Parsons,1
2024,RagnFr00,Frank Ragnow,2
2024,RaymKa00,Kalif Raymond,2
2024,RicaPa00,Patrick Ricard,1
2024,SchoBr00,Brenden Schooler,1
2024,SewePe00,Penei Sewell,1
2024,SlatRa00,Rashawn Slater,1
2024,SmitRo07,Roquan Smith,1
2024,StinDe00,Derek Stingley Jr.,1
2024,StxxAm00,Amon-Ra St. Brown,1
2024,SurtPa01,Patrick Surtain II,1
2024,ThomBr06,Brian Thomas,1
2024,ThunJo00,Joe Thuney,1
2024,TomxZa00,Zach Tom,1
2024,TurpKa00,KaVontae Turpin,1
2024,VanGAn00,Andrew Van Ginkel,2
2024,WagnBo00,Bobby Wagner,2
2024,WarnFr00,Fred Warner,1
2024,WillGa00,Garrett Williams,1
2024,WillLe02,Leonard Williams,1
2024,WirfTr00,Tristan Wirfs,1
2025,AchaDe00,De'Von Achane,1
2025,AlleZa01,Zach Allen,1
2025,AndeWi01,Will Anderson,1
2025,AubrBr00,Brandon Aubrey,2
2025,BateJe00,Jessie Bates III,2
2025,BaunZa00,Zack Baun,1
2025,BollGa00,Garett Bolles,1
2025,BoniNi00,Nik Bonitto,1
2025,BrewAa01,Aaron Brewer,2
2025,BrooJo01,Jordyn Brooks,1
2025,BrueCa00,Carson Bruener,1
2025,BurnBr00,Brian Burns,2
2025,BushDe01,Devin Bush Jr.,1
2025,ByarKe01,Kevin Byard,1
2025,CampJa04,Jack Campbell,1
2025,ChasJa00,Ja'Marr Chase,1
2025,CollNi00,Nico Collins,1
2025,CookJa01,James Cook,2
2025,DalmDr00,Drew Dalman,1
2025,DaviDe00,Demario Davis,1
2025,DaviRa04,Ray Davis,1
2025,DawkDi00,Dion Dawkins,1
2025,DeJeCo00,Cooper DeJean,1
2025,DePaAn00,Andrew DePaola,2
2025,DickMi00,Michael Dickson,2
2025,DikeCh00,Chimere Dike,1
2025,GardSa00,Sauce Gardner,1
2025,GarrMy00,Myles Garrett,1
2025,GillRe00,Reggie Gilliam,1
2025,GrayCe00,Cedric Gray,1
2025,HamiKy00,Kyle Hamilton,1
2025,HattHo00,Hogan Hatten,1
2025,HeywCa01,Cameron Heyward,2
2025,HornJa00,Jaycee Horn,1
2025,HufaTa00,Talanoa Hufanga,2
2025,HumpCr00,Creed Humphrey,1
2025,HuntDa01,Danielle Hunter,2
2025,HutcAi00,Aidan Hutchinson,2
2025,JackMi01,Michael Jackson,1
2025,JameDe00,Derwin James,2
2025,JohnAn07,Antonio Johnson,1
2025,JoneEr01,Ernest Jones,2
2025,JoneMa06,Marcus Jones,2
2025,JuszKy00,Kyle Juszczyk,1
2025,KelcTr00,Travis Kelce,1
2025,KeyxDe00,Devon Key,1
2025,KittGe00,George Kittle,1
2025,LindCh00,Chris Lindstrom,2
2025,LittCa00,Cam Little,1
2025,LloyDe00,Devin Lloyd,2
2025,MatiRo00,Ross Matiscik,1
2025,MayeDr00,Drake Maye,2
2025,McBrTr01,Trey McBride,1
2025,McCaCh01,Christian McCaffrey,1
2025,McKiXa00,Xavier McKinney,2
2025,McMiJa00,Ja'Quan McMillian,1
2025,McNaAu00,Austin McNamara,1
2025,MeinQu02,Quinn Meinerz,1
2025,MitcQu00,Quinyon Mitchell,1
2025,NacuPu00,Puka Nacua,1
2025,NelsQu00,Quenton Nelson,2
2025,NwanKe00,Kene Nwangwu,1
2025,OlavCh00,Chris Olave,2
2025,ParsMi00,Micah Parsons,1
2025,PhilDe00,Del'Shawn Phillips,2
2025,PickGe00,George Pickens,2
2025,PitrJa00,Jalen Pitre,1
2025,PittKy00,Kyle Pitts,2
2025,ReicWi00,Will Reichard,1
2025,RicaPa00,Patrick Ricard,2
2025,RobiBi01,Bijan Robinson,2
2025,SewePe00,Penei Sewell,1
2025,ShahRa00,Rashid Shaheed,1
2025,SimmJe01,Jeffery Simmons,1
2025,SmitJa06,Jaxon Smith-Njigba,1
2025,StafMa00,Matthew Stafford,1
2025,StinDe00,Derek Stingley Jr.,1
2025,StouJo00,Jordan Stout,1
2025,StxxAm00,Amon-Ra St. Brown,2
2025,SunaRe00,Rex Sunahara,1
2025,SurtPa01,Patrick Surtain II,2
2025,TaylJo02,Jonathan Taylor,1
2025,ThunJo00,Joe Thuney,1
2025,TuipTu00,Tuli Tuipulotu,1
2025,TurnKo00,Kobie Turner,1
2025,TurpKa00,KaVontae Turpin,2
2025,WattXa00,Xavier Watts,1
2025,WayxTr00,Tress Way,1
2025,WhelDa00,Daniel Whelan,1
2025,WillIs03,Isaiah Williams,1
2025,WillLe02,Leonard Williams,2
2025,WillQu00,Quinnen Williams,1
2025,WillTr21,Trent Williams,2
2025,WirfTr00,Tristan Wirfs,1
2025,WithDe00,Devon Witherspoon,2
2025,WrigDa00,Darnell Wright,2
2025,YounBy01,Byron Young,1
