season,rank,player,pfr_id
2011,1.0,Tom Brady,
2011,2.0,Peyton Manning,
2011,3.0,Adrian Peterson,
2011,4.0,Ray Lewis,
2011,5.0,Ed Reed,
2011,6.0,Troy Polamalu,
2011,7.0,Andre Johnson,
2011,8.0,Darrelle Revis,
2011,9.0,Drew Brees,
2011,10.0,Julius Peppers,
2011,11.0,Aaron Rodgers,
2011,12.0,DeMarcus Ware,
2011,13.0,Chris Johnson,
2011,14.0,Larry Fitzgerald,
2011,15.0,Dwight Freeney,
2011,16.0,Charles Woodson,
2011,17.0,Haloti Ngata,
2011,18.0,Nnamdi Asomugha,
2011,19.0,Clay Matthews,
2011,20.0,Michael Vick,
2011,21.0,James Harrison,
2011,22.0,Antonio Gates,
2011,23.0,Patrick Willis,
2011,24.0,Roddy White,
2011,25.0,Arian Foster,
2011,26.0,Philip Rivers,
2011,27.0,Calvin Johnson,
2011,28.0,Jake Long,
2011,29.0,DeSean Jackson,
2011,30.0,Maurice Jones-Drew,
2011,31.0,Reggie Wayne,
2011,32.0,Devin Hester,
2011,33.0,Jamaal Charles,
2011,34.0,Jahri Evans,
2011,35.0,Vince Wilfork,
2011,36.0,Jason Witten,
2011,37.0,Jonathan Vilma,
2011,38.0,Steven Jackson,
2011,39.0,Logan Mankins,
2011,40.0,Terrell Suggs,
2011,41.0,Ben Roethlisberger,
2011,42.0,Michael Turner,
2011,43.0,Joe Thomas,
2011,44.0,Robert Mathis,
2011,45.0,Dwayne Bowe,
2011,46.0,Tony Gonzalez,
2011,47.0,Nick Mangold,
2011,48.0,Champ Bailey,
2011,49.0,Brian Urlacher,
2011,50.0,Wes Welker,
2011,51.0,Ndamukong Suh,
2011,52.0,Matt Ryan,
2011,53.0,Marques Colston,
2011,54.0,Asante Samuel,
2011,55.0,Carl Nicks,
2011,56.0,Ray Rice,
2011,57.0,Andre Gurode,
2011,58.0,Brandon Lloyd,
2011,59.0,Jeff Saturday,
2011,60.0,Justin Tuck,
2011,61.0,Brandon Marshall,
2011,62.0,Jerod Mayo,
2011,63.0,Cameron Wake,
2011,64.0,Tamba Hali,
2011,65.0,Vonta Leach,
2011,66.0,Richard Seymour,
2011,67.0,Brian Waters,
2011,68.0,Antrel Rolle,
2011,69.0,John Abraham,
2011,70.0,Miles Austin,
2011,71.0,Mario Williams,
2011,72.0,Tony Romo,
2011,73.0,Trent Cole,
2011,74.0,Greg Jennings,
2011,75.0,Jay Ratliff,
2011,76.0,Santonio Holmes,
2011,77.0,Chris Snee,
2011,78.0,Dallas Clark,
2011,79.0,D'Brickashaw Ferguson,
2011,80.0,Jared Allen,
2011,81.0,B. J. Raji,
2011,82.0,LaMarr Woodley,
2011,83.0,Mike Williams,
2011,84.0,Josh Cribbs,
2011,85.0,Jason Babin,
2011,86.0,Josh Freeman,
2011,87.0,Jordan Gross,
2011,88.0,Vernon Davis,
2011,89.0,Adrian Wilson,
2011,90.0,Joe Flacco,
2011,91.0,Terrell Owens,
2011,92.0,Lance Briggs,
2011,93.0,Eric Berry,
2011,94.0,Frank Gore,
2011,95.0,Jon Beason,
2011,96.0,Nick Collins,
2011,97.0,Shaun Phillips,
2011,98.0,Darren McFadden,
2011,99.0,Chad Clifton,
2011,100.0,Donovan McNabb,
2012,1.0,Aaron Rodgers,
2012,2.0,Drew Brees,
2012,3.0,Calvin Johnson,
2012,4.0,Tom Brady,
2012,5.0,Darrelle Revis,
2012,6.0,DeMarcus Ware,
2012,7.0,Larry Fitzgerald,
2012,8.0,Adrian Peterson,
2012,9.0,Haloti Ngata,
2012,10.0,Patrick Willis,
2012,11.0,Terrell Suggs,
2012,12.0,Maurice Jones-Drew,
2012,13.0,Jared Allen,
2012,14.0,Jimmy Graham,
2012,15.0,Andre Johnson,
2012,16.0,Ed Reed,
2012,17.0,Justin Smith,
2012,18.0,LeSean McCoy,
2012,19.0,Troy Polamalu,
2012,20.0,Ray Lewis,
2012,21.0,Rob Gronkowski,
2012,22.0,Ray Rice,
2012,23.0,Wes Welker,
2012,24.0,Jason Pierre-Paul,
2012,25.0,Arian Foster,
2012,26.0,Julius Peppers,
2012,27.0,Clay Matthews,
2012,28.0,Frank Gore,
2012,29.0,James Harrison,
2012,30.0,Ben Roethlisberger,
2012,31.0,Eli Manning,
2012,32.0,Jahri Evans,
2012,33.0,Matt Forte,
2012,34.0,Tamba Hali,
2012,35.0,Steve Smith,
2012,36.0,Charles Woodson,
2012,37.0,Steven Jackson,
2012,38.0,Ndamukong Suh,
2012,39.0,Victor Cruz,
2012,40.0,Cam Newton,
2012,41.0,Matthew Stafford,
2012,42.0,Jason Peters,
2012,43.0,Vernon Davis,
2012,44.0,Jason Babin,
2012,45.0,Vonta Leach,
2012,46.0,Champ Bailey,
2012,47.0,Mike Wallace,
2012,48.0,Devin Hester,
2012,49.0,Maurkice Pouncey,
2012,50.0,Peyton Manning,
2012,51.0,Brian Urlacher,
2012,52.0,Von Miller,
2012,53.0,Tony Gonzalez,
2012,54.0,Brian Cushing,
2012,55.0,Patrick Peterson,
2012,56.0,Greg Jennings,
2012,57.0,Trent Cole,
2012,58.0,Jonathan Vilma,
2012,59.0,Jake Long,
2012,60.0,Darren McFadden,
2012,61.0,Philip Rivers,
2012,62.0,Justin Tuck,
2012,63.0,LaMarr Woodley,
2012,64.0,Logan Mankins,
2012,65.0,Roddy White,
2012,66.0,Earl Thomas,
2012,67.0,Joe Staley,
2012,68.0,Elvis Dumervil,
2012,69.0,Carlos Rogers,
2012,70.0,Michael Vick,
2012,71.0,DeSean Jackson,
2012,72.0,Lance Briggs,
2012,73.0,Johnathan Joseph,
2012,74.0,Joe Flacco,
2012,75.0,Jason Witten,
2012,76.0,Carl Nicks,
2012,77.0,A. J. Green,
2012,78.0,Derrick Johnson,
2012,79.0,Nnamdi Asomugha,
2012,80.0,Jordy Nelson,
2012,81.0,Vince Wilfork,
2012,82.0,Joe Thomas,
2012,83.0,Fred Jackson,
2012,84.0,Chris Long,
2012,85.0,NaVorro Bowman,
2012,86.0,Darren Sproles,
2012,87.0,London Fletcher,
2012,88.0,Michael Turner,
2012,89.0,Dwight Freeney,
2012,90.0,Hakeem Nicks,
2012,91.0,Tony Romo,
2012,92.0,John Kuhn,
2012,93.0,Cortland Finnegan,
2012,94.0,Marshawn Lynch,
2012,95.0,Tim Tebow,
2012,96.0,D'Qwell Jackson,
2012,97.0,Donald Penn,
2012,98.0,Willis McGahee,
2012,99.0,Ryan Kalil,
2012,100.0,Chris Johnson,
2013,1.0,Adrian Peterson,
2013,2.0,Peyton Manning,
2013,3.0,Calvin Johnson,
2013,4.0,Tom Brady,
2013,5.0,J. J. Watt,
2013,6.0,Aaron Rodgers,
2013,7.0,Aldon Smith,
2013,8.0,Arian Foster,
2013,9.0,Von Miller,
2013,10.0,Patrick Willis,
2013,11.0,Drew Brees,
2013,12.0,DeMarcus Ware,
2013,13.0,Ray Rice,
2013,14.0,Andre Johnson,
2013,15.0,Robert Griffin III,
2013,16.0,A. J. Green,
2013,17.0,Matt Ryan,
2013,18.0,Ed Reed,
2013,19.0,Joe Flacco,
2013,20.0,Jamaal Charles,
2013,21.0,Reggie Wayne,
2013,22.0,Larry Fitzgerald,
2013,23.0,Andrew Luck,
2013,24.0,Marshawn Lynch,
2013,25.0,Rob Gronkowski,
2013,26.0,Julio Jones,
2013,27.0,Brandon Marshall,
2013,28.0,Joe Thomas,
2013,29.0,Justin Smith,
2013,30.0,Vince Wilfork,
2013,31.0,Clay Matthews,
2013,32.0,Frank Gore,
2013,33.0,Patrick Peterson,
2013,34.0,Charles Tillman,
2013,35.0,Dez Bryant,
2013,36.0,Geno Atkins,
2013,37.0,NaVorro Bowman,
2013,38.0,Vernon Davis,
2013,39.0,Roddy White,
2013,40.0,Ndamukong Suh,
2013,41.0,Jason Witten,
2013,42.0,Haloti Ngata,
2013,43.0,Eli Manning,
2013,44.0,Wes Welker,
2013,45.0,LeSean McCoy,
2013,46.0,Cam Newton,
2013,47.0,Tony Gonzalez,
2013,48.0,Duane Brown,
2013,49.0,Justin Houston,
2013,50.0,Richard Sherman,
2013,51.0,Russell Wilson,
2013,52.0,Vincent Jackson,
2013,53.0,Champ Bailey,
2013,54.0,Julius Peppers,
2013,55.0,Jason Pierre-Paul,
2013,56.0,Terrell Suggs,
2013,57.0,Doug Martin,
2013,58.0,Victor Cruz,
2013,59.0,Derrick Johnson,
2013,60.0,Jared Allen,
2013,61.0,Ben Roethlisberger,
2013,62.0,Chris Johnson,
2013,63.0,Stephen Tulloch,
2013,64.0,Alfred Morris,
2013,65.0,Dwayne Bowe,
2013,66.0,Earl Thomas,
2013,67.0,Darrelle Revis,
2013,68.0,Demaryius Thomas,
2013,69.0,Tim Jennings,
2013,70.0,Chad Greenway,
2013,71.0,Trent Richardson,
2013,72.0,Mario Williams,
2013,73.0,Antonio Gates,
2013,74.0,Robert Mathis,
2013,75.0,Brandon Flowers,
2013,76.0,Matthew Stafford,
2013,77.0,Aaron Hernandez,
2013,78.0,Joe Staley,
2013,79.0,Luke Kuechly,
2013,80.0,Dwight Freeney,
2013,81.0,Colin Kaepernick,
2013,82.0,Logan Mankins,
2013,83.0,Lance Briggs,
2013,84.0,Steve Smith,
2013,85.0,Charles Woodson,
2013,86.0,London Fletcher,
2013,87.0,Bernard Pollard,
2013,88.0,Jacoby Jones,
2013,89.0,Cameron Wake,
2013,90.0,Percy Harvin,
2013,91.0,Troy Polamalu,
2013,92.0,Gerald McCoy,
2013,93.0,Anquan Boldin,
2013,94.0,Daryl Washington,
2013,95.0,Max Unger,
2013,96.0,Dashon Goldson,
2013,97.0,Heath Miller,
2013,98.0,Maurice Jones-Drew,
2013,99.0,Trent Williams,
2013,100.0,Dennis Pitta,
2014,1.0,Peyton Manning,
2014,2.0,Calvin Johnson,
2014,3.0,Tom Brady,
2014,4.0,Adrian Peterson,
2014,5.0,LeSean McCoy,
2014,6.0,Drew Brees,
2014,7.0,Richard Sherman,
2014,8.0,Jamaal Charles,
2014,9.0,A. J. Green,
2014,10.0,Jimmy Graham,
2014,11.0,Aaron Rodgers,
2014,12.0,J. J. Watt,
2014,13.0,Robert Quinn,
2014,14.0,Marshawn Lynch,
2014,15.0,Luke Kuechly,
2014,16.0,Josh Gordon,
2014,17.0,Earl Thomas,
2014,18.0,Joe Thomas,
2014,19.0,Robert Mathis,
2014,20.0,Russell Wilson,
2014,21.0,Andre Johnson,
2014,22.0,Patrick Peterson,
2014,23.0,Antonio Brown,
2014,24.0,Cam Newton,
2014,25.0,Dez Bryant,
2014,26.0,Terrell Suggs,
2014,27.0,Patrick Willis,
2014,28.0,Gerald McCoy,
2014,29.0,Mario Williams,
2014,30.0,Andrew Luck,
2014,31.0,Ben Roethlisberger,
2014,32.0,Kyle Williams,
2014,33.0,Aldon Smith,
2014,34.0,Philip Rivers,
2014,35.0,Lavonte David,
2014,36.0,Brandon Marshall,
2014,37.0,Darrelle Revis,
2014,38.0,Larry Fitzgerald,
2014,39.0,Joe Haden,
2014,40.0,Ndamukong Suh,
2014,41.0,Rob Gronkowski,
2014,42.0,Muhammad Wilkerson,
2014,43.0,Tamba Hali,
2014,44.0,Vincent Jackson,
2014,45.0,Haloti Ngata,
2014,46.0,Frank Gore,
2014,47.0,NaVorro Bowman,
2014,48.0,Geno Atkins,
2014,49.0,Demaryius Thomas,
2014,50.0,Eric Berry,
2014,51.0,Vernon Davis,
2014,52.0,Vontaze Burfict,
2014,53.0,Greg Hardy,
2014,54.0,Alshon Jeffery,
2014,55.0,Marshal Yanda,
2014,56.0,DeMarcus Ware,
2014,57.0,Justin Houston,
2014,58.0,Joe Flacco,
2014,59.0,DeAndre Levy,
2014,60.0,Trent Williams,
2014,61.0,Troy Polamalu,
2014,62.0,Marcell Dareus,
2014,63.0,DeSean Jackson,
2014,64.0,Derrick Johnson,
2014,65.0,Kam Chancellor,
2014,66.0,Cameron Wake,
2014,67.0,Jason Peters,
2014,68.0,Jared Allen,
2014,69.0,Justin Smith,
2014,70.0,Nick Foles,
2014,71.0,Tony Romo,
2014,72.0,Antrel Rolle,
2014,73.0,Wes Welker,
2014,74.0,Tim Jennings,
2014,75.0,Joe Staley,
2014,76.0,Von Miller,
2014,77.0,Clay Matthews,
2014,78.0,Tyron Smith,
2014,79.0,Aqib Talib,
2014,80.0,Pierre Garçon,
2014,81.0,Colin Kaepernick,
2014,82.0,T. J. Ward,
2014,83.0,Jordy Nelson,
2014,84.0,Kiko Alonso,
2014,85.0,Reggie Bush,
2014,86.0,Duane Brown,
2014,87.0,DeMarco Murray,
2014,88.0,Evan Mathis,
2014,89.0,Charles Clay,
2014,90.0,Eddie Lacy,
2014,91.0,Matt Forte,
2014,92.0,Eric Weddle,
2014,93.0,Ryan Kalil,
2014,94.0,Sheldon Richardson,
2014,95.0,Brent Grimes,
2014,96.0,Daryl Washington,
2014,97.0,Louis Vasquez,
2014,98.0,Jason Witten,
2014,99.0,Cameron Jordan,
2014,100.0,Matthew Stafford,
2015,1.0,J. J. Watt,
2015,2.0,Aaron Rodgers,
2015,3.0,Tom Brady,
2015,4.0,DeMarco Murray,
2015,5.0,Peyton Manning,
2015,6.0,Calvin Johnson,
2015,7.0,Andrew Luck,
2015,8.0,Antonio Brown,
2015,9.0,Marshawn Lynch,
2015,10.0,Rob Gronkowski,
2015,11.0,Richard Sherman,
2015,12.0,Jamaal Charles,
2015,13.0,Julio Jones,
2015,14.0,Luke Kuechly,
2015,15.0,Dez Bryant,
2015,16.0,Le'Veon Bell,
2015,17.0,Darrelle Revis,
2015,18.0,Jordy Nelson,
2015,19.0,Patrick Peterson,
2015,20.0,Demaryius Thomas,
2015,21.0,Earl Thomas,
2015,22.0,Russell Wilson,
2015,23.0,Joe Haden,
2015,24.0,Ndamukong Suh,
2015,25.0,Joe Thomas,
2015,26.0,Ben Roethlisberger,
2015,27.0,Justin Houston,
2015,28.0,Gerald McCoy,
2015,29.0,LeSean McCoy,
2015,30.0,Drew Brees,
2015,31.0,Jimmy Graham,
2015,32.0,Odell Beckham Jr.,
2015,33.0,Von Miller,
2015,34.0,Tony Romo,
2015,35.0,T. Y. Hilton,
2015,36.0,Tyron Smith,
2015,37.0,A. J. Green,
2015,38.0,Brent Grimes,
2015,39.0,Cameron Wake,
2015,40.0,Jason Peters,
2015,41.0,Kam Chancellor,
2015,42.0,Mario Williams,
2015,43.0,Philip Rivers,
2015,44.0,Robert Quinn,
2015,45.0,Julius Thomas,
2015,46.0,Elvis Dumervil,
2015,47.0,Trent Williams,
2015,48.0,Matt Forte,
2015,49.0,Khalil Mack,
2015,50.0,DeSean Jackson,
2015,51.0,Clay Matthews,
2015,52.0,Antonio Gates,
2015,53.0,Marcell Dareus,
2015,54.0,Steve Smith,
2015,55.0,Sheldon Richardson,
2015,56.0,Lavonte David,
2015,57.0,Brandon Marshall,
2015,58.0,Connor Barwin,
2015,59.0,Vontae Davis,
2015,60.0,Eddie Lacy,
2015,61.0,Jeremy Maclin,
2015,62.0,Adrian Peterson,
2015,63.0,Jerry Hughes,
2015,64.0,Charles Woodson,
2015,65.0,Justin Forsett,
2015,66.0,DeAndre Levy,
2015,67.0,Tashaun Gipson,
2015,68.0,Larry Fitzgerald,
2015,69.0,Bobby Wagner,
2015,70.0,Tamba Hali,
2015,71.0,Julius Peppers,
2015,72.0,Kyle Williams,
2015,73.0,Cam Newton,
2015,74.0,Muhammad Wilkerson,
2015,75.0,Mike Evans,
2015,76.0,Sen'Derrick Marks,
2015,77.0,Matt Ryan,
2015,78.0,Ryan Kerrigan,
2015,79.0,Marshal Yanda,
2015,80.0,Arian Foster,
2015,81.0,Darren Sproles,
2015,82.0,Haloti Ngata,
2015,83.0,Maurkice Pouncey,
2015,84.0,Terrell Suggs,
2015,85.0,Golden Tate,
2015,86.0,Eric Weddle,
2015,87.0,DeMarcus Ware,
2015,88.0,Glover Quin,
2015,89.0,Greg Olsen,
2015,90.0,Michael Bennett,
2015,91.0,Julian Edelman,
2015,92.0,Aaron Donald,
2015,93.0,Jason Witten,
2015,94.0,C. J. Mosley,
2015,95.0,Emmanuel Sanders,
2015,96.0,Jurrell Casey,
2015,97.0,Joe Flacco,
2015,98.0,Adam Vinatieri,
2015,99.0,Calais Campbell,
2015,100.0,Randall Cobb,
2016,1.0,Cam Newton,
2016,2.0,Tom Brady,
2016,3.0,J. J. Watt,
2016,4.0,Antonio Brown,
2016,5.0,Adrian Peterson,
2016,6.0,Aaron Rodgers,
2016,7.0,Luke Kuechly,
2016,8.0,Julio Jones,
2016,9.0,Rob Gronkowski,
2016,10.0,Odell Beckham Jr.,
2016,11.0,Josh Norman,
2016,12.0,Carson Palmer,
2016,13.0,Khalil Mack,
2016,14.0,Aaron Donald,
2016,15.0,Von Miller,
2016,16.0,A.J. Green,
2016,17.0,Russell Wilson,
2016,18.0,Patrick Peterson,
2016,19.0,DeAndre Hopkins,
2016,20.0,Richard Sherman,
2016,21.0,Ben Roethlisberger,
2016,22.0,Todd Gurley,
2016,23.0,Joe Thomas,
2016,24.0,Darrelle Revis,
2016,25.0,Brandon Marshall,
2016,26.0,Justin Houston,
2016,27.0,Larry Fitzgerald,
2016,28.0,Tyrann Mathieu,
2016,29.0,Geno Atkins,
2016,30.0,Drew Brees,
2016,31.0,Allen Robinson,
2016,32.0,Kam Chancellor,
2016,33.0,Doug Martin,
2016,34.0,Aqib Talib,
2016,35.0,Andy Dalton,
2016,36.0,DeMarcus Ware,
2016,37.0,Marshal Yanda,
2016,38.0,Greg Olsen,
2016,39.0,Muhammad Wilkerson,
2016,40.0,Ndamukong Suh,
2016,41.0,Le'Veon Bell,
2016,42.0,Tyron Smith,
2016,43.0,Ezekiel Ansah,
2016,44.0,Tyler Eifert,
2016,45.0,Trent Williams,
2016,46.0,Philip Rivers,
2016,47.0,Eli Manning,
2016,48.0,Chandler Jones,
2016,49.0,Fletcher Cox,
2016,50.0,Devonta Freeman,
2016,51.0,Dez Bryant,
2016,52.0,Chris Harris Jr.,
2016,53.0,Lavonte David,
2016,54.0,Thomas Davis Sr.,
2016,55.0,Eric Berry,
2016,56.0,Blake Bortles,
2016,57.0,Clay Matthews,
2016,58.0,Kawann Short,
2016,59.0,Michael Bennett,
2016,60.0,Reggie Nelson,
2016,61.0,NaVorro Bowman,
2016,62.0,Demaryius Thomas,
2016,63.0,Gerald McCoy,
2016,64.0,Reshad Jones,
2016,65.0,Marcus Peters,
2016,66.0,Earl Thomas,
2016,67.0,Andrew Whitworth,
2016,68.0,T.J. Ward,
2016,69.0,LeSean McCoy,
2016,70.0,Carlos Dunlap,
2016,71.0,Calais Campbell,
2016,72.0,Doug Baldwin,
2016,73.0,Harrison Smith,
2016,74.0,Emmanuel Sanders,
2016,75.0,Jamaal Charles,
2016,76.0,Linval Joseph,
2016,77.0,Jordan Reed,
2016,78.0,Chris Ivory,
2016,79.0,Ryan Kalil,
2016,80.0,Derrick Johnson,
2016,81.0,Alex Smith,
2016,82.0,Delanie Walker,
2016,83.0,Telvin Smith,
2016,84.0,Tamba Hali,
2016,85.0,Kirk Cousins,
2016,86.0,Jonathan Stewart,
2016,87.0,Julian Edelman,
2016,88.0,Cameron Heyward,
2016,89.0,Allen Hurns,
2016,90.0,Matt Forte,
2016,91.0,Travis Kelce,
2016,92.0,Andrew Luck,
2016,93.0,Jeremy Maclin,
2016,94.0,Gary Barnidge,
2016,95.0,Mike Daniels,
2016,96.0,Sammy Watkins,
2016,97.0,Richie Incognito,
2016,98.0,Jarvis Landry,
2016,99.0,Cameron Jordan,
2016,100.0,Derek Carr,
2017,1.0,Tom Brady,
2017,2.0,Von Miller,
2017,3.0,Julio Jones,
2017,4.0,Antonio Brown,
2017,5.0,Khalil Mack,
2017,6.0,Aaron Rodgers,
2017,7.0,Ezekiel Elliott,
2017,8.0,Odell Beckham Jr.,
2017,9.0,Le'Veon Bell,
2017,10.0,Matt Ryan,
2017,11.0,Derek Carr,
2017,12.0,David Johnson,
2017,13.0,Eric Berry,
2017,14.0,Dak Prescott,
2017,15.0,Aaron Donald,
2017,16.0,Drew Brees,
2017,17.0,A.J. Green,
2017,18.0,Tyron Smith,
2017,19.0,Patrick Peterson,
2017,20.0,Luke Kuechly,
2017,21.0,Richard Sherman,
2017,22.0,Ben Roethlisberger,
2017,23.0,Rob Gronkowski,
2017,24.0,Russell Wilson,
2017,25.0,Joe Thomas,
2017,26.0,Travis Kelce,
2017,27.0,LeSean McCoy,
2017,28.0,Landon Collins,
2017,29.0,Mike Evans,
2017,30.0,Earl Thomas,
2017,31.0,Matthew Stafford,
2017,32.0,Marcus Peters,
2017,33.0,DeMarco Murray,
2017,34.0,Kam Chancellor,
2017,35.0,J.J. Watt,
2017,36.0,Tyreek Hill,
2017,37.0,Aqib Talib,
2017,38.0,Fletcher Cox,
2017,39.0,Bobby Wagner,
2017,40.0,Vic Beasley,
2017,41.0,Devonta Freeman,
2017,42.0,Jarvis Landry,
2017,43.0,Marshal Yanda,
2017,44.0,Cam Newton,
2017,45.0,Larry Fitzgerald,
2017,46.0,Michael Bennett,
2017,47.0,Trent Williams,
2017,48.0,Jordy Nelson,
2017,49.0,Jadeveon Clowney,
2017,50.0,Marcus Mariota,
2017,51.0,Andrew Luck,
2017,52.0,Gerald McCoy,
2017,53.0,Amari Cooper,
2017,54.0,Janoris Jenkins,
2017,55.0,Ndamukong Suh,
2017,56.0,Cliff Avril,
2017,57.0,Jameis Winston,
2017,58.0,Zack Martin,
2017,59.0,Josh Norman,
2017,60.0,Dez Bryant,
2017,61.0,T.Y. Hilton,
2017,62.0,Cameron Wake,
2017,63.0,Chris Harris Jr.,
2017,64.0,Casey Hayward,
2017,65.0,Jordan Reed,
2017,66.0,Xavier Rhodes,
2017,67.0,Greg Olsen,
2017,68.0,Geno Atkins,
2017,69.0,Jay Ajayi,
2017,70.0,Kirk Cousins,
2017,71.0,Julian Edelman,
2017,72.0,Taylor Lewan,
2017,73.0,Philip Rivers,
2017,74.0,Harrison Smith,
2017,75.0,Delanie Walker,
2017,76.0,Justin Houston,
2017,77.0,Ha Ha Clinton-Dix,
2017,78.0,Brian Orakpo,
2017,79.0,Sean Lee,
2017,80.0,LeGarrette Blount,
2017,81.0,Alex Smith,
2017,82.0,Clay Matthews,
2017,83.0,Calais Campbell,
2017,84.0,Mike Daniels,
2017,85.0,Chandler Jones,
2017,86.0,Jurrell Casey,
2017,87.0,Travis Frederick,
2017,88.0,Doug Baldwin,
2017,89.0,Thomas Davis,
2017,90.0,Malcolm Jenkins,
2017,91.0,Lorenzo Alexander,
2017,92.0,Everson Griffen,
2017,93.0,Brandon Graham,
2017,94.0,Dont'a Hightower,
2017,95.0,Kelechi Osemele,
2017,96.0,Damon Harrison,
2017,97.0,David DeCastro,
2017,98.0,Adrian Peterson,
2017,99.0,Malcolm Butler,
2017,100.0,Joey Bosa,
2018,1.0,Tom Brady,
2018,2.0,Antonio Brown,
2018,3.0,Carson Wentz,
2018,4.0,Julio Jones,
2018,5.0,Le'Veon Bell,
2018,6.0,Todd Gurley,
2018,7.0,Aaron Donald,
2018,8.0,Drew Brees,
2018,9.0,Von Miller,
2018,10.0,Aaron Rodgers,
2018,11.0,Russell Wilson,
2018,12.0,Luke Kuechly,
2018,13.0,DeAndre Hopkins,
2018,14.0,Calais Campbell,
2018,15.0,Rob Gronkowski,
2018,16.0,Khalil Mack,
2018,17.0,Jalen Ramsey,
2018,18.0,Ben Roethlisberger,
2018,19.0,Everson Griffen,
2018,20.0,Alvin Kamara,
2018,21.0,Bobby Wagner,
2018,22.0,A. J. Green,
2018,23.0,Patrick Peterson,
2018,24.0,Travis Kelce,
2018,25.0,Cam Newton,
2018,26.0,Cameron Jordan,
2018,27.0,Larry Fitzgerald,
2018,28.0,Chandler Jones,
2018,29.0,Matt Ryan,
2018,30.0,LeSean McCoy,
2018,31.0,Matthew Stafford,
2018,32.0,Jadeveon Clowney,
2018,33.0,Kareem Hunt,
2018,34.0,DeMarcus Lawrence,
2018,35.0,A. J. Bouye,
2018,36.0,Adam Thielen,
2018,37.0,Joey Bosa,
2018,38.0,Jared Goff,
2018,39.0,Tyron Smith,
2018,40.0,Tyreek Hill,
2018,41.0,Keenan Allen,
2018,42.0,Earl Thomas,
2018,43.0,Mark Ingram II,
2018,44.0,David DeCastro,
2018,45.0,Davante Adams,
2018,46.0,Harrison Smith,
2018,47.0,Ryan Shazier,
2018,48.0,Cameron Heyward,
2018,49.0,Darius Slay,
2018,50.0,Deshaun Watson,
2018,51.0,Case Keenum,
2018,52.0,Jarvis Landry,
2018,53.0,Aqib Talib,
2018,54.0,Ezekiel Elliott,
2018,55.0,Xavier Rhodes,
2018,56.0,Philip Rivers,
2018,57.0,Trent Williams,
2018,58.0,Leonard Fournette,
2018,59.0,Casey Hayward,
2018,60.0,Derek Carr,
2018,61.0,Ndamukong Suh,
2018,62.0,Micah Hyde,
2018,63.0,Geno Atkins,
2018,64.0,Richard Sherman,
2018,65.0,Stefon Diggs,
2018,66.0,Jurrell Casey,
2018,67.0,Telvin Smith,
2018,68.0,Zach Ertz,
2018,69.0,Fletcher Cox,
2018,70.0,Devonta Freeman,
2018,71.0,Zack Martin,
2018,72.0,Delanie Walker,
2018,73.0,Thomas Davis,
2018,74.0,Cameron Wake,
2018,75.0,Kam Chancellor,
2018,76.0,Melvin Ingram,
2018,77.0,Odell Beckham Jr.,
2018,78.0,Taylor Lewan,
2018,79.0,Marcus Peters,
2018,80.0,Kevin Byard,
2018,81.0,Michael Thomas,
2018,82.0,Marshon Lattimore,
2018,83.0,Linval Joseph,
2018,84.0,J. J. Watt,
2018,85.0,Bruce Irvin,
2018,86.0,Chris Harris Jr.,
2018,87.0,Andrew Whitworth,
2018,88.0,Yannick Ngakoue,
2018,89.0,Jimmy Graham,
2018,90.0,Jimmy Garoppolo,
2018,91.0,David Bakhtiari,
2018,92.0,Landon Collins,
2018,93.0,Mike Daniels,
2018,94.0,Kirk Cousins,
2018,95.0,Lane Johnson,
2018,96.0,Malcolm Jenkins,
2018,97.0,Carlos Hyde,
2018,98.0,C. J. Mosley,
2018,99.0,Doug Baldwin,
2018,100.0,Ha Ha Clinton-Dix,
2019,1.0,Aaron Donald,
2019,2.0,Drew Brees,
2019,3.0,Khalil Mack,
2019,4.0,Patrick Mahomes,
2019,5.0,Todd Gurley,
2019,6.0,Tom Brady,
2019,7.0,Antonio Brown,
2019,8.0,Aaron Rodgers,
2019,9.0,Julio Jones,
2019,10.0,Von Miller,
2019,11.0,DeAndre Hopkins,
2019,12.0,J. J. Watt,
2019,13.0,Michael Thomas,
2019,14.0,Alvin Kamara,
2019,15.0,Bobby Wagner,
2019,16.0,Saquon Barkley,
2019,17.0,Philip Rivers,
2019,18.0,Ezekiel Elliott,
2019,19.0,Tyreek Hill,
2019,20.0,Andrew Luck,
2019,21.0,Travis Kelce,
2019,22.0,Stephon Gilmore,
2019,23.0,Odell Beckham Jr.,
2019,24.0,Luke Kuechly,
2019,25.0,Russell Wilson,
2019,26.0,Shaquille Leonard,
2019,27.0,Jalen Ramsey,
2019,28.0,Fletcher Cox,
2019,29.0,George Kittle,
2019,30.0,Eddie Jackson,
2019,31.0,Derwin James,
2019,32.0,Jared Goff,
2019,33.0,Adam Thielen,
2019,34.0,Melvin Gordon,
2019,35.0,Davante Adams,
2019,36.0,Chris Jones,
2019,37.0,Jamal Adams,
2019,38.0,Keenan Allen,
2019,39.0,Akiem Hicks,
2019,40.0,Zach Ertz,
2019,41.0,Cameron Jordan,
2019,42.0,Christian McCaffrey,
2019,43.0,David Bakhtiari,
2019,44.0,Ben Roethlisberger,
2019,45.0,DeMarcus Lawrence,
2019,46.0,Patrick Peterson,
2019,47.0,JuJu Smith-Schuster,
2019,48.0,Melvin Ingram,
2019,49.0,Myles Garrett,
2019,50.0,Baker Mayfield,
2019,51.0,Deshaun Watson,
2019,52.0,Tyron Smith,
2019,53.0,Mike Evans,
2019,54.0,Calais Campbell,
2019,55.0,Xavien Howard,
2019,56.0,Joey Bosa,
2019,57.0,Danielle Hunter,
2019,58.0,A. J. Green,
2019,59.0,Zack Martin,
2019,60.0,Larry Fitzgerald,
2019,61.0,Jaylon Smith,
2019,62.0,James Conner,
2019,63.0,Jadeveon Clowney,
2019,64.0,Amari Cooper,
2019,65.0,Jason Pierre-Paul,
2019,66.0,Eric Ebron,
2019,67.0,Dee Ford,
2019,68.0,Phillip Lindsay,
2019,69.0,Matt Ryan,
2019,70.0,T. Y. Hilton,
2019,71.0,C. J. Mosley,
2019,72.0,Jason Kelce,
2019,73.0,Stefon Diggs,
2019,74.0,Leighton Vander Esch,
2019,75.0,Gerald McCoy,
2019,76.0,Robert Woods,
2019,77.0,Taylor Lewan,
2019,78.0,Kirk Cousins,
2019,79.0,Geno Atkins,
2019,80.0,Mark Ingram II,
2019,81.0,Trent Williams,
2019,82.0,Bradley Chubb,
2019,83.0,Harrison Smith,
2019,84.0,Jarvis Landry,
2019,85.0,Frank Clark,
2019,86.0,Darius Slay,
2019,87.0,Cam Newton,
2019,88.0,Cameron Heyward,
2019,89.0,Devin McCourty,
2019,90.0,Julian Edelman,
2019,91.0,Andrew Whitworth,
2019,92.0,Jurrell Casey,
2019,93.0,T. J. Watt,
2019,94.0,Mitchell Schwartz,
2019,95.0,Kyle Fuller,
2019,96.0,Carson Wentz,
2019,97.0,Byron Jones,
2019,98.0,Tyler Lockett,
2019,99.0,Derrick Henry,
2019,100.0,Eric Weddle,
2020,1.0,Lamar Jackson,
2020,2.0,Russell Wilson,
2020,3.0,Aaron Donald,
2020,4.0,Patrick Mahomes,
2020,5.0,Michael Thomas,
2020,6.0,Christian McCaffrey,
2020,7.0,George Kittle,
2020,8.0,DeAndre Hopkins,
2020,9.0,Stephon Gilmore,
2020,10.0,Derrick Henry,
2020,11.0,Julio Jones,
2020,12.0,Drew Brees,
2020,13.0,Bobby Wagner,
2020,14.0,Tom Brady,
2020,15.0,Chandler Jones,
2020,16.0,Aaron Rodgers,
2020,17.0,Nick Bosa,
2020,18.0,Travis Kelce,
2020,19.0,Khalil Mack,
2020,20.0,Deshaun Watson,
2020,21.0,Dalvin Cook,
2020,22.0,Tyreek Hill,
2020,23.0,Cameron Jordan,
2020,24.0,Ezekiel Elliott,
2020,25.0,T. J. Watt,
2020,26.0,Von Miller,
2020,27.0,Jamal Adams,
2020,28.0,Richard Sherman,
2020,29.0,Quenton Nelson,
2020,30.0,Mike Evans,
2020,31.0,Saquon Barkley,
2020,32.0,Shaquil Barrett,
2020,33.0,Aaron Jones,
2020,34.0,Joey Bosa,
2020,35.0,Minkah Fitzpatrick,
2020,36.0,Nick Chubb,
2020,37.0,Jalen Ramsey,
2020,38.0,Chris Godwin,
2020,39.0,Tyrann Mathieu,
2020,40.0,Danielle Hunter,
2020,41.0,Jadeveon Clowney,
2020,42.0,Alvin Kamara,
2020,43.0,Jimmy Garoppolo,
2020,44.0,Mark Ingram II,
2020,45.0,J. J. Watt,
2020,46.0,Dak Prescott,
2020,47.0,Tre'Davious White,
2020,48.0,Za'Darius Smith,
2020,49.0,Amari Cooper,
2020,50.0,Shaquille Leonard,
2020,51.0,Todd Gurley,
2020,52.0,Chris Jones,
2020,53.0,Marcus Peters,
2020,54.0,Stefon Diggs,
2020,55.0,Zack Martin,
2020,56.0,DeForest Buckner,
2020,57.0,Davante Adams,
2020,58.0,Kirk Cousins,
2020,59.0,Odell Beckham Jr.,
2020,60.0,Logan Ryan,
2020,61.0,Jarvis Landry,
2020,62.0,David Bakhtiari,
2020,63.0,Preston Smith,
2020,64.0,Harrison Smith,
2020,65.0,Tyler Lockett,
2020,66.0,Laremy Tunsil,
2020,67.0,Demario Davis,
2020,68.0,Ryan Tannehill,
2020,69.0,Larry Fitzgerald,
2020,70.0,Fred Warner,
2020,71.0,Jurrell Casey,
2020,72.0,Josh Jacobs,
2020,73.0,Fletcher Cox,
2020,74.0,Ronnie Stanley,
2020,75.0,Earl Thomas,
2020,76.0,Marshon Lattimore,
2020,77.0,Keenan Allen,
2020,78.0,Tyron Smith,
2020,79.0,Calais Campbell,
2020,80.0,Myles Garrett,
2020,81.0,DK Metcalf,
2020,82.0,Ryan Ramczyk,
2020,83.0,Eric Kendricks,
2020,84.0,Cameron Heyward,
2020,85.0,Zach Ertz,
2020,86.0,Marlon Humphrey,
2020,87.0,Josh Allen,
2020,88.0,Jaylon Smith,
2020,89.0,Cooper Kupp,
2020,90.0,Kyler Murray,
2020,91.0,Grady Jarrett,
2020,92.0,Darius Slay,
2020,93.0,Allen Robinson,
2020,94.0,Jason Kelce,
2020,95.0,Frank Clark,
2020,96.0,Chris Carson,
2020,97.0,Budda Baker,
2020,98.0,Brandon Brooks,
2020,99.0,Darren Waller,
2020,100.0,Lavonte David,
2021,1.0,Patrick Mahomes,
2021,2.0,Aaron Donald,
2021,3.0,Aaron Rodgers,
2021,4.0,Derrick Henry,
2021,5.0,Travis Kelce,
2021,6.0,Davante Adams,
2021,7.0,Tom Brady,
2021,8.0,DeAndre Hopkins,
2021,9.0,T. J. Watt,
2021,10.0,Josh Allen,
2021,11.0,Stefon Diggs,
2021,12.0,Russell Wilson,
2021,13.0,Jalen Ramsey,
2021,14.0,Alvin Kamara,
2021,15.0,Tyreek Hill,
2021,16.0,Myles Garrett,
2021,17.0,Xavien Howard,
2021,18.0,Deshaun Watson,
2021,19.0,Budda Baker,
2021,20.0,Dalvin Cook,
2021,21.0,Fred Warner,
2021,22.0,DK Metcalf,
2021,23.0,Khalil Mack,
2021,24.0,Lamar Jackson,
2021,25.0,Bobby Wagner,
2021,26.0,Nick Chubb,
2021,27.0,DeForest Buckner,
2021,28.0,Devin White,
2021,29.0,Julio Jones,
2021,30.0,Aaron Jones,
2021,31.0,Jamal Adams,
2021,32.0,Joey Bosa,
2021,33.0,Quenton Nelson,
2021,34.0,Chris Jones,
2021,35.0,Darren Waller,
2021,36.0,David Bakhtiari,
2021,37.0,Shaquille Leonard,
2021,38.0,Marlon Humphrey,
2021,39.0,Kyler Murray,
2021,40.0,Bradley Chubb,
2021,41.0,Jaire Alexander,
2021,42.0,Trent Williams,
2021,43.0,Lavonte David,
2021,44.0,Christian McCaffrey,
2021,45.0,Justin Simmons,
2021,46.0,Cameron Jordan,
2021,47.0,Stephon Gilmore,
2021,48.0,Mike Evans,
2021,49.0,J. C. Jackson,
2021,50.0,George Kittle,
2021,51.0,Za'Darius Smith,
2021,52.0,Minkah Fitzpatrick,
2021,53.0,Justin Jefferson,
2021,54.0,Grady Jarrett,
2021,55.0,Keenan Allen,
2021,56.0,Justin Herbert,
2021,57.0,Cameron Heyward,
2021,58.0,Tyrann Mathieu,
2021,59.0,Jason Pierre-Paul,
2021,60.0,Corey Linsley,
2021,61.0,Chase Young,
2021,62.0,A. J. Brown,
2021,63.0,Fletcher Cox,
2021,64.0,Demario Davis,
2021,65.0,Calvin Ridley,
2021,66.0,J. J. Watt,
2021,67.0,K. J. Wright,
2021,68.0,Josh Jacobs,
2021,69.0,Ryan Kelly,
2021,70.0,Eric Kendricks,
2021,71.0,Baker Mayfield,
2021,72.0,Michael Thomas,
2021,73.0,Trey Hendrickson,
2021,74.0,James Bradberry,
2021,75.0,Laremy Tunsil,
2021,76.0,Tyler Lockett,
2021,77.0,Quandre Diggs,
2021,78.0,Jeffery Simmons,
2021,79.0,Terron Armstead,
2021,80.0,Adam Thielen,
2021,81.0,Chris Godwin,
2021,82.0,Garett Bolles,
2021,83.0,Ryan Tannehill,
2021,84.0,Leonard Williams,
2021,85.0,Zack Martin,
2021,86.0,Marshon Lattimore,
2021,87.0,Allen Robinson,
2021,88.0,Shaquil Barrett,
2021,89.0,Tristan Wirfs,
2021,90.0,Jessie Bates,
2021,91.0,Corey Davis,
2021,92.0,Jason Kelce,
2021,93.0,T. J. Hockenson,
2021,94.0,Jarvis Landry,
2021,95.0,Tre'Davious White,
2021,96.0,Cole Beasley,
2021,97.0,Kyle Juszczyk,
2021,98.0,Brandon Scherff,
2021,99.0,Brandon Graham,
2021,100.0,James Robinson,
2022,1.0,Tom Brady,
2022,2.0,Aaron Donald,
2022,3.0,Aaron Rodgers,
2022,4.0,Cooper Kupp,
2022,5.0,Jonathan Taylor,
2022,6.0,T. J. Watt,
2022,7.0,Davante Adams,
2022,8.0,Patrick Mahomes,
2022,9.0,Jalen Ramsey,
2022,10.0,Travis Kelce,
2022,11.0,Myles Garrett,
2022,12.0,Derrick Henry,
2022,13.0,Josh Allen,
2022,14.0,Trent Williams,
2022,15.0,Tyreek Hill,
2022,16.0,Micah Parsons,
2022,17.0,Justin Jefferson,
2022,18.0,Darius Shaquille Leonard,
2022,19.0,Deebo Samuel,
2022,20.0,J. C. Jackson,
2022,21.0,Joe Burrow,
2022,22.0,George Kittle,
2022,23.0,Trevon Diggs,
2022,24.0,Ja'Marr Chase,
2022,25.0,Nick Bosa,
2022,26.0,Stefon Diggs,
2022,27.0,Matthew Stafford,
2022,28.0,Quenton Nelson,
2022,29.0,Bobby Wagner,
2022,30.0,Joey Bosa,
2022,31.0,Dalvin Cook,
2022,32.0,Mark Andrews,
2022,33.0,Nick Chubb,
2022,34.0,Kevin Byard,
2022,35.0,Keenan Allen,
2022,36.0,Lamar Jackson,
2022,37.0,DeAndre Hopkins,
2022,38.0,Joe Mixon,
2022,39.0,Chris Jones,
2022,40.0,Justin Herbert,
2022,41.0,Tristan Wirfs,
2022,42.0,Cameron Heyward,
2022,43.0,Derwin James,
2022,44.0,Dak Prescott,
2022,45.0,Jordan Poyer,
2022,46.0,Austin Ekeler,
2022,47.0,Fred Warner,
2022,48.0,Robert Quinn,
2022,49.0,De'Vondre Campbell,
2022,50.0,Micah Hyde,
2022,51.0,Alvin Kamara,
2022,52.0,Matthew Judon,
2022,53.0,Mike Evans,
2022,54.0,Jeffery Simmons,
2022,55.0,Joel Bitonio,
2022,56.0,Xavien Howard,
2022,57.0,Kyler Murray,
2022,58.0,Darren Waller,
2022,59.0,Maxx Crosby,
2022,60.0,Corey Linsley,
2022,61.0,Russell Wilson,
2022,62.0,Chandler Jones,
2022,63.0,Jaylen Waddle,
2022,64.0,Devin White,
2022,65.0,Derek Carr,
2022,66.0,DeForest Buckner,
2022,67.0,Budda Baker,
2022,68.0,Zack Martin,
2022,69.0,Cameron Jordan,
2022,70.0,Tyrann Mathieu,
2022,71.0,Jason Kelce,
2022,72.0,Quandre Diggs,
2022,73.0,Cordarrelle Patterson,
2022,74.0,Demario Davis,
2022,75.0,Antoine Winfield Jr.,
2022,76.0,Brian Burns,
2022,77.0,Darius Slay,
2022,78.0,Trey Hendrickson,
2022,79.0,Rashawn Slater,
2022,80.0,James Conner,
2022,81.0,Justin Simmons,
2022,82.0,Kenny Moore II,
2022,83.0,Wyatt Teller,
2022,84.0,Roquan Smith,
2022,85.0,Mac Jones,
2022,86.0,Shaquil Barrett,
2022,87.0,Denzel Ward,
2022,88.0,Jonathan Allen,
2022,89.0,Marshon Lattimore,
2022,90.0,Odell Beckham Jr.,
2022,91.0,Kyle Pitts,
2022,92.0,Tyron Smith,
2022,93.0,Von Miller,
2022,94.0,Justin Tucker,
2022,95.0,CeeDee Lamb,
2022,96.0,Jimmie Ward,
2022,97.0,Leonard Williams,
2022,98.0,David Montgomery,
2022,99.0,Kirk Cousins,
2022,100.0,Kyle Juszczyk,
2023,1.0,Patrick Mahomes,
2023,2.0,Justin Jefferson,
2023,3.0,Jalen Hurts,
2023,4.0,Nick Bosa,
2023,5.0,Travis Kelce,
2023,6.0,Joe Burrow,
2023,7.0,Tyreek Hill,
2023,8.0,Josh Allen,
2023,9.0,Micah Parsons,
2023,10.0,Chris Jones,
2023,11.0,Aaron Donald,
2023,12.0,Josh Jacobs,
2023,13.0,Davante Adams,
2023,14.0,Trent Williams,
2023,15.0,Fred Warner,
2023,16.0,Stefon Diggs,
2023,17.0,Maxx Crosby,
2023,18.0,Minkah Fitzpatrick,
2023,19.0,George Kittle,
2023,20.0,Myles Garrett,
2023,21.0,Austin Ekeler,
2023,22.0,A. J. Brown,
2023,23.0,Sauce Gardner,
2023,24.0,Roquan Smith,
2023,25.0,Derrick Henry,
2023,26.0,Jaire Alexander,
2023,27.0,T. J. Watt,
2023,28.0,Dexter Lawrence,
2023,29.0,Nick Chubb,
2023,30.0,Derwin James,
2023,31.0,Saquon Barkley,
2023,32.0,Justin Herbert,
2023,33.0,Matthew Judon,
2023,34.0,CeeDee Lamb,
2023,35.0,Christian McCaffrey,
2023,36.0,Jalen Ramsey,
2023,37.0,Jason Kelce,
2023,38.0,Khalil Mack,
2023,39.0,Ja'Marr Chase,
2023,40.0,Quinnen Williams,
2023,41.0,Lane Johnson,
2023,42.0,Kirk Cousins,
2023,43.0,Demario Davis,
2023,44.0,Jaylen Waddle,
2023,45.0,Cameron Heyward,
2023,46.0,C. J. Mosley,
2023,47.0,Cooper Kupp,
2023,48.0,Haason Reddick,
2023,49.0,Patrick Surtain II,
2023,50.0,Cameron Jordan,
2023,51.0,Aaron Rodgers,
2023,52.0,Jonathan Allen,
2023,53.0,Mike Evans,
2023,54.0,Brian Burns,
2023,55.0,Tony Pollard,
2023,56.0,Dak Prescott,
2023,57.0,Jordan Poyer,
2023,58.0,Jeffery Simmons,
2023,59.0,Justin Simmons,
2023,60.0,Trevon Diggs,
2023,61.0,Deebo Samuel,
2023,62.0,Bobby Wagner,
2023,63.0,Grady Jarrett,
2023,64.0,Aaron Jones,
2023,65.0,Darius Slay,
2023,66.0,Jared Goff,
2023,67.0,Amon-Ra St. Brown,
2023,68.0,Zack Martin,
2023,69.0,Matt Milano,
2023,70.0,Joey Bosa,
2023,71.0,DeForest Buckner,
2023,72.0,Lamar Jackson,
2023,73.0,Budda Baker,
2023,74.0,Garrett Wilson,
2023,75.0,Trey Hendrickson,
2023,76.0,Tariq Woolen,
2023,77.0,Geno Smith,
2023,78.0,Talanoa Hufanga,
2023,79.0,Dre Greenlaw,
2023,80.0,Mark Andrews,
2023,81.0,Christian Wilkins,
2023,82.0,Tua Tagovailoa,
2023,83.0,Terron Armstead,
2023,84.0,Za'Darius Smith,
2023,85.0,Laremy Tunsil,
2023,86.0,Justin Fields,
2023,87.0,Chris Lindstrom,
2023,88.0,Aidan Hutchinson,
2023,89.0,Marshon Lattimore,
2023,90.0,DeAndre Hopkins,
2023,91.0,Dalvin Cook,
2023,92.0,Marlon Humphrey,
2023,93.0,Eric Kendricks,
2023,94.0,Terry McLaurin,
2023,95.0,Jamaal Williams,
2023,96.0,Trevor Lawrence,
2023,97.0,Harrison Smith,
2023,98.0,Tristan Wirfs,
2023,99.0,DeMarcus Lawrence,
2023,100.0,DeVonta Smith,
2024,1.0,Tyreek Hill,
2024,2.0,Lamar Jackson,
2024,3.0,Christian McCaffrey,
2024,4.0,Patrick Mahomes,
2024,5.0,Myles Garrett,
2024,6.0,Chris Jones,
2024,7.0,Trent Williams,
2024,8.0,T. J. Watt,
2024,9.0,Travis Kelce,
2024,10.0,Maxx Crosby,
2024,11.0,Fred Warner,
2024,12.0,Josh Allen,
2024,13.0,CeeDee Lamb,
2024,14.0,George Kittle,
2024,15.0,Jalen Hurts,
2024,16.0,Dak Prescott,
2024,17.0,Micah Parsons,
2024,18.0,Justin Jefferson,
2024,19.0,Roquan Smith,
2024,20.0,C. J. Stroud,
2024,21.0,A. J. Brown,
2024,22.0,Penei Sewell,
2024,23.0,Amon-Ra St. Brown,
2024,24.0,Dexter Lawrence,
2024,25.0,Jalen Ramsey,
2024,26.0,Mike Evans,
2024,27.0,Nick Bosa,
2024,28.0,Brock Purdy,
2024,29.0,Khalil Mack,
2024,30.0,Deebo Samuel,
2024,31.0,DaRon Bland,
2024,32.0,Quincy Williams,
2024,33.0,Puka Nacua,
2024,34.0,Jordan Love,
2024,35.0,Josh Hines-Allen,
2024,36.0,Tua Tagovailoa,
2024,37.0,Quinnen Williams,
2024,38.0,Sauce Gardner,
2024,39.0,Joe Burrow,
2024,40.0,Davante Adams,
2024,41.0,Lane Johnson,
2024,42.0,Matthew Stafford,
2024,43.0,Kyle Hamilton,
2024,44.0,Demario Davis,
2024,45.0,Ja'Marr Chase,
2024,46.0,Antoine Winfield Jr.,
2024,47.0,Aidan Hutchinson,
2024,48.0,Jared Goff,
2024,49.0,Derrick Henry,
2024,50.0,Rashan Gary,
2024,51.0,Keenan Allen,
2024,52.0,Patrick Surtain II,
2024,53.0,Zack Martin,
2024,54.0,Jonathan Allen,
2024,55.0,Brian Burns,
2024,56.0,Stefon Diggs,
2024,57.0,Justin Simmons,
2024,58.0,Christian Wilkins,
2024,59.0,Bobby Wagner,
2024,60.0,Raheem Mostert,
2024,61.0,Justin Madubuike,
2024,62.0,Bradley Chubb,
2024,63.0,Jaylen Waddle,
2024,64.0,Patrick Queen,
2024,65.0,Jordan Poyer,
2024,66.0,Brandon Aiyuk,
2024,67.0,Terron Armstead,
2024,68.0,Danielle Hunter,
2024,69.0,Cooper Kupp,
2024,70.0,Amari Cooper,
2024,71.0,Laremy Tunsil,
2024,72.0,Garrett Wilson,
2024,73.0,Jeffery Simmons,
2024,74.0,Jessie Bates,
2024,75.0,Justin Herbert,
2024,76.0,Dre Greenlaw,
2024,77.0,Trey Hendrickson,
2024,78.0,Kyren Williams,
2024,79.0,Minkah Fitzpatrick,
2024,80.0,Sam LaPorta,
2024,81.0,Kirk Cousins,
2024,82.0,Montez Sweat,
2024,83.0,Derwin James,
2024,84.0,DK Metcalf,
2024,85.0,Tristan Wirfs,
2024,86.0,Saquon Barkley,
2024,87.0,Haason Reddick,
2024,88.0,Chris Lindstrom,
2024,89.0,Budda Baker,
2024,90.0,DeVonta Smith,
2024,91.0,Tariq Woolen,
2024,92.0,Aaron Rodgers,
2024,93.0,Harrison Smith,
2024,94.0,Trevor Lawrence,
2024,95.0,Julian Love,
2024,96.0,Dion Dawkins,
2024,97.0,Terry McLaurin,
2024,98.0,Cameron Heyward,
2024,99.0,Lavonte David,
2024,100.0,Zaire Franklin,
2025,1.0,Saquon Barkley,
2025,2.0,Lamar Jackson,
2025,3.0,Josh Allen,
2025,4.0,Ja'Marr Chase,
2025,5.0,Patrick Mahomes,
2025,6.0,Joe Burrow,
2025,7.0,Derrick Henry,
2025,8.0,Myles Garrett,
2025,9.0,Justin Jefferson,
2025,10.0,Patrick Surtain II,
2025,11.0,T. J. Watt,
2025,12.0,Chris Jones,
2025,13.0,Penei Sewell,
2025,14.0,Trey Hendrickson,
2025,15.0,Jared Goff,
2025,16.0,Fred Warner,
2025,17.0,Dexter Lawrence,
2025,18.0,Derek Stingley Jr.,
2025,19.0,Jalen Hurts,
2025,20.0,Amon-Ra St. Brown,
2025,21.0,Jayden Daniels,
2025,22.0,Maxx Crosby,
2025,23.0,Lane Johnson,
2025,24.0,Brock Bowers,
2025,25.0,Danielle Hunter,
2025,26.0,Zack Baun,
2025,27.0,Jahmyr Gibbs,
2025,28.0,Tristan Wirfs,
2025,29.0,A. J. Brown,
2025,30.0,Xavier McKinney,
2025,31.0,George Kittle,
2025,32.0,Nico Collins,
2025,33.0,Josh Jacobs,
2025,34.0,Budda Baker,
2025,35.0,CeeDee Lamb,
2025,36.0,Micah Parsons,
2025,37.0,Travis Kelce,
2025,38.0,Nik Bonitto,
2025,39.0,C. J. Stroud,
2025,40.0,Roquan Smith,
2025,41.0,Puka Nacua,
2025,42.0,Dion Dawkins,
2025,43.0,Jalen Carter,
2025,44.0,Mike Evans,
2025,45.0,Trent Williams,
2025,46.0,Will Anderson Jr.,
2025,47.0,Tyreek Hill,
2025,48.0,Jonathan Greenard,
2025,49.0,Quinyon Mitchell,
2025,50.0,Baker Mayfield,
2025,51.0,Kyle Hamilton,
2025,52.0,Terry McLaurin,
2025,53.0,Jared Verse,
2025,54.0,Derwin James,
2025,55.0,Aidan Hutchinson,
2025,56.0,Justin Herbert,
2025,57.0,Nick Bosa,
2025,58.0,Joe Mixon,
2025,59.0,Matthew Stafford,
2025,60.0,Cooper DeJean,
2025,61.0,Brian Thomas Jr.,
2025,62.0,Bijan Robinson,
2025,63.0,Josh Hines-Allen,
2025,64.0,Bo Nix,
2025,65.0,Trey McBride,
2025,66.0,Jalen Ramsey,
2025,67.0,Malik Nabers,
2025,68.0,Jordan Love,
2025,69.0,Jordan Mailata,
2025,70.0,Frankie Luvu,
2025,71.0,Kerby Joseph,
2025,72.0,Sam Darnold,
2025,73.0,Christian McCaffrey,
2025,74.0,Bobby Wagner,
2025,75.0,Patrick Queen,
2025,76.0,Vita Vea,
2025,77.0,Tee Higgins,
2025,78.0,Khalil Mack,
2025,79.0,Dak Prescott,
2025,80.0,Rashan Gary,
2025,81.0,Trent McDuffie,
2025,82.0,Jerry Jeudy,
2025,83.0,Cameron Heyward,
2025,84.0,Christian Gonzalez,
2025,85.0,Kyren Williams,
2025,86.0,Laremy Tunsil,
2025,87.0,Quinnen Williams,
2025,88.0,Andrew Van Ginkel,
2025,89.0,James Cook,
2025,90.0,Zach Allen,
2025,91.0,Tua Tagovailoa,
2025,92.0,Jessie Bates,
2025,93.0,Creed Humphrey,
2025,94.0,Sam LaPorta,
2025,95.0,Josh Sweat,
2025,96.0,Lavonte David,
2025,97.0,Drake London,
2025,98.0,Aaron Jones,
2025,99.0,Leonard Williams,
2025,100.0,Ladd McConkey,
