League,Timestamp Pulled,Date of Game (ET),Game ID,Home Team,Away Team,Divisional Matchup,Travel Distance (mi),Prime Time (ET >= 7p),Home Conf,Home Div,Away Conf,Away Div,Avg Home Spread Odds,Avg Away Spread Odds,Avg Home Spread Points,Avg Away Spread Points,Avg Home H2H Odds,Avg Away H2H Odds,Avg Over Odds,Avg Under Odds,Avg Total Points,Home DraftKings Spread Odds,Away DraftKings Spread Odds,Home DraftKings H2H Odds,Away DraftKings H2H Odds,Home DraftKings O/U Odds,Away DraftKings O/U Odds,Home BetUS Spread Odds,Away BetUS Spread Odds,Home BetUS H2H Odds,Away BetUS H2H Odds,Home BetUS O/U Odds,Away BetUS O/U Odds,Home FanDuel Spread Odds,Away FanDuel Spread Odds,Home FanDuel H2H Odds,Away FanDuel H2H Odds,Home FanDuel O/U Odds,Away FanDuel O/U Odds,Home LowVig.ag Spread Odds,Away LowVig.ag Spread Odds,Home LowVig.ag H2H Odds,Away LowVig.ag H2H Odds,Home LowVig.ag O/U Odds,Away LowVig.ag O/U Odds,Home BetOnline.ag Spread Odds,Away BetOnline.ag Spread Odds,Home BetOnline.ag H2H Odds,Away BetOnline.ag H2H Odds,Home BetOnline.ag O/U Odds,Away BetOnline.ag O/U Odds,Home BetRivers Spread Odds,Away BetRivers Spread Odds,Home BetRivers H2H Odds,Away BetRivers H2H Odds,Home BetRivers O/U Odds,Away BetRivers O/U Odds,Home BetMGM Spread Odds,Away BetMGM Spread Odds,Home BetMGM H2H Odds,Away BetMGM H2H Odds,Home BetMGM O/U Odds,Away BetMGM O/U Odds,Home Bovada Spread Odds,Away Bovada Spread Odds,Home Bovada H2H Odds,Away Bovada H2H Odds,Home Bovada O/U Odds,Away Bovada O/U Odds,Home MyBookie.ag Spread Odds,Away MyBookie.ag Spread Odds,Home MyBookie.ag H2H Odds,Away MyBookie.ag H2H Odds,Home MyBookie.ag O/U Odds,Away MyBookie.ag O/U Odds
NFL,2026-08-08 18:28:33,2026-09-09 20:15,8c94552d022acec4a0458d70c19d3da9,Seattle Seahawks,New England Patriots,No,2491.3,Yes,NFC,West,AFC,East,-109.5,-109.62,-3.56,3.56,-197.56,164.44,-109.67,-110.0,44.33,-110,-110,-192,160,-110,-110,-110.0,-110.0,-195.0,167.0,-110.0,-110.0,-112.0,-108.0,-190.0,160.0,-115.0,-105.0,-105.0,-105.0,-195.0,170.0,-107.0,-107.0,-110.0,-110.0,-195.0,170.0,-110.0,-110.0,-114.0,-109.0,-205.0,165.0,-110.0,-113.0,,,-190.0,155.0,-110.0,-110.0,-105.0,-115.0,-210.0,175.0,-105.0,-115.0,-110.0,-110.0,-206.0,158.0,-110.0,-110.0
NFL,2026-08-08 18:28:33,2026-09-10 20:35,acc580d74344ea3b31bbcdd057fe6a9c,Los Angeles Rams,San Francisco 49ers,Yes,313.4,Yes,NFC,West,NFC,West,-112.14,-78.29,-3.5,3.5,-197.89,164.11,-109.89,-109.78,48.5,-110,-110,-192,160,-110,-110,-115.0,-105.0,-200.0,170.0,-110.0,-110.0,-115.0,-105.0,-205.0,172.0,-112.0,-108.0,-115.0,104.0,-200.0,174.0,-107.0,-107.0,-115.0,-105.0,-200.0,174.0,-110.0,-110.0,-110.0,-112.0,-195.0,150.0,-110.0,-113.0,,,-190.0,155.0,-110.0,-110.0,-105.0,-115.0,-195.0,165.0,-110.0,-110.0,,,-204.0,157.0,-110.0,-110.0
NFL,2026-08-08 18:28:33,2026-09-13 13:00,95c01d1bb797d6df14824b106c5a9130,Pittsburgh Steelers,Atlanta Falcons,No,521.0,No,AFC,North,NFC,South,-113.12,-56.25,-2.94,2.94,-164.33,138.22,-110.22,-109.44,41.61,-120,100,-180,150,-115,-105,-110.0,-110.0,-160.0,138.0,-110.0,-110.0,-120.0,-102.0,-152.0,128.0,-110.0,-110.0,-110.0,100.0,-160.0,140.0,-107.0,-107.0,-115.0,-105.0,-160.0,140.0,-110.0,-110.0,-105.0,-118.0,-167.0,135.0,-110.0,-113.0,,,-160.0,135.0,-110.0,-110.0,-115.0,-105.0,-170.0,145.0,-110.0,-110.0,-110.0,-110.0,-170.0,133.0,-110.0,-110.0
NFL,2026-08-08 18:28:33,2026-09-13 13:00,b6cfdcbafa61ce220ba87dc2d9b80c77,Indianapolis Colts,Baltimore Ravens,No,510.6,No,AFC,South,AFC,North,-112.38,-56.62,3.5,-3.5,156.67,-188.33,-108.89,-110.89,48.22,-110,-110,150,-180,-110,-110,-115.0,-105.0,155.0,-180.0,-105.0,-115.0,-110.0,-110.0,164.0,-198.0,-110.0,-110.0,-110.0,100.0,157.0,-180.0,-102.0,-113.0,-115.0,-105.0,157.0,-180.0,-105.0,-115.0,-109.0,-113.0,165.0,-210.0,-113.0,-110.0,,,155.0,-190.0,-110.0,-110.0,-120.0,100.0,155.0,-180.0,-115.0,-105.0,-110.0,-110.0,152.0,-197.0,-110.0,-110.0
NFL,2026-08-08 18:28:33,2026-09-13 13:00,7e09efed7e12c659b82740b67ce2f9a1,Houston Texans,Buffalo Bills,No,1290.3,No,AFC,South,AFC,East,-110.5,-83.88,0.25,-0.25,-73.83,-113.83,-109.89,-109.67,44.5,-112,-108,100,-120,-110,-110,-110.0,-110.0,,,-110.0,-110.0,-122.0,100.0,-104.0,-112.0,-112.0,-108.0,-105.0,-105.0,,,-107.0,-107.0,-110.0,-110.0,,,-110.0,-110.0,-110.0,-113.0,-104.0,-120.0,-110.0,-112.0,,,-115.0,-105.0,-110.0,-110.0,-105.0,-115.0,-110.0,-110.0,-110.0,-110.0,-110.0,-110.0,-110.0,-116.0,-110.0,-110.0
NFL,2026-08-08 18:28:33,2026-09-13 13:00,fc362aff0d889ec52d358307a70c32ed,Carolina Panthers,Chicago Bears,No,586.0,No,NFC,South,NFC,North,-111.0,-33.38,2.81,-2.81,123.89,-149.22,-110.0,-109.67,45.83,-102,-118,124,-148,-110,-110,-120.0,100.0,125.0,-145.0,-110.0,-110.0,-102.0,-120.0,128.0,-152.0,-110.0,-110.0,-110.0,100.0,125.0,-145.0,-107.0,-107.0,-115.0,-105.0,125.0,-145.0,-110.0,-110.0,-109.0,-114.0,112.0,-148.0,-113.0,-110.0,,,120.0,-145.0,-110.0,-110.0,-120.0,100.0,135.0,-160.0,-110.0,-110.0,-110.0,-110.0,121.0,-155.0,-110.0,-110.0
NFL,2026-08-08 18:28:33,2026-09-13 13:00,ed6d24ff979f9c71979fead577b0b3f7,Cincinnati Bengals,Tampa Bay Buccaneers,No,775.0,No,AFC,North,NFC,South,-84.12,-110.0,-3.5,3.5,-197.25,164.88,-110.25,-109.38,51.38,-115,-105,-205,170,-110,-110,-110.0,-110.0,-190.0,163.0,-110.0,-110.0,-115.0,-105.0,-210.0,176.0,-112.0,-108.0,100.0,-110.0,-190.0,165.0,-107.0,-107.0,-105.0,-115.0,-190.0,165.0,-110.0,-110.0,-113.0,-110.0,-200.0,160.0,-113.0,-110.0,,,,,,,-105.0,-115.0,-185.0,160.0,-110.0,-110.0,-110.0,-110.0,-208.0,160.0,-110.0,-110.0
NFL,2026-08-08 18:28:33,2026-09-13 13:00,e55c6fe19fce094ce214c8b0e5b504e9,Jacksonville Jaguars,Cleveland Browns,No,771.0,No,AFC,South,AFC,North,-109.25,-109.88,-7.5,7.5,-386.12,297.25,-110.43,-109.43,40.5,-110,-110,-380,300,-110,-110,-110.0,-110.0,-360.0,290.0,-110.0,-110.0,-115.0,-105.0,-420.0,320.0,-118.0,-104.0,-105.0,-105.0,-360.0,289.0,-107.0,-107.0,-110.0,-110.0,-360.0,289.0,-110.0,-110.0,-109.0,-114.0,-420.0,310.0,-108.0,-115.0,,,,,,,-105.0,-115.0,-360.0,280.0,-110.0,-110.0,-110.0,-110.0,-429.0,300.0,,
NFL,2026-08-08 18:28:33,2026-09-13 13:00,c1d3fcec25aaeb06ebd2244d33d338e0,Detroit Lions,New Orleans Saints,No,939.6,No,NFC,North,NFC,South,-110.25,-109.0,-6.94,6.94,-333.89,264.67,-109.22,-110.78,49.22,-110,-110,-325,260,-105,-115,-110.0,-110.0,-335.0,272.0,-110.0,-110.0,-115.0,-105.0,-330.0,265.0,-102.0,-120.0,-105.0,-105.0,-335.0,270.0,-113.0,-102.0,-110.0,-110.0,-335.0,270.0,-115.0,-105.0,-112.0,-112.0,-360.0,270.0,-113.0,-110.0,,,-325.0,270.0,-105.0,-115.0,-110.0,-110.0,-330.0,265.0,-110.0,-110.0,-110.0,-110.0,-330.0,240.0,-110.0,-110.0
NFL,2026-08-08 18:28:33,2026-09-13 13:00,7dddb296a42e7a41a774b24bd1709ce1,Tennessee Titans,New York Jets,No,758.3,No,AFC,South,AFC,East,-87.12,-32.12,-2.5,2.5,-148.33,124.56,-110.0,-109.67,39.17,100,-120,-148,124,-110,-110,-120.0,100.0,-150.0,129.0,-110.0,-110.0,-110.0,-110.0,-138.0,118.0,-110.0,-110.0,-110.0,100.0,-150.0,130.0,-107.0,-107.0,-115.0,-105.0,-150.0,130.0,-110.0,-110.0,-112.0,-112.0,-150.0,120.0,-113.0,-110.0,,,-145.0,120.0,-110.0,-110.0,-120.0,100.0,-150.0,130.0,-110.0,-110.0,-110.0,-110.0,-154.0,120.0,-110.0,-110.0
NFL,2026-08-08 18:28:33,2026-09-13 16:25,1edfa5ceaa1ad2cb57df1c1b908731f6,Los Angeles Chargers,Arizona Cardinals,No,351.1,No,AFC,West,NFC,West,-108.12,-111.0,-10.44,10.44,-588.44,427.22,-109.44,-110.11,46.22,-110,-110,-625,455,-110,-110,-110.0,-110.0,-590.0,445.0,-110.0,-110.0,-106.0,-114.0,-600.0,450.0,-110.0,-110.0,-102.0,-108.0,-590.0,440.0,-105.0,-109.0,-107.0,-113.0,-590.0,440.0,-108.0,-112.0,-110.0,-113.0,-500.0,360.0,-112.0,-110.0,,,-600.0,450.0,-110.0,-110.0,-110.0,-110.0,-525.0,375.0,-110.0,-110.0,-110.0,-110.0,-676.0,430.0,-110.0,-110.0
NFL,2026-08-08 18:28:33,2026-09-13 16:25,cb77efed7e711d25a72c1a2a0a1af119,Minnesota Vikings,Green Bay Packers,Yes,257.7,No,NFC,North,NFC,North,-112.5,-56.88,0.12,-0.12,-111.17,-76.5,-110.67,-109.0,45.06,-120,100,-105,-115,-110,-110,-110.0,-110.0,,,-110.0,-110.0,-122.0,100.0,-108.0,-108.0,-115.0,-105.0,-105.0,-105.0,,,-107.0,-107.0,-110.0,-110.0,,,-110.0,-110.0,-113.0,-110.0,-106.0,-118.0,-114.0,-109.0,,,-110.0,-110.0,-110.0,-110.0,-110.0,-110.0,-120.0,100.0,-110.0,-110.0,-110.0,-110.0,-118.0,-108.0,-110.0,-110.0
NFL,2026-08-08 18:28:33,2026-09-13 16:25,c5d95f48a16849ab6bebc68fbbfcb74a,Las Vegas Raiders,Miami Dolphins,No,2173.8,No,AFC,West,AFC,East,-112.75,-81.62,-3.62,3.62,-200.56,164.89,-109.67,-109.89,40.44,-110,-110,-205,170,-110,-110,-115.0,-105.0,-190.0,163.0,-110.0,-110.0,-118.0,-104.0,-200.0,168.0,-110.0,-110.0,-110.0,100.0,-190.0,165.0,-107.0,-107.0,-115.0,-105.0,-190.0,165.0,-110.0,-110.0,-114.0,-109.0,-210.0,155.0,-110.0,-112.0,,,-190.0,155.0,-110.0,-110.0,-110.0,-110.0,-210.0,175.0,-110.0,-110.0,-110.0,-110.0,-220.0,168.0,-110.0,-110.0
NFL,2026-08-08 18:28:33,2026-09-13 16:25,17885cb8dcade8f6c3bce14b2de805e8,Philadelphia Eagles,Washington Commanders,Yes,113.8,No,NFC,East,NFC,East,-108.0,-111.12,-4.25,4.25,-213.11,176.56,-108.78,-111.11,47.39,-110,-110,-218,180,-110,-110,-110.0,-110.0,-210.0,180.0,-110.0,-110.0,-105.0,-115.0,-215.0,180.0,-115.0,-105.0,-103.0,-107.0,-210.0,180.0,-102.0,-113.0,-108.0,-112.0,-210.0,180.0,-105.0,-115.0,-113.0,-110.0,-215.0,170.0,-112.0,-112.0,,,-210.0,175.0,-105.0,-115.0,-105.0,-115.0,-210.0,175.0,-110.0,-110.0,-110.0,-110.0,-220.0,169.0,-110.0,-110.0
NFL,2026-08-08 18:28:33,2026-09-13 20:20,3e646c7479c57f5d9752d8c7dfe7059b,New York Giants,Dallas Cowboys,Yes,1387.3,Yes,NFC,East,NFC,East,-56.62,-88.0,2.69,-2.69,124.33,-149.67,-109.0,-110.67,48.67,-105,-115,124,-148,-110,-110,-120.0,100.0,125.0,-145.0,-110.0,-110.0,-102.0,-120.0,124.0,-146.0,-110.0,-110.0,105.0,-116.0,125.0,-145.0,-107.0,-107.0,100.0,-120.0,125.0,-145.0,-110.0,-110.0,-106.0,-118.0,112.0,-148.0,-109.0,-114.0,,,120.0,-145.0,-110.0,-110.0,-115.0,-105.0,135.0,-160.0,-105.0,-115.0,-110.0,-110.0,129.0,-165.0,-110.0,-110.0
NFL,2026-08-08 18:28:33,2026-09-14 20:15,5ad8135dc2b5f27de0b777acd317855a,Kansas City Chiefs,Denver Broncos,Yes,565.7,Yes,AFC,West,AFC,West,-55.25,-114.5,-2.88,2.88,-153.78,127.78,-109.22,-110.56,42.78,-105,-115,-162,136,-110,-110,-105.0,-115.0,-150.0,129.0,-110.0,-110.0,-118.0,-104.0,-154.0,130.0,-104.0,-118.0,103.0,-114.0,-148.0,128.0,-107.0,-107.0,-102.0,-118.0,-148.0,128.0,-110.0,-110.0,-105.0,-120.0,-155.0,117.0,-112.0,-110.0,,,-155.0,125.0,-110.0,-110.0,100.0,-120.0,-150.0,130.0,-110.0,-110.0,-110.0,-110.0,-162.0,127.0,-110.0,-110.0
NFL,2026-08-08 18:28:33,2026-09-17 20:15,56e8897681915f7ec92baeee952bb1ae,Buffalo Bills,Detroit Lions,No,219.4,Yes,AFC,East,NFC,North,-113.0,-5.75,-3.0,3.0,-163.5,134.5,-109.75,-109.75,52.0,-110,-110,-162,136,-110,-110,,,,,,,,,,,,,-116.0,105.0,,,-107.0,-107.0,-120.0,100.0,,,-110.0,-110.0,-106.0,-118.0,-165.0,133.0,-112.0,-112.0,,,,,,,,,,,,,,,,,,
NFL,2026-08-08 18:28:33,2026-09-20 13:00,aee7eae1849ebb103b9bf233e9741392,Atlanta Falcons,Carolina Panthers,Yes,226.4,No,NFC,South,NFC,South,-107.5,-112.5,-1.5,1.5,-125.0,105.0,-106.0,-114.0,44.0,-110,-110,-125,105,-102,-118,-105.0,-115.0,,,-110.0,-110.0,,,,,,,,,,,,,,,,,,,,,,,,,,,,,,,,,,,,,,,,,,
NFL,2026-08-08 18:28:33,2026-09-20 13:00,2143ade9684fd876b68a4e8cbf451f05,Baltimore Ravens,New Orleans Saints,No,998.8,No,AFC,North,NFC,South,-110.0,-110.0,-7.5,7.5,-355.0,280.0,-110.0,-110.0,46.5,-110,-110,-355,280,-110,-110,-110.0,-110.0,,,-110.0,-110.0,,,,,,,,,,,,,,,,,,,,,,,,,,,,,,,,,,,,,,,,,,
NFL,2026-08-08 18:28:33,2026-09-20 13:00,0283a29e1b38ef78b29b904fd56a16dd,Chicago Bears,Minnesota Vikings,Yes,355.8,No,NFC,North,NFC,North,-110.0,-110.0,-3.5,3.5,-185.0,154.0,-110.0,-110.0,45.5,-110,-110,-185,154,-110,-110,,,,,,,,,,,,,,,,,,,,,,,,,,,,,,,,,,,,,,,,,,,,,,,,
NFL,2026-08-08 18:28:33,2026-09-20 13:00,36ad2fa722f4915ef23d2c81351261de,Houston Texans,Cincinnati Bengals,No,897.7,No,AFC,South,AFC,North,-110.0,-110.0,-2.5,2.5,-135.0,114.0,-110.0,-110.0,46.5,-110,-110,-135,114,-110,-110,-110.0,-110.0,,,-110.0,-110.0,,,,,,,,,,,,,,,,,,,,,,,,,,,,,,,,,,,,,,,,,,
NFL,2026-08-08 18:28:33,2026-09-20 13:00,0636ebff776d43f8c829a36713c80b22,Tampa Bay Buccaneers,Cleveland Browns,No,933.8,No,NFC,South,AFC,North,-110.0,-110.0,-6.0,6.0,-250.0,205.0,-110.0,-110.0,42.5,-110,-110,-250,205,-110,-110,-110.0,-110.0,,,-110.0,-110.0,,,,,,,,,,,,,,,,,,,,,,,,,,,,,,,,,,,,,,,,,,
NFL,2026-08-08 18:28:33,2026-09-20 13:00,4aeee070bb6ec60bdfae4dede61b9014,New York Jets,Green Bay Packers,No,755.6,No,AFC,East,NFC,North,-110.0,-110.0,5.5,-5.5,200.0,-245.0,-110.0,-110.0,42.5,-110,-110,200,-245,-110,-110,,,,,,,,,,,,,,,,,,,,,,,,,,,,,,,,,,,,,,,,,,,,,,,,
NFL,2026-08-08 18:28:33,2026-09-20 13:00,9d14f87600f6edc74dbcb5c74edf6246,New England Patriots,Pittsburgh Steelers,No,469.3,No,AFC,East,AFC,North,-110.0,-110.0,-4.5,4.5,-225.0,185.0,-110.0,-110.0,43.5,-110,-110,-225,185,-110,-110,-110.0,-110.0,,,-110.0,-110.0,,,,,,,,,,,,,,,,,,,,,,,,,,,,,,,,,,,,,,,,,,
NFL,2026-08-08 18:28:33,2026-09-20 13:00,fafc649c455e32a0f2ba1bd06e2039bc,Tennessee Titans,Philadelphia Eagles,No,682.7,No,AFC,South,NFC,East,-110.0,-110.0,4.5,-4.5,170.0,-205.0,-110.0,-110.0,42.5,-110,-110,170,-205,-110,-110,-110.0,-110.0,,,-110.0,-110.0,,,,,,,,,,,,,,,,,,,,,,,,,,,,,,,,,,,,,,,,,,
NFL,2026-08-08 18:28:33,2026-09-20 16:05,1fd6628c781f556a7a19638e97d7107f,Denver Broncos,Jacksonville Jaguars,No,1470.2,No,AFC,West,AFC,South,-115.0,-105.0,-2.5,2.5,-142.0,120.0,-110.0,-110.0,43.5,-115,-105,-142,120,-110,-110,-115.0,-105.0,,,-110.0,-110.0,,,,,,,,,,,,,,,,,,,,,,,,,,,,,,,,,,,,,,,,,,
NFL,2026-08-08 18:28:33,2026-09-20 16:05,71b3b83747589efdc5baef2c5cf811bf,Los Angeles Chargers,Las Vegas Raiders,Yes,231.8,No,AFC,West,AFC,West,-110.0,-110.0,-8.5,8.5,-410.0,320.0,-110.0,-110.0,42.5,-110,-110,-410,320,-110,-110,-110.0,-110.0,,,-110.0,-110.0,,,,,,,,,,,,,,,,,,,,,,,,,,,,,,,,,,,,,,,,,,
NFL,2026-08-08 18:28:33,2026-09-20 16:25,4dd8020192a544385db42374e5555303,Arizona Cardinals,Seattle Seahawks,Yes,1103.7,No,NFC,West,NFC,West,-110.0,-110.0,10.0,-10.0,370.0,-485.0,-110.0,-110.0,44.5,-110,-110,370,-485,-110,-110,-110.0,-110.0,,,-110.0,-110.0,,,,,,,,,,,,,,,,,,,,,,,,,,,,,,,,,,,,,,,,,,
NFL,2026-08-08 18:28:33,2026-09-20 16:25,85ef85098ddd22fe4ecf45e7e3c0a9c0,Dallas Cowboys,Washington Commanders,Yes,1209.4,No,NFC,East,NFC,East,-105.0,-115.0,-4.5,4.5,-198.0,164.0,-110.0,-110.0,51.5,-105,-115,-198,164,-110,-110,-105.0,-115.0,,,-110.0,-110.0,,,,,,,,,,,,,,,,,,,,,,,,,,,,,,,,,,,,,,,,,,
NFL,2026-08-08 18:28:33,2026-09-20 16:25,68bc55903f50af4af4766adcc89fcc61,San Francisco 49ers,Miami Dolphins,No,2558.8,No,NFC,West,AFC,East,-110.0,-110.0,-10.5,10.5,-550.0,410.0,-110.0,-110.0,46.5,-110,-110,-550,410,-110,-110,-110.0,-110.0,,,-110.0,-110.0,,,,,,,,,,,,,,,,,,,,,,,,,,,,,,,,,,,,,,,,,,
NFL,2026-08-08 18:28:33,2026-09-20 20:20,50bc247030707d823b9c3581d7eb5760,Kansas City Chiefs,Indianapolis Colts,No,447.8,Yes,AFC,West,AFC,South,-110.0,-110.0,-6.0,6.0,-285.0,230.0,-110.0,-110.0,47.5,-110,-110,-285,230,-110,-110,-110.0,-110.0,,,-110.0,-110.0,,,,,,,,,,,,,,,,,,,,,,,,,,,,,,,,,,,,,,,,,,
NFL,2026-08-08 18:28:33,2026-09-21 20:15,32367f882fac1a0c20a6335619922025,Los Angeles Rams,New York Giants,No,2454.7,Yes,NFC,West,NFC,East,-110.0,-110.0,-9.0,9.0,-380.0,300.0,-110.0,-110.0,48.0,-110,-110,-380,300,-110,-110,-110.0,-110.0,,,-110.0,-110.0,,,,,,,,,,,,,,,,,,,,,,,,,,,,,,,,,,,,,,,,,,
NFL,2026-08-08 18:28:33,2026-09-24 20:15,e5fbd3b3953b896b1bf897ddadb3cc4b,Green Bay Packers,Atlanta Falcons,No,766.7,Yes,NFC,North,NFC,South,-110.0,-110.0,-7.5,7.5,-360.0,285.0,-110.0,-110.0,46.5,-110,-110,-360,285,-110,-110,-110.0,-110.0,,,-110.0,-110.0,,,,,,,,,,,,,,,,,,,,,,,,,,,,,,,,,,,,,,,,,,
NFL,2026-08-08 18:28:33,2026-09-27 13:00,b225458a282e140c44c45651255f2f6c,Buffalo Bills,Los Angeles Chargers,No,2210.2,No,AFC,East,AFC,West,-110.0,-110.0,-3.0,3.0,-166.0,140.0,-110.0,-110.0,48.5,-110,-110,-166,140,-110,-110,,,,,,,,,,,,,,,,,,,,,,,,,,,,,,,,,,,,,,,,,,,,,,,,
NFL,2026-08-08 18:28:33,2026-09-27 13:00,613b8cd3a5fab58f7be4e3fd6f76223e,Cleveland Browns,Carolina Panthers,No,435.7,No,AFC,North,NFC,South,-110.0,-110.0,1.5,-1.5,105.0,-125.0,-110.0,-110.0,39.5,-110,-110,105,-125,-110,-110,,,,,,,,,,,,,,,,,,,,,,,,,,,,,,,,,,,,,,,,,,,,,,,,
NFL,2026-08-08 18:28:33,2026-09-27 13:00,71123be049587b6facce3a20c53e5d09,Pittsburgh Steelers,Cincinnati Bengals,Yes,257.0,No,AFC,North,AFC,North,-115.0,-5.0,1.5,-1.5,105.0,-125.0,-110.0,-110.0,47.5,-110,-110,105,-125,-110,-110,-120.0,100.0,,,-110.0,-110.0,,,,,,,,,,,,,,,,,,,,,,,,,,,,,,,,,,,,,,,,,,
NFL,2026-08-08 18:28:33,2026-09-27 13:00,07f552badfa8a565d1be22123713e4da,Detroit Lions,New York Jets,No,476.5,No,NFC,North,AFC,East,-110.0,-110.0,-9.5,9.5,-470.0,360.0,-110.0,-110.0,45.5,-110,-110,-470,360,-110,-110,,,,,,,,,,,,,,,,,,,,,,,,,,,,,,,,,,,,,,,,,,,,,,,,
NFL,2026-08-08 18:28:33,2026-09-27 13:00,17a730b7d399feeab6a78c30767c29d2,Indianapolis Colts,Houston Texans,Yes,870.3,No,AFC,South,AFC,South,-107.5,-112.5,1.5,-1.5,105.0,-125.0,-110.0,-110.0,45.5,-110,-110,105,-125,-110,-110,-105.0,-115.0,,,-110.0,-110.0,,,,,,,,,,,,,,,,,,,,,,,,,,,,,,,,,,,,,,,,,,
NFL,2026-08-08 18:28:33,2026-09-27 13:00,1f3cfd315a24d1a7dd5859a8e6b88e18,Jacksonville Jaguars,New England Patriots,No,995.4,No,AFC,South,AFC,East,-105.0,-115.0,-1.5,1.5,-118.0,-102.0,-110.0,-110.0,45.5,-105,-115,-118,-102,-110,-110,-105.0,-115.0,,,-110.0,-110.0,,,,,,,,,,,,,,,,,,,,,,,,,,,,,,,,,,,,,,,,,,
NFL,2026-08-08 18:28:33,2026-09-27 13:00,0339a0e41bcee12820eb3e64bb5fadb4,Miami Dolphins,Kansas City Chiefs,No,1223.9,No,AFC,East,AFC,West,-107.5,-112.5,7.25,-7.25,280.0,-355.0,-110.0,-110.0,44.5,-110,-110,280,-355,-110,-110,-105.0,-115.0,,,-110.0,-110.0,,,,,,,,,,,,,,,,,,,,,,,,,,,,,,,,,,,,,,,,,,
NFL,2026-08-08 18:28:33,2026-09-27 13:00,555afd4a27aaa392662881cffa8f2eef,New York Giants,Tennessee Titans,No,758.3,No,NFC,East,AFC,South,-117.5,-2.5,-3.0,3.0,-170.0,142.0,-110.0,-110.0,45.0,-115,-105,-170,142,-110,-110,-120.0,100.0,,,-110.0,-110.0,,,,,,,,,,,,,,,,,,,,,,,,,,,,,,,,,,,,,,,,,,
NFL,2026-08-08 18:28:33,2026-09-27 13:00,2a529c108305ffa049d8b6cfdbaa4d36,Washington Commanders,Seattle Seahawks,No,2335.3,No,NFC,East,NFC,West,-110.0,-110.0,3.5,-3.5,154.0,-185.0,-110.0,-110.0,46.5,-110,-110,154,-185,-110,-110,-110.0,-110.0,,,-110.0,-110.0,,,,,,,,,,,,,,,,,,,,,,,,,,,,,,,,,,,,,,,,,,
NFL,2026-08-08 18:28:33,2026-09-27 16:05,9d2b09e0f9b6dd5ce0d985894f4f98fa,San Francisco 49ers,Arizona Cardinals,Yes,608.8,No,NFC,West,NFC,West,-110.0,-110.0,-11.5,11.5,-575.0,425.0,-110.0,-110.0,46.5,-110,-110,-575,425,-110,-110,-110.0,-110.0,,,-110.0,-110.0,,,,,,,,,,,,,,,,,,,,,,,,,,,,,,,,,,,,,,,,,,
NFL,2026-08-08 18:28:33,2026-09-27 16:05,f1724dead3eab61546033032fc782375,Tampa Bay Buccaneers,Minnesota Vikings,No,1313.4,No,NFC,South,NFC,North,-110.0,-110.0,-1.5,1.5,-125.0,105.0,-110.0,-110.0,44.5,-110,-110,-125,105,-110,-110,-110.0,-110.0,,,-110.0,-110.0,,,,,,,,,,,,,,,,,,,,,,,,,,,,,,,,,,,,,,,,,,
NFL,2026-08-08 18:28:33,2026-09-27 16:25,84cfca14efc21363fd605508404cf1ff,Dallas Cowboys,Baltimore Ravens,No,1228.5,No,NFC,East,AFC,North,-110.0,-110.0,2.5,-2.5,114.0,-135.0,-110.0,-110.0,51.5,-110,-110,114,-135,-110,-110,-110.0,-110.0,,,-110.0,-110.0,,,,,,,,,,,,,,,,,,,,,,,,,,,,,,,,,,,,,,,,,,
NFL,2026-08-08 18:28:33,2026-09-27 16:25,2e523fcb0497aa689473e290eb2b97de,New Orleans Saints,Las Vegas Raiders,No,1512.6,No,NFC,South,AFC,West,-110.0,-110.0,-3.25,3.25,-198.0,164.0,-110.0,-110.0,42.5,-110,-110,-198,164,-110,-110,-110.0,-110.0,,,-110.0,-110.0,,,,,,,,,,,,,,,,,,,,,,,,,,,,,,,,,,,,,,,,,,
NFL,2026-08-08 18:28:33,2026-09-27 20:20,3bfd8bfb4b8e9a365a0877879b73b16b,Denver Broncos,Los Angeles Rams,No,837.9,Yes,AFC,West,NFC,West,-110.0,-110.0,3.0,-3.0,136.0,-162.0,-110.0,-110.0,45.5,-110,-110,136,-162,-110,-110,,,,,,,,,,,,,,,,,,,,,,,,,,,,,,,,,,,,,,,,,,,,,,,,
NFL,2026-08-08 18:28:33,2026-09-28 20:15,47dc7baa254659f3beb2ed2b38c207b6,Chicago Bears,Philadelphia Eagles,No,665.3,Yes,NFC,North,NFC,East,-105.0,-115.0,-1.5,1.5,-118.0,-102.0,-110.0,-110.0,46.5,-105,-115,-118,-102,-110,-110,,,,,,,,,,,,,,,,,,,,,,,,,,,,,,,,,,,,,,,,,,,,,,,,
NFL,2026-08-08 18:28:33,2026-10-01 20:15,d55cb69fed50a09170560b5b75d8de86,Cleveland Browns,Pittsburgh Steelers,Yes,114.4,Yes,AFC,North,AFC,North,-110.0,-110.0,2.5,-2.5,114.0,-135.0,-110.0,-110.0,40.5,-110,-110,114,-135,-110,-110,,,,,,,,,,,,,,,,,,,,,,,,,,,,,,,,,,,,,,,,,,,,,,,,
NFL,2026-08-08 18:28:33,2026-10-04 09:30,c9d8ed8aa4889486eaf10a630138ede0,Washington Commanders,Indianapolis Colts,No,501.4,No,NFC,East,AFC,South,-36.67,-116.67,-1.5,1.5,-117.0,-103.0,-110.0,-110.0,49.5,-105,-115,-118,-102,-110,-110,100.0,-120.0,,,-110.0,-110.0,-105.0,-115.0,-116.0,-104.0,-110.0,-110.0,,,,,,,,,,,,,,,,,,,,,,,,,,,,,,,,,,,,
NFL,2026-08-08 18:28:33,2026-10-04 13:00,664e6bda5721dc63be16bcf7d962a436,New York Giants,Arizona Cardinals,No,2148.5,No,NFC,East,NFC,West,-110.0,-110.0,-7.0,7.0,-305.0,245.0,-110.0,-110.0,45.5,-110,-110,-305,245,-110,-110,-110.0,-110.0,,,-110.0,-110.0,,,,,,,,,,,,,,,,,,,,,,,,,,,,,,,,,,,,,,,,,,
NFL,2026-08-08 18:28:33,2026-10-04 13:00,f01589b0e7e6dd4f4ac1220a1db81f53,Baltimore Ravens,Tennessee Titans,No,595.5,No,AFC,North,AFC,South,-110.0,-110.0,-8.5,8.5,-395.0,310.0,-110.0,-110.0,47.5,-110,-110,-395,310,-110,-110,-110.0,-110.0,,,-110.0,-110.0,,,,,,,,,,,,,,,,,,,,,,,,,,,,,,,,,,,,,,,,,,
NFL,2026-08-08 18:28:33,2026-10-04 13:00,573cc0ef39631a4f6673ec843a8bedd4,Buffalo Bills,New England Patriots,Yes,387.4,No,AFC,East,AFC,East,-110.0,-110.0,-3.0,3.0,-162.0,136.0,-110.0,-110.0,49.5,-110,-110,-162,136,-110,-110,,,,,,,,,,,,,,,,,,,,,,,,,,,,,,,,,,,,,,,,,,,,,,,,
NFL,2026-08-08 18:28:33,2026-10-04 13:00,164e6eb68f31bac190381903c3cccd31,Chicago Bears,New York Jets,No,707.3,No,NFC,North,AFC,East,-110.0,-110.0,-8.5,8.5,-395.0,310.0,-110.0,-110.0,45.5,-110,-110,-395,310,-110,-110,,,,,,,,,,,,,,,,,,,,,,,,,,,,,,,,,,,,,,,,,,,,,,,,
NFL,2026-08-08 18:28:33,2026-10-04 13:00,2ea94ddf20f66432b9024fe2e2eaba5f,Cincinnati Bengals,Jacksonville Jaguars,No,626.4,No,AFC,North,AFC,South,-110.0,-110.0,-2.5,2.5,-135.0,114.0,-110.0,-110.0,51.5,-110,-110,-135,114,-110,-110,-110.0,-110.0,,,-110.0,-110.0,,,,,,,,,,,,,,,,,,,,,,,,,,,,,,,,,,,,,,,,,,
NFL,2026-08-08 18:28:33,2026-10-04 13:00,daf55e2df5341c007fee5a0fc5bbc2d4,Houston Texans,Dallas Cowboys,No,233.4,No,AFC,South,NFC,East,-110.0,-110.0,-2.5,2.5,-135.0,114.0,-110.0,-110.0,47.5,-110,-110,-135,114,-110,-110,-110.0,-110.0,,,-110.0,-110.0,,,,,,,,,,,,,,,,,,,,,,,,,,,,,,,,,,,,,,,,,,
NFL,2026-08-08 18:28:33,2026-10-04 13:00,99a9bae4dc0dc2590496bd3102b211f2,Tampa Bay Buccaneers,Green Bay Packers,No,1180.2,No,NFC,South,NFC,North,-110.0,-110.0,1.5,-1.5,105.0,-125.0,-110.0,-110.0,47.5,-110,-110,105,-125,-110,-110,-110.0,-110.0,,,-110.0,-110.0,,,,,,,,,,,,,,,,,,,,,,,,,,,,,,,,,,,,,,,,,,
NFL,2026-08-08 18:28:33,2026-10-04 13:00,1b4f2e60ce83fa1d63a5dff83769d27c,Philadelphia Eagles,Los Angeles Rams,No,2401.3,No,NFC,East,NFC,West,-110.0,-110.0,1.5,-1.5,105.0,-125.0,-110.0,-110.0,47.5,-110,-110,105,-125,-110,-110,,,,,,,,,,,,,,,,,,,,,,,,,,,,,,,,,,,,,,,,,,,,,,,,
NFL,2026-08-08 18:28:33,2026-10-04 16:05,c327223d76a3b7b0db8c6c104442f44b,Minnesota Vikings,Miami Dolphins,No,1498.2,No,NFC,North,AFC,East,-110.0,-110.0,-7.5,7.5,-375.0,295.0,-110.0,-110.0,43.5,-110,-110,-375,295,-110,-110,-110.0,-110.0,,,-110.0,-110.0,,,,,,,,,,,,,,,,,,,,,,,,,,,,,,,,,,,,,,,,,,
NFL,2026-08-08 18:28:33,2026-10-04 16:25,a7e7efb75a9792ac63480ae6328dca18,San Francisco 49ers,Denver Broncos,No,930.4,No,NFC,West,AFC,West,-110.0,-110.0,-2.5,2.5,-135.0,114.0,-110.0,-110.0,46.5,-110,-110,-135,114,-110,-110,-110.0,-110.0,,,-110.0,-110.0,,,,,,,,,,,,,,,,,,,,,,,,,,,,,,,,,,,,,,,,,,
NFL,2026-08-08 18:28:33,2026-10-04 16:25,e0cbd266dcf997089203a1b33ba0333d,Las Vegas Raiders,Kansas City Chiefs,Yes,1151.8,No,AFC,West,AFC,West,-110.0,-110.0,5.5,-5.5,200.0,-245.0,-110.0,-110.0,43.5,-110,-110,200,-245,-110,-110,-110.0,-110.0,,,-110.0,-110.0,,,,,,,,,,,,,,,,,,,,,,,,,,,,,,,,,,,,,,,,,,
NFL,2026-08-08 18:28:33,2026-10-04 16:25,96d2373cda647873b971f268482bced0,Seattle Seahawks,Los Angeles Chargers,No,964.0,No,NFC,West,AFC,West,-112.5,-107.5,-3.0,3.0,-175.0,145.0,-110.0,-110.0,45.5,-115,-105,-175,145,-110,-110,-110.0,-110.0,,,-110.0,-110.0,,,,,,,,,,,,,,,,,,,,,,,,,,,,,,,,,,,,,,,,,,
NFL,2026-08-08 18:28:33,2026-10-04 20:20,a73a76599a4f3422803e57bd8f61b626,Carolina Panthers,Detroit Lions,No,504.8,Yes,NFC,South,NFC,North,-110.0,-110.0,3.0,-3.0,136.0,-162.0,-110.0,-110.0,47.5,-110,-110,136,-162,-110,-110,,,,,,,,,,,,,,,,,,,,,,,,,,,,,,,,,,,,,,,,,,,,,,,,
NFL,2026-08-08 18:28:33,2026-10-05 20:15,8bd90781e17e6d97df3941063cedae1e,New Orleans Saints,Atlanta Falcons,Yes,424.5,Yes,NFC,South,NFC,South,-110.0,-110.0,-2.5,2.5,-142.0,120.0,-107.5,-112.5,46.0,-110,-110,-142,120,-105,-115,-110.0,-110.0,,,-110.0,-110.0,,,,,,,,,,,,,,,,,,,,,,,,,,,,,,,,,,,,,,,,,,
NFL,2026-08-08 18:28:33,2026-10-08 20:15,259b5df9aa0d10257f56de78523495e0,Dallas Cowboys,Tampa Bay Buccaneers,No,930.5,Yes,NFC,East,NFC,South,-110.0,-110.0,-3.5,3.5,-192.0,160.0,-110.0,-110.0,52.5,-110,-110,-192,160,-110,-110,-110.0,-110.0,,,-110.0,-110.0,,,,,,,,,,,,,,,,,,,,,,,,,,,,,,,,,,,,,,,,,,
NFL,2026-08-08 18:28:33,2026-10-11 09:30,21b26266f3d78af02eb672e606275d95,Jacksonville Jaguars,Philadelphia Eagles,No,754.6,No,AFC,South,NFC,East,-109.0,-111.0,1.5,-1.5,104.5,-123.5,-107.33,-113.33,44.83,-110,-110,105,-125,-110,-110,-105.0,-115.0,,,-110.0,-110.0,-112.0,-108.0,104.0,-122.0,-102.0,-120.0,,,,,,,,,,,,,,,,,,,,,,,,,,,,,,,,,,,,
NFL,2026-08-08 18:28:33,2026-10-11 13:00,c4647ca1201e6768501877267ca8251b,Miami Dolphins,Cincinnati Bengals,No,938.8,No,AFC,East,AFC,North,-110.0,-110.0,5.75,-5.75,210.0,-258.0,-110.0,-110.0,49.5,-110,-110,210,-258,-110,-110,-110.0,-110.0,,,-110.0,-110.0,,,,,,,,,,,,,,,,,,,,,,,,,,,,,,,,,,,,,,,,,,
NFL,2026-08-08 18:28:33,2026-10-11 13:00,9db4ed15fe34fca1fb62f040cd244591,New York Jets,Cleveland Browns,No,400.4,No,AFC,East,AFC,North,-105.0,-115.0,-2.5,2.5,-130.0,110.0,-110.0,-110.0,39.5,-105,-115,-130,110,-110,-110,,,,,,,,,,,,,,,,,,,,,,,,,,,,,,,,,,,,,,,,,,,,,,,,
NFL,2026-08-08 18:28:33,2026-10-11 13:00,cc52bba56e74f5cddbe9011046181c3d,Tennessee Titans,Houston Texans,Yes,671.5,No,AFC,South,AFC,South,-110.0,-110.0,3.5,-3.5,160.0,-192.0,-110.0,-110.0,43.5,-110,-110,160,-192,-110,-110,-110.0,-110.0,,,-110.0,-110.0,,,,,,,,,,,,,,,,,,,,,,,,,,,,,,,,,,,,,,,,,,
NFL,2026-08-08 18:28:33,2026-10-11 13:00,448d7cf18c6db4c811ed82ded1b72867,Pittsburgh Steelers,Indianapolis Colts,No,329.1,No,AFC,North,AFC,South,-110.0,-110.0,-2.5,2.5,-142.0,120.0,-110.0,-110.0,47.5,-110,-110,-142,120,-110,-110,-110.0,-110.0,,,-110.0,-110.0,,,,,,,,,,,,,,,,,,,,,,,,,,,,,,,,,,,,,,,,,,
NFL,2026-08-08 18:28:33,2026-10-11 13:00,6b024bad1abb54f597225e4ab9b39d89,New England Patriots,Las Vegas Raiders,No,2370.4,No,AFC,East,AFC,West,-110.0,-110.0,-8.5,8.5,-395.0,310.0,-110.0,-110.0,44.5,-110,-110,-395,310,-110,-110,-110.0,-110.0,,,-110.0,-110.0,,,,,,,,,,,,,,,,,,,,,,,,,,,,,,,,,,,,,,,,,,
NFL,2026-08-08 18:28:33,2026-10-11 13:00,2cda9bf0fbe35a2735f0dd8aaafe9eff,New Orleans Saints,Minnesota Vikings,No,1050.4,No,NFC,South,NFC,North,-112.5,-107.5,1.5,-1.5,105.0,-125.0,-110.0,-110.0,44.5,-110,-110,105,-125,-110,-110,-115.0,-105.0,,,-110.0,-110.0,,,,,,,,,,,,,,,,,,,,,,,,,,,,,,,,,,,,,,,,,,
NFL,2026-08-08 18:28:33,2026-10-11 13:00,fbffd0b7722fd81d68d5d62472dc80e8,Washington Commanders,New York Giants,Yes,198.2,No,NFC,East,NFC,East,-107.5,-112.5,-2.5,2.5,-130.0,110.0,-110.0,-110.0,48.5,-105,-115,-130,110,-110,-110,-110.0,-110.0,,,-110.0,-110.0,,,,,,,,,,,,,,,,,,,,,,,,,,,,,,,,,,,,,,,,,,
NFL,2026-08-08 18:28:33,2026-10-11 16:05,d1d408fdfd272046fb517fe992a1c5a0,Los Angeles Chargers,Denver Broncos,Yes,837.9,No,AFC,West,AFC,West,-110.0,-110.0,-2.5,2.5,-135.0,114.0,-110.0,-110.0,44.5,-110,-110,-135,114,-110,-110,-110.0,-110.0,,,-110.0,-110.0,,,,,,,,,,,,,,,,,,,,,,,,,,,,,,,,,,,,,,,,,,
NFL,2026-08-08 18:28:33,2026-10-11 16:25,f8e7f43f73aa983c5c99c189587f0118,Arizona Cardinals,Detroit Lions,No,1697.4,No,NFC,West,NFC,North,-110.0,-110.0,8.5,-8.5,300.0,-380.0,-110.0,-110.0,48.5,-110,-110,300,-380,-110,-110,,,,,,,,,,,,,,,,,,,,,,,,,,,,,,,,,,,,,,,,,,,,,,,,
NFL,2026-08-08 18:28:33,2026-10-11 16:25,2caea57b1e5cfbba1334cfbfd46f6771,Green Bay Packers,Chicago Bears,Yes,183.6,No,NFC,North,NFC,North,-110.0,-110.0,-3.0,3.0,-166.0,140.0,-110.0,-110.0,49.5,-110,-110,-166,140,-110,-110,,,,,,,,,,,,,,,,,,,,,,,,,,,,,,,,,,,,,,,,,,,,,,,,
NFL,2026-08-08 18:28:33,2026-10-11 16:25,8e5d515b10d8a5ffb324640ed60bcc55,Seattle Seahawks,San Francisco 49ers,Yes,703.7,No,NFC,West,NFC,West,-110.0,-110.0,-3.5,3.5,-198.0,164.0,-110.0,-110.0,48.5,-110,-110,-198,164,-110,-110,-110.0,-110.0,,,-110.0,-110.0,,,,,,,,,,,,,,,,,,,,,,,,,,,,,,,,,,,,,,,,,,
NFL,2026-08-08 18:28:33,2026-10-11 20:20,86457f91112732f21ad4bb7d37bd291c,Atlanta Falcons,Baltimore Ravens,No,576.1,Yes,NFC,South,AFC,North,-110.0,-110.0,4.5,-4.5,170.0,-205.0,-110.0,-110.0,48.5,-110,-110,170,-205,-110,-110,-110.0,-110.0,,,-110.0,-110.0,,,,,,,,,,,,,,,,,,,,,,,,,,,,,,,,,,,,,,,,,,
NFL,2026-08-08 18:28:33,2026-10-12 20:15,e6d00eedd87d367e510314bd8cab8f6f,Los Angeles Rams,Buffalo Bills,No,2210.2,Yes,NFC,West,AFC,East,-110.0,-110.0,-3.0,3.0,-155.0,130.0,-110.0,-110.0,53.5,-110,-110,-155,130,-110,-110,,,,,,,,,,,,,,,,,,,,,,,,,,,,,,,,,,,,,,,,,,,,,,,,
NFL,2026-08-08 18:28:33,2026-10-15 20:15,855f58fad5f0f14b239f4f63df27998b,Denver Broncos,Seattle Seahawks,No,1019.5,Yes,AFC,West,NFC,West,-110.0,-110.0,2.0,-2.0,110.0,-130.0,-110.0,-110.0,43.5,-105,-115,110,-130,-110,-110,-115.0,-105.0,,,-110.0,-110.0,,,,,,,,,,,,,,,,,,,,,,,,,,,,,,,,,,,,,,,,,,
NFL,2026-08-08 18:28:33,2026-10-18 09:30,57418b2cf5aca558b3c98eafac1e264a,Jacksonville Jaguars,Houston Texans,Yes,826.4,No,AFC,South,AFC,South,27.33,-48.0,-0.5,0.5,-108.0,-110.0,-111.67,-108.33,41.5,102,-122,-112,-108,-110,-110,-120.0,100.0,,,-110.0,-110.0,100.0,-122.0,-104.0,-112.0,-115.0,-105.0,,,,,,,,,,,,,,,,,,,,,,,,,,,,,,,,,,,,
NFL,2026-08-08 18:28:33,2026-10-18 13:00,7c312fdf24fb35f58b0e07c2932cc997,Atlanta Falcons,Chicago Bears,No,586.0,No,NFC,South,NFC,North,-110.0,-110.0,3.0,-3.0,130.0,-155.0,-110.0,-110.0,47.5,-110,-110,130,-155,-110,-110,,,,,,,,,,,,,,,,,,,,,,,,,,,,,,,,,,,,,,,,,,,,,,,,
NFL,2026-08-08 18:28:33,2026-10-18 13:00,e86227938fd3cf008fc5648fb5128344,Cleveland Browns,Baltimore Ravens,Yes,308.7,No,AFC,North,AFC,North,-110.0,-110.0,6.5,-6.5,220.0,-270.0,-110.0,-110.0,44.5,-110,-110,220,-270,-110,-110,,,,,,,,,,,,,,,,,,,,,,,,,,,,,,,,,,,,,,,,,,,,,,,,
NFL,2026-08-08 18:28:33,2026-10-18 13:00,caca2d752fe1a1779029082e95332fcc,Philadelphia Eagles,Carolina Panthers,No,448.6,No,NFC,East,NFC,South,-110.0,-110.0,-6.5,6.5,-270.0,220.0,-110.0,-110.0,43.5,-110,-110,-270,220,-110,-110,-110.0,-110.0,,,-110.0,-110.0,,,,,,,,,,,,,,,,,,,,,,,,,,,,,,,,,,,,,,,,,,
NFL,2026-08-08 18:28:33,2026-10-18 13:00,84aa9e190e625d7e9cd67e1f157a45b4,Indianapolis Colts,Tennessee Titans,Yes,250.1,No,AFC,South,AFC,South,-110.0,-110.0,-3.5,3.5,-192.0,160.0,-110.0,-110.0,48.0,-110,-110,-192,160,-110,-110,-110.0,-110.0,,,-110.0,-110.0,,,,,,,,,,,,,,,,,,,,,,,,,,,,,,,,,,,,,,,,,,
NFL,2026-08-08 18:28:33,2026-10-18 13:00,0b0b582b32b09ab6ff6664ffae0c9653,New England Patriots,New York Jets,Yes,170.4,No,AFC,East,AFC,East,-110.0,-110.0,-9.5,9.5,-470.0,360.0,-110.0,-110.0,42.5,-110,-110,-470,360,-110,-110,,,,,,,,,,,,,,,,,,,,,,,,,,,,,,,,,,,,,,,,,,,,,,,,
NFL,2026-08-08 18:28:33,2026-10-18 13:00,1cf74afd313e9fd300e1462012b174cb,New York Giants,New Orleans Saints,No,1170.3,No,NFC,East,NFC,South,-112.5,-107.5,-2.5,2.5,-135.0,114.0,-110.0,-110.0,45.0,-110,-110,-135,114,-110,-110,-115.0,-105.0,,,-110.0,-110.0,,,,,,,,,,,,,,,,,,,,,,,,,,,,,,,,,,,,,,,,,,
NFL,2026-08-08 18:28:33,2026-10-18 13:00,27f3994841ce8081c0b7349cf3d1e3d7,Tampa Bay Buccaneers,Pittsburgh Steelers,No,871.2,No,NFC,South,AFC,North,-110.0,-110.0,-1.5,1.5,-125.0,105.0,-110.0,-110.0,45.5,-110,-110,-125,105,-110,-110,-110.0,-110.0,,,-110.0,-110.0,,,,,,,,,,,,,,,,,,,,,,,,,,,,,,,,,,,,,,,,,,
NFL,2026-08-08 18:28:33,2026-10-18 16:05,3729ac6d2a66b642850caf2044cdc658,Los Angeles Rams,Arizona Cardinals,Yes,351.1,No,NFC,West,NFC,West,-110.0,-110.0,-13.5,13.5,-700.0,500.0,-110.0,-110.0,47.5,-110,-110,-700,500,-110,-110,,,,,,,,,,,,,,,,,,,,,,,,,,,,,,,,,,,,,,,,,,,,,,,,
NFL,2026-08-08 18:28:33,2026-10-18 16:25,45b2690b350ed45145c7a716b18e8e66,Las Vegas Raiders,Buffalo Bills,No,1984.5,No,AFC,West,AFC,East,-110.0,-110.0,6.5,-6.5,225.0,-278.0,-110.0,-110.0,47.5,-110,-110,225,-278,-110,-110,,,,,,,,,,,,,,,,,,,,,,,,,,,,,,,,,,,,,,,,,,,,,,,,
NFL,2026-08-08 18:28:33,2026-10-18 16:25,20fefae8c296247460ba5773caa42218,Kansas City Chiefs,Los Angeles Chargers,Yes,1369.2,No,AFC,West,AFC,West,-110.0,-110.0,-2.5,2.5,-142.0,120.0,-110.0,-110.0,46.5,-110,-110,-142,120,-110,-110,-110.0,-110.0,,,-110.0,-110.0,,,,,,,,,,,,,,,,,,,,,,,,,,,,,,,,,,,,,,,,,,
NFL,2026-08-08 18:28:33,2026-10-18 20:20,82fd5a159fa130e67abab93a9537f70b,Green Bay Packers,Dallas Cowboys,No,945.3,Yes,NFC,North,NFC,East,-110.0,-110.0,-3.0,3.0,-166.0,140.0,-110.0,-110.0,51.5,-110,-110,-166,140,-110,-110,-110.0,-110.0,,,-110.0,-110.0,,,,,,,,,,,,,,,,,,,,,,,,,,,,,,,,,,,,,,,,,,
NFL,2026-08-08 18:28:33,2026-10-19 20:15,f122527f003276d3bca19efa48c902c1,San Francisco 49ers,Washington Commanders,No,2433.4,Yes,NFC,West,NFC,East,-110.0,-110.0,-5.5,5.5,-245.0,200.0,-110.0,-110.0,50.5,-110,-110,-245,200,-110,-110,-110.0,-110.0,,,-110.0,-110.0,,,,,,,,,,,,,,,,,,,,,,,,,,,,,,,,,,,,,,,,,,
NFL,2026-08-08 18:28:33,2026-10-22 20:15,ffebea881c1d7b2dfb85b3e590c35985,Chicago Bears,New England Patriots,No,841.0,Yes,NFC,North,AFC,East,-110.0,-110.0,-1.5,1.5,-125.0,105.0,-110.0,-110.0,47.5,-110,-110,-125,105,-110,-110,,,,,,,,,,,,,,,,,,,,,,,,,,,,,,,,,,,,,,,,,,,,,,,,
NFL,2026-08-08 18:28:33,2026-10-25 09:30,2e710ea5a306b614f0f966e3d78732f8,New Orleans Saints,Pittsburgh Steelers,No,919.5,No,NFC,South,AFC,North,-110.0,-110.0,2.17,-2.17,115.0,-136.0,-111.67,-108.33,41.83,-110,-110,120,-142,-110,-110,-115.0,-105.0,,,-110.0,-110.0,-105.0,-115.0,110.0,-130.0,-115.0,-105.0,,,,,,,,,,,,,,,,,,,,,,,,,,,,,,,,,,,,
NFL,2026-08-08 18:28:33,2026-10-25 13:00,b1be064fb52a198a62109c279e7ab24c,Atlanta Falcons,San Francisco 49ers,No,2116.8,No,NFC,South,NFC,West,-110.0,-110.0,4.5,-4.5,180.0,-218.0,-110.0,-110.0,47.5,-110,-110,180,-218,-110,-110,-110.0,-110.0,,,-110.0,-110.0,,,,,,,,,,,,,,,,,,,,,,,,,,,,,,,,,,,,,,,,,,
NFL,2026-08-08 18:28:33,2026-10-25 13:00,550ec5290f935d311995affbcb0b5c79,Baltimore Ravens,Cincinnati Bengals,Yes,423.8,No,AFC,North,AFC,North,-110.0,-110.0,-3.5,3.5,-192.0,160.0,-110.0,-110.0,52.0,-110,-110,-192,160,-110,-110,-110.0,-110.0,,,-110.0,-110.0,,,,,,,,,,,,,,,,,,,,,,,,,,,,,,,,,,,,,,,,,,
NFL,2026-08-08 18:28:33,2026-10-25 13:00,2823e986597c449ab94126cd5ed3fae9,Carolina Panthers,Tampa Bay Buccaneers,Yes,508.8,No,NFC,South,NFC,South,-112.5,-107.5,1.5,-1.5,105.0,-125.0,-110.0,-110.0,45.5,-110,-110,105,-125,-110,-110,-115.0,-105.0,,,-110.0,-110.0,,,,,,,,,,,,,,,,,,,,,,,,,,,,,,,,,,,,,,,,,,
NFL,2026-08-08 18:28:33,2026-10-25 13:00,5dce18baccec5d3ad5fb3a3ce52f7619,Tennessee Titans,Cleveland Browns,No,458.6,No,AFC,South,AFC,North,-110.0,-110.0,-2.5,2.5,-135.0,114.0,-110.0,-110.0,40.5,-110,-110,-135,114,-110,-110,,,,,,,,,,,,,,,,,,,,,,,,,,,,,,,,,,,,,,,,,,,,,,,,
NFL,2026-08-08 18:28:33,2026-10-25 13:00,2bba7fde6f97d0e54403d53676e4ab63,Houston Texans,New York Giants,No,1423.9,No,AFC,South,NFC,East,-110.0,-110.0,-5.5,5.5,-230.0,190.0,-110.0,-110.0,43.5,-110,-110,-230,190,-110,-110,-110.0,-110.0,,,-110.0,-110.0,,,,,,,,,,,,,,,,,,,,,,,,,,,,,,,,,,,,,,,,,,
NFL,2026-08-08 18:28:33,2026-10-25 13:00,f3992ad4496724baf7dcd1ef58245d6b,Minnesota Vikings,Indianapolis Colts,No,510.8,No,NFC,North,AFC,South,-107.5,-112.5,-2.75,2.75,-142.0,120.0,-110.0,-110.0,47.0,-110,-110,-142,120,-110,-110,-105.0,-115.0,,,-110.0,-110.0,,,,,,,,,,,,,,,,,,,,,,,,,,,,,,,,,,,,,,,,,,
NFL,2026-08-08 18:28:33,2026-10-25 13:00,be5dd120ca08b43d647b6caa8953500a,New York Jets,Miami Dolphins,Yes,1083.3,No,AFC,East,AFC,East,-110.0,-110.0,-2.5,2.5,-135.0,114.0,-110.0,-110.0,41.5,-110,-110,-135,114,-110,-110,,,,,,,,,,,,,,,,,,,,,,,,,,,,,,,,,,,,,,,,,,,,,,,,
NFL,2026-08-08 18:28:33,2026-10-25 16:05,436119bb3ccdaa6ed7808aa3ebd82b76,Arizona Cardinals,Denver Broncos,No,587.6,No,NFC,West,AFC,West,-110.0,-110.0,7.5,-7.5,295.0,-375.0,-110.0,-110.0,43.5,-110,-110,295,-375,-110,-110,-110.0,-110.0,,,-110.0,-110.0,,,,,,,,,,,,,,,,,,,,,,,,,,,,,,,,,,,,,,,,,,
NFL,2026-08-08 18:28:33,2026-10-25 16:25,e8e5715eefb6a9ce64765e9ddf49c0cc,Detroit Lions,Green Bay Packers,Yes,293.2,No,NFC,North,NFC,North,-110.0,-110.0,-2.5,2.5,-142.0,120.0,-110.0,-110.0,50.5,-110,-110,-142,120,-110,-110,,,,,,,,,,,,,,,,,,,,,,,,,,,,,,,,,,,,,,,,,,,,,,,,
NFL,2026-08-08 18:28:33,2026-10-25 16:25,f7679cf18454e4d88a8f2b990c3f08ac,Las Vegas Raiders,Los Angeles Rams,No,231.8,No,AFC,West,NFC,West,-110.0,-110.0,7.5,-7.5,275.0,-345.0,-110.0,-110.0,46.5,-110,-110,275,-345,-110,-110,,,,,,,,,,,,,,,,,,,,,,,,,,,,,,,,,,,,,,,,,,,,,,,,
NFL,2026-08-08 18:28:33,2026-10-25 20:20,176d474ed8b2bbf1eb4d7e9c56b4bf22,Seattle Seahawks,Kansas City Chiefs,No,1512.0,Yes,NFC,West,AFC,West,-107.5,-112.5,-3.0,3.0,-166.0,140.0,-110.0,-110.0,45.5,-110,-110,-166,140,-110,-110,-105.0,-115.0,,,-110.0,-110.0,,,,,,,,,,,,,,,,,,,,,,,,,,,,,,,,,,,,,,,,,,
NFL,2026-08-08 18:28:33,2026-10-26 20:15,4853610e63c246f2027a6a248e642c9a,Philadelphia Eagles,Dallas Cowboys,Yes,1314.7,Yes,NFC,East,NFC,East,-110.0,-110.0,-3.0,3.0,-162.0,136.0,-110.0,-110.0,48.5,-110,-110,-162,136,-110,-110,-110.0,-110.0,,,-110.0,-110.0,,,,,,,,,,,,,,,,,,,,,,,,,,,,,,,,,,,,,,,,,,
NFL,2026-08-08 18:28:33,2026-10-29 20:15,ab2865e9f2d4b012de8bc6fb6de11a7c,Green Bay Packers,Carolina Panthers,No,745.3,Yes,NFC,North,NFC,South,-110.0,-110.0,-7.0,7.0,-325.0,260.0,-110.0,-110.0,45.5,-110,-110,-325,260,-110,-110,-110.0,-110.0,,,-110.0,-110.0,,,,,,,,,,,,,,,,,,,,,,,,,,,,,,,,,,,,,,,,,,
NFL,2026-08-08 18:28:33,2026-11-01 13:00,9255ca8f32aea590d00aa57de79f6bb6,Dallas Cowboys,Arizona Cardinals,No,880.3,No,NFC,East,NFC,West,-110.0,-110.0,-10.5,10.5,-485.0,370.0,-110.0,-110.0,48.5,-110,-110,-485,370,-110,-110,-110.0,-110.0,,,-110.0,-110.0,,,,,,,,,,,,,,,,,,,,,,,,,,,,,,,,,,,,,,,,,,
NFL,2026-08-08 18:28:33,2026-11-01 13:00,921859689f5f8b3b8b1caf4248bdb1ec,Tampa Bay Buccaneers,Atlanta Falcons,Yes,413.8,No,NFC,South,NFC,South,-110.0,-110.0,-4.5,4.5,-218.0,180.0,-110.0,-110.0,46.5,-110,-110,-218,180,-110,-110,-110.0,-110.0,,,-110.0,-110.0,,,,,,,,,,,,,,,,,,,,,,,,,,,,,,,,,,,,,,,,,,
NFL,2026-08-08 18:28:33,2026-11-01 13:00,c93c421e5fa46031a43162d111d981d0,Buffalo Bills,Baltimore Ravens,No,266.4,No,AFC,East,AFC,North,-110.0,-110.0,-2.5,2.5,-135.0,114.0,-110.0,-110.0,51.5,-110,-110,-135,114,-110,-110,,,,,,,,,,,,,,,,,,,,,,,,,,,,,,,,,,,,,,,,,,,,,,,,
NFL,2026-08-08 18:28:33,2026-11-01 13:00,9c5d8f57e0ba0fbd9ef436c1f0898f99,Cincinnati Bengals,Tennessee Titans,No,236.8,No,AFC,North,AFC,South,-112.5,-107.5,-6.5,6.5,-278.0,225.0,-110.0,-110.0,49.5,-110,-110,-278,225,-110,-110,-115.0,-105.0,,,-110.0,-110.0,,,,,,,,,,,,,,,,,,,,,,,,,,,,,,,,,,,,,,,,,,
NFL,2026-08-08 18:28:33,2026-11-01 13:00,ab5ab731ab655bd6308bc7a922275518,Pittsburgh Steelers,Cleveland Browns,Yes,114.4,No,AFC,North,AFC,North,-110.0,-110.0,-6.0,6.0,-258.0,210.0,-110.0,-110.0,39.5,-110,-110,-258,210,-110,-110,,,,,,,,,,,,,,,,,,,,,,,,,,,,,,,,,,,,,,,,,,,,,,,,
NFL,2026-08-08 18:28:33,2026-11-01 13:00,52e7ee9c42525e6deec02da32dc2fad8,Detroit Lions,Minnesota Vikings,Yes,542.8,No,NFC,North,NFC,North,-110.0,-110.0,-4.5,4.5,-218.0,180.0,-110.0,-110.0,47.5,-110,-110,-218,180,-110,-110,,,,,,,,,,,,,,,,,,,,,,,,,,,,,,,,,,,,,,,,,,,,,,,,
NFL,2026-08-08 18:28:33,2026-11-01 13:00,159dbf0253dd2038eda2212f84387f0c,Jacksonville Jaguars,Indianapolis Colts,Yes,699.0,No,AFC,South,AFC,South,-110.0,-110.0,-4.5,4.5,-218.0,180.0,-110.0,-110.0,49.5,-110,-110,-218,180,-110,-110,-110.0,-110.0,,,-110.0,-110.0,,,,,,,,,,,,,,,,,,,,,,,,,,,,,,,,,,,,,,,,,,
NFL,2026-08-08 18:28:33,2026-11-01 13:00,98f1b121b793977434c046e76c707145,New York Jets,Las Vegas Raiders,No,2232.7,No,AFC,East,AFC,West,-110.0,-110.0,-1.5,1.5,-125.0,105.0,-110.0,-110.0,40.5,-110,-110,-125,105,-110,-110,,,,,,,,,,,,,,,,,,,,,,,,,,,,,,,,,,,,,,,,,,,,,,,,
NFL,2026-08-08 18:28:33,2026-11-01 16:05,2ff84d3f6053d083c8c0a5bebf7cdd4c,Los Angeles Rams,Los Angeles Chargers,No,0.0,No,NFC,West,AFC,West,-102.0,-118.0,-4.5,4.5,-198.0,164.0,-110.0,-110.0,48.5,-102,-118,-198,164,-110,-110,,,,,,,,,,,,,,,,,,,,,,,,,,,,,,,,,,,,,,,,,,,,,,,,
NFL,2026-08-08 18:28:33,2026-11-01 16:25,f2a036d5edf483a277880014861e78ad,Denver Broncos,Kansas City Chiefs,Yes,565.7,No,AFC,West,AFC,West,-107.5,-112.5,-1.5,1.5,-125.0,105.0,-110.0,-110.0,43.5,-110,-110,-125,105,-110,-110,-105.0,-115.0,,,-110.0,-110.0,,,,,,,,,,,,,,,,,,,,,,,,,,,,,,,,,,,,,,,,,,
NFL,2026-08-08 18:28:33,2026-11-01 16:25,05405af79752f5e742cdf50b61f6745e,Miami Dolphins,New England Patriots,Yes,1223.7,No,AFC,East,AFC,East,-110.0,-110.0,7.0,-7.0,260.0,-325.0,-110.0,-110.0,45.5,-110,-110,260,-325,-110,-110,-110.0,-110.0,,,-110.0,-110.0,,,,,,,,,,,,,,,,,,,,,,,,,,,,,,,,,,,,,,,,,,
NFL,2026-08-08 18:28:33,2026-11-01 20:20,b9c60db63b1a19ad319f24b33c0defe8,Washington Commanders,Philadelphia Eagles,Yes,113.8,Yes,NFC,East,NFC,East,-110.0,-110.0,2.0,-2.0,105.0,-125.0,-110.0,-110.0,46.5,-110,-110,105,-125,-110,-110,-110.0,-110.0,,,-110.0,-110.0,,,,,,,,,,,,,,,,,,,,,,,,,,,,,,,,,,,,,,,,,,
NFL,2026-08-08 18:28:33,2026-11-02 20:20,7d664fbcd39350e559d83c0068ba7169,Seattle Seahawks,Chicago Bears,No,1738.5,Yes,NFC,West,NFC,North,-110.0,-110.0,-4.5,4.5,-225.0,185.0,-110.0,-110.0,47.5,-110,-110,-225,185,-110,-110,,,,,,,,,,,,,,,,,,,,,,,,,,,,,,,,,,,,,,,,,,,,,,,,
NFL,2026-08-08 18:28:33,2026-11-05 20:15,c75744790b7acf6260c78ba5e739c0e5,Baltimore Ravens,Jacksonville Jaguars,No,679.6,Yes,AFC,North,AFC,South,-110.0,-110.0,-4.5,4.5,-205.0,170.0,-110.0,-110.0,49.5,-110,-110,-205,170,-110,-110,-110.0,-110.0,,,-110.0,-110.0,,,,,,,,,,,,,,,,,,,,,,,,,,,,,,,,,,,,,,,,,,
NFL,2026-08-08 18:28:33,2026-11-08 09:30,dc56d980f527ffeef89940133b211b13,Atlanta Falcons,Cincinnati Bengals,No,368.3,No,NFC,South,AFC,North,-105.67,-115.0,4.5,-4.5,187.0,-225.0,-108.33,-111.67,49.17,-110,-110,190,-230,-110,-110,-105.0,-115.0,,,-110.0,-110.0,-102.0,-120.0,184.0,-220.0,-105.0,-115.0,,,,,,,,,,,,,,,,,,,,,,,,,,,,,,,,,,,,
NFL,2026-08-08 18:28:33,2026-11-08 13:00,014282b888c741b7d70c857c09f40aa7,Carolina Panthers,Denver Broncos,No,1359.7,No,NFC,South,AFC,West,-110.0,-110.0,3.0,-3.0,136.0,-162.0,-110.0,-110.0,42.5,-110,-110,136,-162,-110,-110,-110.0,-110.0,,,-110.0,-110.0,,,,,,,,,,,,,,,,,,,,,,,,,,,,,,,,,,,,,,,,,,
NFL,2026-08-08 18:28:33,2026-11-08 13:00,e571bab6736f9338130a78a4f75c3231,New Orleans Saints,Cleveland Browns,No,924.5,No,NFC,South,AFC,North,-115.0,-105.0,-3.5,3.5,-205.0,170.0,-110.0,-110.0,41.5,-115,-105,-205,170,-110,-110,,,,,,,,,,,,,,,,,,,,,,,,,,,,,,,,,,,,,,,,,,,,,,,,
NFL,2026-08-08 18:28:33,2026-11-08 13:00,415fc42e72888c63e82f7bce24c65391,Indianapolis Colts,Dallas Cowboys,No,777.7,No,AFC,South,NFC,East,-110.0,-110.0,1.5,-1.5,105.0,-125.0,-110.0,-110.0,52.5,-110,-110,105,-125,-110,-110,-110.0,-110.0,,,-110.0,-110.0,,,,,,,,,,,,,,,,,,,,,,,,,,,,,,,,,,,,,,,,,,
NFL,2026-08-08 18:28:33,2026-11-08 13:00,44d8c37868b700e90f816db7c5df5cdd,Miami Dolphins,Detroit Lions,No,1140.4,No,AFC,East,NFC,North,-110.0,-110.0,6.5,-6.5,215.0,-265.0,-110.0,-110.0,47.5,-110,-110,215,-265,-110,-110,,,,,,,,,,,,,,,,,,,,,,,,,,,,,,,,,,,,,,,,,,,,,,,,
NFL,2026-08-08 18:28:33,2026-11-08 13:00,e354e6a04b1cb9c96e549b863debb92e,Kansas City Chiefs,New York Jets,No,1088.4,No,AFC,West,AFC,East,-110.0,-110.0,-9.5,9.5,-425.0,330.0,-110.0,-110.0,41.5,-110,-110,-425,330,-110,-110,,,,,,,,,,,,,,,,,,,,,,,,,,,,,,,,,,,,,,,,,,,,,,,,
NFL,2026-08-08 18:28:33,2026-11-08 13:00,89de07377e0aa8ffaa2ae6a7dc0855cc,Washington Commanders,Los Angeles Rams,No,2316.0,No,NFC,East,NFC,West,-105.0,-115.0,4.5,-4.5,180.0,-218.0,-110.0,-110.0,50.5,-105,-115,180,-218,-110,-110,,,,,,,,,,,,,,,,,,,,,,,,,,,,,,,,,,,,,,,,,,,,,,,,
NFL,2026-08-08 18:28:33,2026-11-08 13:00,fe93e6ab1e553c0169936a0a983c324f,Philadelphia Eagles,New York Giants,Yes,85.4,No,NFC,East,NFC,East,-110.0,-110.0,-5.5,5.5,-238.0,195.0,-110.0,-110.0,44.5,-110,-110,-238,195,-110,-110,-110.0,-110.0,,,-110.0,-110.0,,,,,,,,,,,,,,,,,,,,,,,,,,,,,,,,,,,,,,,,,,
NFL,2026-08-08 18:28:33,2026-11-08 16:05,39aeac43cea7b12558b91cdab1255a10,Los Angeles Chargers,Houston Texans,No,1377.4,No,AFC,West,AFC,South,-112.5,-107.5,-2.0,2.0,-135.0,114.0,-110.0,-110.0,43.5,-110,-110,-135,114,-110,-110,-115.0,-105.0,,,-110.0,-110.0,,,,,,,,,,,,,,,,,,,,,,,,,,,,,,,,,,,,,,,,,,
NFL,2026-08-08 18:28:33,2026-11-08 16:05,ac9d38a18d5c92814233a31aa9a48d78,San Francisco 49ers,Las Vegas Raiders,No,387.2,No,NFC,West,AFC,West,-110.0,-110.0,-8.5,8.5,-395.0,310.0,-110.0,-110.0,46.5,-110,-110,-395,310,-110,-110,-110.0,-110.0,,,-110.0,-110.0,,,,,,,,,,,,,,,,,,,,,,,,,,,,,,,,,,,,,,,,,,
NFL,2026-08-08 18:28:33,2026-11-08 16:25,240e23b02b1e3fef655d04a286b5a623,Seattle Seahawks,Arizona Cardinals,Yes,1103.7,No,NFC,West,NFC,West,-110.0,-110.0,-13.5,13.5,-700.0,500.0,-110.0,-110.0,45.5,-110,-110,-700,500,-110,-110,-110.0,-110.0,,,-110.0,-110.0,,,,,,,,,,,,,,,,,,,,,,,,,,,,,,,,,,,,,,,,,,
NFL,2026-08-08 18:28:33,2026-11-08 16:25,2922c573ec3df8466c4a34975e446898,New England Patriots,Green Bay Packers,No,861.6,No,AFC,East,NFC,North,-110.0,-110.0,-1.5,1.5,-125.0,105.0,-110.0,-110.0,46.5,-110,-110,-125,105,-110,-110,-110.0,-110.0,,,-110.0,-110.0,,,,,,,,,,,,,,,,,,,,,,,,,,,,,,,,,,,,,,,,,,
NFL,2026-08-08 18:28:33,2026-11-08 20:20,9760d8f19f84bfee300a74ceb656c95d,Chicago Bears,Tampa Bay Buccaneers,No,999.8,Yes,NFC,North,NFC,South,-110.0,-110.0,-3.5,3.5,-192.0,160.0,-110.0,-110.0,48.5,-110,-110,-192,160,-110,-110,,,,,,,,,,,,,,,,,,,,,,,,,,,,,,,,,,,,,,,,,,,,,,,,
NFL,2026-08-08 18:28:33,2026-11-09 20:15,17ad7eff2f7875e20a8109abe40470e3,Minnesota Vikings,Buffalo Bills,No,737.5,Yes,NFC,North,AFC,East,-110.0,-110.0,3.0,-3.0,140.0,-166.0,-110.0,-110.0,48.5,-110,-110,140,-166,-110,-110,,,,,,,,,,,,,,,,,,,,,,,,,,,,,,,,,,,,,,,,,,,,,,,,
NFL,2026-08-08 18:28:33,2026-11-12 20:15,74d39e19225caf211ad2c8eb4110179f,New York Giants,Washington Commanders,Yes,198.2,Yes,NFC,East,NFC,East,-110.0,-110.0,-1.5,1.5,-125.0,105.0,-110.0,-110.0,47.5,-110,-110,-125,105,-110,-110,,,,,,,,,,,,,,,,,,,,,,,,,,,,,,,,,,,,,,,,,,,,,,,,
NFL,2026-08-08 18:28:33,2026-11-15 09:30,b8c10fdf1e0ac4e13deee7f7c0af0b0b,Detroit Lions,New England Patriots,No,604.2,No,NFC,North,AFC,East,-107.0,-114.0,-1.5,1.5,-118.5,0.5,-113.5,-106.5,49.0,-112,-108,-125,105,-112,-108,,,,,,,-102.0,-120.0,-112.0,-104.0,-115.0,-105.0,,,,,,,,,,,,,,,,,,,,,,,,,,,,,,,,,,,,
NFL,2026-08-08 18:28:33,2026-11-15 13:00,3c71d515b726f1096aabb435badb83fd,Atlanta Falcons,Kansas City Chiefs,No,669.5,No,NFC,South,AFC,West,-110.0,-110.0,4.5,-4.5,180.0,-218.0,-110.0,-110.0,45.5,-110,-110,180,-218,-110,-110,,,,,,,,,,,,,,,,,,,,,,,,,,,,,,,,,,,,,,,,,,,,,,,,
NFL,2026-08-08 18:28:33,2026-11-15 13:00,1057d50949844ddf483da9c8c20354be,New York Jets,Buffalo Bills,Yes,278.4,No,AFC,East,AFC,East,-105.0,-115.0,7.0,-7.0,270.0,-340.0,-110.0,-110.0,46.5,-105,-115,270,-340,-110,-110,,,,,,,,,,,,,,,,,,,,,,,,,,,,,,,,,,,,,,,,,,,,,,,,
NFL,2026-08-08 18:28:33,2026-11-15 13:00,e5aa20e1364dd639f042af1c2281bbe2,New Orleans Saints,Carolina Panthers,Yes,649.1,No,NFC,South,NFC,South,-107.5,-112.5,-1.5,1.5,-118.0,-102.0,-110.0,-110.0,43.5,-105,-115,-118,-102,-110,-110,-110.0,-110.0,,,-110.0,-110.0,,,,,,,,,,,,,,,,,,,,,,,,,,,,,,,,,,,,,,,,,,
NFL,2026-08-08 18:28:33,2026-11-15 13:00,be0e03cc42fbc9b6962467b22c7bf9dd,Cleveland Browns,Houston Texans,No,1119.8,No,AFC,North,AFC,South,-110.0,-110.0,4.5,-4.5,180.0,-218.0,-110.0,-110.0,38.5,-110,-110,180,-218,-110,-110,,,,,,,,,,,,,,,,,,,,,,,,,,,,,,,,,,,,,,,,,,,,,,,,
NFL,2026-08-08 18:28:33,2026-11-15 13:00,5d8d85473b87f772a979ecf294acab94,Green Bay Packers,Minnesota Vikings,Yes,257.7,No,NFC,North,NFC,North,-110.0,-110.0,-4.5,4.5,-230.0,190.0,-110.0,-110.0,45.5,-110,-110,-230,190,-110,-110,-110.0,-110.0,,,-110.0,-110.0,,,,,,,,,,,,,,,,,,,,,,,,,,,,,,,,,,,,,,,,,,
NFL,2026-08-08 18:28:33,2026-11-15 13:00,b5700b4d938fd94429f60d4622cc9c0a,Indianapolis Colts,Miami Dolphins,No,1011.0,No,AFC,South,AFC,East,-110.0,-110.0,-6.5,6.5,-285.0,230.0,-110.0,-110.0,47.5,-110,-110,-285,230,-110,-110,,,,,,,,,,,,,,,,,,,,,,,,,,,,,,,,,,,,,,,,,,,,,,,,
NFL,2026-08-08 18:28:33,2026-11-15 13:00,28800df7e768ecec14f116454d560f9b,Tennessee Titans,Jacksonville Jaguars,Yes,500.3,No,AFC,South,AFC,South,-110.0,-110.0,2.5,-2.5,114.0,-135.0,-110.0,-110.0,45.5,-110,-110,114,-135,-110,-110,-110.0,-110.0,,,-110.0,-110.0,,,,,,,,,,,,,,,,,,,,,,,,,,,,,,,,,,,,,,,,,,
NFL,2026-08-08 18:28:33,2026-11-15 16:05,6c932a965110f3f89ec4a5f1a6ac256e,Arizona Cardinals,Los Angeles Rams,Yes,351.1,No,NFC,West,NFC,West,-110.0,-110.0,10.5,-10.5,360.0,-470.0,-110.0,-110.0,47.5,-110,-110,360,-470,-110,-110,,,,,,,,,,,,,,,,,,,,,,,,,,,,,,,,,,,,,,,,,,,,,,,,
NFL,2026-08-08 18:28:33,2026-11-15 16:05,6079a5cbabf99b265a17edfc92a1da60,Las Vegas Raiders,Seattle Seahawks,No,874.6,No,AFC,West,NFC,West,-110.0,-110.0,7.0,-7.0,250.0,-310.0,-110.0,-110.0,43.5,-110,-110,250,-310,-110,-110,-110.0,-110.0,,,-110.0,-110.0,,,,,,,,,,,,,,,,,,,,,,,,,,,,,,,,,,,,,,,,,,
NFL,2026-08-08 18:28:33,2026-11-15 16:25,7627192fd89b05120ab6c712aa23fd81,Dallas Cowboys,San Francisco 49ers,No,1441.3,No,NFC,East,NFC,West,-105.0,-115.0,-1.5,1.5,-118.0,-102.0,-110.0,-110.0,52.5,-105,-115,-118,-102,-110,-110,,,,,,,,,,,,,,,,,,,,,,,,,,,,,,,,,,,,,,,,,,,,,,,,
NFL,2026-08-08 18:28:33,2026-11-15 20:20,48e497c230e6c9afcb3b600091d28e17,Cincinnati Bengals,Pittsburgh Steelers,Yes,257.0,Yes,AFC,North,AFC,North,-110.0,-110.0,-3.5,3.5,-185.0,154.0,-110.0,-110.0,47.5,-110,-110,-185,154,-110,-110,-110.0,-110.0,,,-110.0,-110.0,,,,,,,,,,,,,,,,,,,,,,,,,,,,,,,,,,,,,,,,,,
NFL,2026-08-08 18:28:33,2026-11-16 20:15,35e3bdff558b5d1506251e814986f164,Baltimore Ravens,Los Angeles Chargers,No,2326.9,Yes,AFC,North,AFC,West,-110.0,-110.0,-3.0,3.0,-185.0,154.0,-110.0,-110.0,48.0,-110,-110,-185,154,-110,-110,-110.0,-110.0,,,-110.0,-110.0,,,,,,,,,,,,,,,,,,,,,,,,,,,,,,,,,,,,,,,,,,
NFL,2026-08-08 18:28:33,2026-11-19 20:15,66f9e83cf025d58acee12bce18661fb3,Houston Texans,Indianapolis Colts,Yes,870.3,Yes,AFC,South,AFC,South,-110.0,-110.0,-5.5,5.5,-238.0,195.0,-110.0,-110.0,45.5,-110,-110,-238,195,-110,-110,,,,,,,,,,,,,,,,,,,,,,,,,,,,,,,,,,,,,,,,,,,,,,,,
NFL,2026-08-08 18:28:33,2026-11-22 13:00,403a88701352da05b0710a9e883b803e,Kansas City Chiefs,Arizona Cardinals,No,1060.7,No,AFC,West,NFC,West,-110.0,-110.0,-11.5,11.5,-600.0,440.0,-110.0,-110.0,44.5,-110,-110,-600,440,-110,-110,-110.0,-110.0,,,-110.0,-110.0,,,,,,,,,,,,,,,,,,,,,,,,,,,,,,,,,,,,,,,,,,
NFL,2026-08-08 18:28:33,2026-11-22 13:00,4527f57f5bc32742d8194af1ccf7da7e,Carolina Panthers,Baltimore Ravens,No,363.9,No,NFC,South,AFC,North,-110.0,-110.0,4.5,-4.5,170.0,-205.0,-110.0,-110.0,46.5,-110,-110,170,-205,-110,-110,-110.0,-110.0,,,-110.0,-110.0,,,,,,,,,,,,,,,,,,,,,,,,,,,,,,,,,,,,,,,,,,
NFL,2026-08-08 18:28:33,2026-11-22 13:00,4c5b1c0843a260278e95eb93e7787576,Buffalo Bills,Miami Dolphins,Yes,1162.0,No,AFC,East,AFC,East,-110.0,-110.0,-11.5,11.5,-575.0,425.0,-110.0,-110.0,47.5,-110,-110,-575,425,-110,-110,,,,,,,,,,,,,,,,,,,,,,,,,,,,,,,,,,,,,,,,,,,,,,,,
NFL,2026-08-08 18:28:33,2026-11-22 13:00,3ea90704fb576633bd1e2fa5aafd9ea3,Chicago Bears,New Orleans Saints,No,832.7,No,NFC,North,NFC,South,-110.0,-110.0,-6.5,6.5,-265.0,215.0,-110.0,-110.0,46.5,-110,-110,-265,215,-110,-110,,,,,,,,,,,,,,,,,,,,,,,,,,,,,,,,,,,,,,,,,,,,,,,,
NFL,2026-08-08 18:28:33,2026-11-22 13:00,5e63079b678f8c13419adc169fff02d3,Dallas Cowboys,Tennessee Titans,No,634.4,No,NFC,East,AFC,South,-110.0,-110.0,-6.5,6.5,-285.0,230.0,-110.0,-110.0,48.5,-110,-110,-285,230,-110,-110,,,,,,,,,,,,,,,,,,,,,,,,,,,,,,,,,,,,,,,,,,,,,,,,
NFL,2026-08-08 18:28:33,2026-11-22 13:00,41e2dd69bddd65d7e823d9ed61cc2afc,Detroit Lions,Tampa Bay Buccaneers,No,990.7,No,NFC,North,NFC,South,-110.0,-110.0,-4.5,4.5,-225.0,185.0,-110.0,-110.0,49.5,-110,-110,-225,185,-110,-110,,,,,,,,,,,,,,,,,,,,,,,,,,,,,,,,,,,,,,,,,,,,,,,,
NFL,2026-08-08 18:28:33,2026-11-22 13:00,8ba112fabf4e87639338a5f437c5abfe,New York Giants,Jacksonville Jaguars,No,838.5,No,NFC,East,AFC,South,-110.0,-110.0,1.5,-1.5,102.0,-122.0,-110.0,-110.0,46.5,-110,-110,102,-122,-110,-110,,,,,,,,,,,,,,,,,,,,,,,,,,,,,,,,,,,,,,,,,,,,,,,,
NFL,2026-08-08 18:28:33,2026-11-22 16:05,4b20b742b6168aaca4f25d87f11b1526,Los Angeles Chargers,New York Jets,No,2454.7,No,AFC,West,AFC,East,-110.0,-110.0,-9.5,9.5,-425.0,330.0,-110.0,-110.0,41.5,-110,-110,-425,330,-110,-110,,,,,,,,,,,,,,,,,,,,,,,,,,,,,,,,,,,,,,,,,,,,,,,,
NFL,2026-08-08 18:28:33,2026-11-22 16:25,1940706a79cbcbafacdcbf231069716b,Denver Broncos,Las Vegas Raiders,Yes,609.3,No,AFC,West,AFC,West,-110.0,-110.0,-7.5,7.5,-375.0,295.0,-110.0,-110.0,41.5,-110,-110,-375,295,-110,-110,,,,,,,,,,,,,,,,,,,,,,,,,,,,,,,,,,,,,,,,,,,,,,,,
NFL,2026-08-08 18:28:33,2026-11-22 16:25,cbe45bafcc2615fc1d96cbc12840377a,Philadelphia Eagles,Pittsburgh Steelers,No,259.3,No,NFC,East,AFC,North,-110.0,-110.0,-5.5,5.5,-250.0,205.0,-110.0,-110.0,42.5,-110,-110,-250,205,-110,-110,-110.0,-110.0,,,-110.0,-110.0,,,,,,,,,,,,,,,,,,,,,,,,,,,,,,,,,,,,,,,,,,
NFL,2026-08-08 18:28:33,2026-11-22 20:20,60e1d27b083a335b722c2c852ea85612,San Francisco 49ers,Minnesota Vikings,No,1575.4,Yes,NFC,West,NFC,North,-108.0,-112.67,-3.83,3.83,-201.0,168.0,-108.33,-111.67,46.83,-110,-110,-192,160,-110,-110,-110.0,-110.0,,,-110.0,-110.0,-104.0,-118.0,-210.0,176.0,-105.0,-115.0,,,,,,,,,,,,,,,,,,,,,,,,,,,,,,,,,,,,
NFL,2026-08-08 18:28:33,2026-11-23 20:15,3a60ed1d20004aa4d4772b2c1a2272e7,Washington Commanders,Cincinnati Bengals,No,411.9,Yes,NFC,East,AFC,North,-110.0,-110.0,1.5,-1.5,105.0,-125.0,-110.0,-110.0,52.5,-110,-110,105,-125,-110,-110,-110.0,-110.0,,,-110.0,-110.0,,,,,,,,,,,,,,,,,,,,,,,,,,,,,,,,,,,,,,,,,,
NFL,2026-08-08 18:28:33,2026-11-25 20:00,5b612899d6dcdf998107f2c6c6e49a58,Los Angeles Rams,Green Bay Packers,No,1766.7,Yes,NFC,West,NFC,North,-110.0,-110.0,-5.0,5.0,-232.5,191.5,-109.0,-111.0,48.5,-115,-105,-225,185,-110,-110,,,,,,,-105.0,-115.0,-240.0,198.0,-108.0,-112.0,,,,,,,,,,,,,,,,,,,,,,,,,,,,,,,,,,,,
NFL,2026-08-08 18:28:33,2026-11-26 13:00,9b825e6518156008da499be041975fdd,Detroit Lions,Chicago Bears,Yes,237.2,No,NFC,North,NFC,North,-112.5,-107.5,-2.5,2.5,-138.0,117.0,-111.0,-109.0,53.0,-115,-105,-142,120,-110,-110,,,,,,,-110.0,-110.0,-134.0,114.0,-112.0,-108.0,,,,,,,,,,,,,,,,,,,,,,,,,,,,,,,,,,,,
NFL,2026-08-08 18:28:33,2026-11-26 15:30,ffaa06af56a7137d4b078c5c46c0b730,Dallas Cowboys,Philadelphia Eagles,Yes,1314.7,No,NFC,East,NFC,East,-110.75,-56.75,-1.25,1.25,-122.5,103.5,-113.25,-105.5,49.5,-110,-110,-125,105,-110,-110,,,,,,,-108.0,-112.0,-120.0,102.0,-115.0,-105.0,-110.0,100.0,,,-113.0,-102.0,-115.0,-105.0,,,-115.0,-105.0,,,,,,,,,,,,,,,,,,,,,,,,
NFL,2026-08-08 18:28:33,2026-11-26 20:20,f36f518585aec40e8cb40e071c0844aa,Buffalo Bills,Kansas City Chiefs,No,859.5,Yes,AFC,East,AFC,West,-116.5,-104.5,-2.5,2.5,-150.0,126.0,-107.5,-112.5,50.5,-115,-105,-148,124,-110,-110,,,,,,,-118.0,-104.0,-152.0,128.0,-105.0,-115.0,,,,,,,,,,,,,,,,,,,,,,,,,,,,,,,,,,,,
NFL,2026-08-08 18:28:33,2026-11-27 15:00,44a3bcf5bd002583ddef2207a92dd977,Pittsburgh Steelers,Denver Broncos,No,1321.4,No,AFC,North,AFC,West,-107.5,-112.5,1.5,-1.5,108.5,-128.5,-110.0,-110.0,39.5,-110,-110,105,-125,-110,-110,,,,,,,-105.0,-115.0,112.0,-132.0,-110.0,-110.0,,,,,,,,,,,,,,,,,,,,,,,,,,,,,,,,,,,,
NFL,2026-08-08 18:28:33,2026-11-29 13:00,6a05021bdb6bab24b9bb381ffff10f0c,Minnesota Vikings,Atlanta Falcons,No,906.4,No,NFC,North,NFC,South,-110.0,-110.0,-4.5,4.5,-218.0,180.0,-110.0,-110.0,43.5,-110,-110,-218,180,-110,-110,,,,,,,,,,,,,,,,,,,,,,,,,,,,,,,,,,,,,,,,,,,,,,,,
NFL,2026-08-08 18:28:33,2026-11-29 13:00,60d0c074801985c1062795362a24200e,Houston Texans,Baltimore Ravens,No,1256.0,No,AFC,South,AFC,North,-110.0,-110.0,-1.5,1.5,-125.0,105.0,-110.0,-110.0,45.5,-110,-110,-125,105,-110,-110,,,,,,,,,,,,,,,,,,,,,,,,,,,,,,,,,,,,,,,,,,,,,,,,
NFL,2026-08-08 18:28:33,2026-11-29 13:00,f7d3ae7a8fe2438cef7d7d7bc67e31db,Cincinnati Bengals,New Orleans Saints,No,705.4,No,AFC,North,NFC,South,-110.0,-110.0,-6.5,6.5,-278.0,225.0,-110.0,-110.0,48.5,-110,-110,-278,225,-110,-110,-110.0,-110.0,,,-110.0,-110.0,,,,,,,,,,,,,,,,,,,,,,,,,,,,,,,,,,,,,,,,,,
NFL,2026-08-08 18:28:33,2026-11-29 13:00,eaa993c3d62d6b5aeb6142cdd7862fd5,Cleveland Browns,Las Vegas Raiders,No,1833.6,No,AFC,North,AFC,West,-110.0,-110.0,-1.5,1.5,-125.0,105.0,-110.0,-110.0,39.5,-110,-110,-125,105,-110,-110,,,,,,,,,,,,,,,,,,,,,,,,,,,,,,,,,,,,,,,,,,,,,,,,
NFL,2026-08-08 18:28:33,2026-11-29 13:00,e9da808e36e1b7475698a57465ad4519,Indianapolis Colts,New York Giants,No,642.4,No,AFC,South,NFC,East,-110.0,-110.0,-2.5,2.5,-135.0,114.0,-110.0,-110.0,47.5,-110,-110,-135,114,-110,-110,,,,,,,,,,,,,,,,,,,,,,,,,,,,,,,,,,,,,,,,,,,,,,,,
NFL,2026-08-08 18:28:33,2026-11-29 13:00,81a8fee5b649a3ad5ad59e9528f2f376,Jacksonville Jaguars,Tennessee Titans,Yes,500.3,No,AFC,South,AFC,South,-110.0,-110.0,-5.5,5.5,-245.0,200.0,-110.0,-110.0,45.5,-110,-110,-245,200,-110,-110,-110.0,-110.0,,,-110.0,-110.0,,,,,,,,,,,,,,,,,,,,,,,,,,,,,,,,,,,,,,,,,,
NFL,2026-08-08 18:28:33,2026-11-29 13:00,5ea0e3ea5944b0ad5169f21c0787b331,Miami Dolphins,New York Jets,Yes,1083.3,No,AFC,East,AFC,East,-110.0,-110.0,-1.5,1.5,-125.0,105.0,-110.0,-110.0,40.5,-110,-110,-125,105,-110,-110,,,,,,,,,,,,,,,,,,,,,,,,,,,,,,,,,,,,,,,,,,,,,,,,
NFL,2026-08-08 18:28:33,2026-11-29 16:25,69a1dbe9de3d3212c3a7a55be5d204ab,Arizona Cardinals,Washington Commanders,No,1999.3,No,NFC,West,NFC,East,-110.0,-110.0,4.5,-4.5,180.0,-218.0,-110.0,-110.0,47.5,-110,-110,180,-218,-110,-110,-110.0,-110.0,,,-110.0,-110.0,,,,,,,,,,,,,,,,,,,,,,,,,,,,,,,,,,,,,,,,,,
NFL,2026-08-08 18:28:33,2026-11-29 16:25,d68dced0b26726890b9c79bd19a5ffe5,San Francisco 49ers,Seattle Seahawks,Yes,703.7,No,NFC,West,NFC,West,-12.5,-7.5,0.0,0.0,-110.0,-110.0,-110.0,-110.0,46.5,-125,105,-110,-110,-110,-110,100.0,-120.0,,,-110.0,-110.0,,,,,,,,,,,,,,,,,,,,,,,,,,,,,,,,,,,,,,,,,,
NFL,2026-08-08 18:28:33,2026-11-29 20:20,c64ceba13ede564e8658693e3171e7f9,Los Angeles Chargers,New England Patriots,No,2595.1,Yes,AFC,West,AFC,East,-110.0,-110.0,-2.0,2.0,-125.0,105.0,-110.0,-110.0,45.5,-110,-110,-125,105,-110,-110,-110.0,-110.0,,,-110.0,-110.0,,,,,,,,,,,,,,,,,,,,,,,,,,,,,,,,,,,,,,,,,,
NFL,2026-08-08 18:28:33,2026-11-30 20:15,2cdaecba7c0bff9b58a48a82e6ee17a7,Tampa Bay Buccaneers,Carolina Panthers,Yes,508.8,Yes,NFC,South,NFC,South,-110.0,-110.0,-3.5,3.5,-198.0,164.0,-110.0,-110.0,44.5,-110,-110,-198,164,-110,-110,-110.0,-110.0,,,-110.0,-110.0,,,,,,,,,,,,,,,,,,,,,,,,,,,,,,,,,,,,,,,,,,
NFL,2026-08-08 18:28:33,2026-12-03 20:15,06e52a676b516186989e3b181a37c8a7,Los Angeles Rams,Kansas City Chiefs,No,1369.2,Yes,NFC,West,AFC,West,-102.0,-118.0,-4.5,4.5,-205.0,170.0,-110.0,-110.0,47.5,-102,-118,-205,170,-110,-110,,,,,,,,,,,,,,,,,,,,,,,,,,,,,,,,,,,,,,,,,,,,,,,,
NFL,2026-08-08 18:28:33,2026-12-06 13:00,c94419ba8fb818fc36a5b21b526aab75,Atlanta Falcons,Detroit Lions,No,596.7,No,NFC,South,NFC,North,-110.0,-110.0,3.5,-3.5,154.0,-185.0,-110.0,-110.0,48.5,-110,-110,154,-185,-110,-110,,,,,,,,,,,,,,,,,,,,,,,,,,,,,,,,,,,,,,,,,,,,,,,,
NFL,2026-08-08 18:28:33,2026-12-06 13:00,0236f9aa68d65ea03bd1ca025b749c20,Chicago Bears,Jacksonville Jaguars,No,862.5,No,NFC,North,AFC,South,-105.0,-115.0,-3.0,3.0,-155.0,130.0,-110.0,-110.0,47.5,-105,-115,-155,130,-110,-110,,,,,,,,,,,,,,,,,,,,,,,,,,,,,,,,,,,,,,,,,,,,,,,,
NFL,2026-08-08 18:28:33,2026-12-06 13:00,b447fab53534af892f98a74eae26c1c6,Cleveland Browns,Cincinnati Bengals,Yes,223.1,No,AFC,North,AFC,North,-110.0,-110.0,4.5,-4.5,180.0,-218.0,-110.0,-110.0,45.5,-110,-110,180,-218,-110,-110,,,,,,,,,,,,,,,,,,,,,,,,,,,,,,,,,,,,,,,,,,,,,,,,
NFL,2026-08-08 18:28:33,2026-12-06 13:00,9a55467e1cd6310ae2af20d8154612e1,Denver Broncos,Miami Dolphins,No,1717.0,No,AFC,West,AFC,East,-110.0,-110.0,-9.5,9.5,-470.0,360.0,-110.0,-110.0,42.5,-110,-110,-470,360,-110,-110,,,,,,,,,,,,,,,,,,,,,,,,,,,,,,,,,,,,,,,,,,,,,,,,
NFL,2026-08-08 18:28:33,2026-12-06 13:00,1ccb61b811b7aae4270df22a67e6459f,New Orleans Saints,Green Bay Packers,No,1009.5,No,NFC,South,NFC,North,-110.0,-110.0,4.5,-4.5,180.0,-218.0,-110.0,-110.0,45.5,-110,-110,180,-218,-110,-110,-110.0,-110.0,,,-110.0,-110.0,,,,,,,,,,,,,,,,,,,,,,,,,,,,,,,,,,,,,,,,,,
NFL,2026-08-08 18:28:33,2026-12-06 13:00,f8a92363386bd337975650879086cca6,Tampa Bay Buccaneers,Los Angeles Chargers,No,2155.6,No,NFC,South,AFC,West,-110.0,-110.0,2.0,-2.0,120.0,-142.0,-110.0,-110.0,46.5,-110,-110,120,-142,-110,-110,-110.0,-110.0,,,-110.0,-110.0,,,,,,,,,,,,,,,,,,,,,,,,,,,,,,,,,,,,,,,,,,
NFL,2026-08-08 18:28:33,2026-12-06 13:00,a5495c3360b3bb13da76ba23a675c9ef,New York Giants,San Francisco 49ers,No,2552.9,No,NFC,East,NFC,West,-110.0,-110.0,3.0,-3.0,136.0,-162.0,-110.0,-110.0,47.5,-110,-110,136,-162,-110,-110,,,,,,,,,,,,,,,,,,,,,,,,,,,,,,,,,,,,,,,,,,,,,,,,
NFL,2026-08-08 18:28:33,2026-12-06 13:00,ae3429e95ee704c7fd001cade20072d0,Tennessee Titans,Washington Commanders,No,575.6,No,AFC,South,NFC,East,-115.0,-5.0,1.5,-1.5,105.0,-125.0,-110.0,-110.0,46.5,-110,-110,105,-125,-110,-110,-120.0,100.0,,,-110.0,-110.0,,,,,,,,,,,,,,,,,,,,,,,,,,,,,,,,,,,,,,,,,,
NFL,2026-08-08 18:28:33,2026-12-06 16:05,f4897f48a5351881280f7598bd826408,Arizona Cardinals,Philadelphia Eagles,No,2090.0,No,NFC,West,NFC,East,-110.0,-110.0,8.5,-8.5,310.0,-395.0,-110.0,-110.0,43.5,-110,-110,310,-395,-110,-110,-110.0,-110.0,,,-110.0,-110.0,,,,,,,,,,,,,,,,,,,,,,,,,,,,,,,,,,,,,,,,,,
NFL,2026-08-08 18:28:33,2026-12-06 16:25,4116dbff75ab7957b69c2152f204b74d,New England Patriots,Buffalo Bills,Yes,387.4,No,AFC,East,AFC,East,-108.0,-112.0,-1.5,1.5,-122.0,102.0,-110.0,-110.0,48.5,-108,-112,-122,102,-110,-110,,,,,,,,,,,,,,,,,,,,,,,,,,,,,,,,,,,,,,,,,,,,,,,,
NFL,2026-08-08 18:28:33,2026-12-06 16:25,c186c605febd6370b292469c9151cfb3,Minnesota Vikings,Carolina Panthers,No,938.3,No,NFC,North,NFC,South,-110.0,-110.0,-3.5,3.5,-192.0,160.0,-110.0,-110.0,42.5,-110,-110,-192,160,-110,-110,-110.0,-110.0,,,-110.0,-110.0,,,,,,,,,,,,,,,,,,,,,,,,,,,,,,,,,,,,,,,,,,
NFL,2026-08-08 18:28:33,2026-12-06 20:20,26bf8e165d2d273ed0772a355f07ab16,Pittsburgh Steelers,Houston Texans,No,1142.2,Yes,AFC,North,AFC,South,-110.0,-110.0,1.5,-1.5,105.0,-125.0,-110.0,-110.0,41.5,-110,-110,105,-125,-110,-110,,,,,,,,,,,,,,,,,,,,,,,,,,,,,,,,,,,,,,,,,,,,,,,,
NFL,2026-08-08 18:28:33,2026-12-07 20:15,0db4646c964ecdff19957373fe707546,Seattle Seahawks,Dallas Cowboys,No,1670.4,Yes,NFC,West,NFC,East,-110.0,-110.0,-4.5,4.5,-225.0,185.0,-110.0,-110.0,48.5,-110,-110,-225,185,-110,-110,,,,,,,,,,,,,,,,,,,,,,,,,,,,,,,,,,,,,,,,,,,,,,,,
NFL,2026-08-08 18:28:33,2026-12-10 20:15,01548e41e7ba5318bb25c9bc2a32f73d,New England Patriots,Minnesota Vikings,No,1118.9,Yes,AFC,East,NFC,North,-110.0,-110.0,-4.5,4.5,-225.0,185.0,-110.0,-110.0,43.5,-110,-110,-225,185,-110,-110,-110.0,-110.0,,,-110.0,-110.0,,,,,,,,,,,,,,,,,,,,,,,,,,,,,,,,,,,,,,,,,,
NFL,2026-08-08 18:28:33,2026-12-13 13:00,f7fba6b1804e02292ee0ce4738484258,Cleveland Browns,Atlanta Falcons,No,554.6,No,AFC,North,NFC,South,-110.0,-110.0,-1.5,1.5,-125.0,105.0,-110.0,-110.0,40.5,-110,-110,-125,105,-110,-110,,,,,,,,,,,,,,,,,,,,,,,,,,,,,,,,,,,,,,,,,,,,,,,,
NFL,2026-08-08 18:28:33,2026-12-13 13:00,bec99e2f2b4c80e345731d69ee38d831,Baltimore Ravens,Tampa Bay Buccaneers,No,849.0,No,AFC,North,NFC,South,-110.0,-110.0,-6.0,6.0,-250.0,205.0,-110.0,-110.0,48.5,-110,-110,-250,205,-110,-110,-110.0,-110.0,,,-110.0,-110.0,,,,,,,,,,,,,,,,,,,,,,,,,,,,,,,,,,,,,,,,,,
NFL,2026-08-08 18:28:33,2026-12-13 13:00,dcc7b377d3b3ec990304612bbef47d3d,Carolina Panthers,New Orleans Saints,Yes,649.1,No,NFC,South,NFC,South,-110.0,-110.0,-2.5,2.5,-135.0,114.0,-110.0,-110.0,43.5,-110,-110,-135,114,-110,-110,-110.0,-110.0,,,-110.0,-110.0,,,,,,,,,,,,,,,,,,,,,,,,,,,,,,,,,,,,,,,,,,
NFL,2026-08-08 18:28:33,2026-12-13 13:00,2c6added7199a59f1e9dae8492c29da4,Miami Dolphins,Chicago Bears,No,1174.1,No,AFC,East,NFC,North,-110.0,-110.0,5.5,-5.5,200.0,-245.0,-110.0,-110.0,46.5,-110,-110,200,-245,-110,-110,,,,,,,,,,,,,,,,,,,,,,,,,,,,,,,,,,,,,,,,,,,,,,,,
NFL,2026-08-08 18:28:33,2026-12-13 13:00,5185ace33aebc87d39074147940f2fa5,New York Jets,Denver Broncos,No,1628.5,No,AFC,East,AFC,West,-110.0,-110.0,5.5,-5.5,195.0,-238.0,-110.0,-110.0,39.5,-110,-110,195,-238,-110,-110,,,,,,,,,,,,,,,,,,,,,,,,,,,,,,,,,,,,,,,,,,,,,,,,
NFL,2026-08-08 18:28:33,2026-12-13 13:00,a31f461ccd92e1072f23ccfae281ae9a,Detroit Lions,Tennessee Titans,No,470.3,No,NFC,North,AFC,South,-110.0,-110.0,-7.5,7.5,-360.0,285.0,-110.0,-110.0,47.5,-110,-110,-360,285,-110,-110,,,,,,,,,,,,,,,,,,,,,,,,,,,,,,,,,,,,,,,,,,,,,,,,
NFL,2026-08-08 18:28:33,2026-12-13 13:00,5dc9cb8fba610d682dc670ae4e7d59f3,Washington Commanders,Houston Texans,No,1233.2,No,NFC,East,AFC,South,-110.0,-110.0,1.5,-1.5,102.0,-122.0,-110.0,-110.0,44.5,-110,-110,102,-122,-110,-110,,,,,,,,,,,,,,,,,,,,,,,,,,,,,,,,,,,,,,,,,,,,,,,,
NFL,2026-08-08 18:28:33,2026-12-13 13:00,45203f985f8d1567ad19b0617dd267f8,Philadelphia Eagles,Indianapolis Colts,No,584.6,No,NFC,East,AFC,South,-110.0,-110.0,-5.5,5.5,-245.0,200.0,-110.0,-110.0,46.5,-110,-110,-245,200,-110,-110,-110.0,-110.0,,,-110.0,-110.0,,,,,,,,,,,,,,,,,,,,,,,,,,,,,,,,,,,,,,,,,,
NFL,2026-08-08 18:28:33,2026-12-13 16:05,484c491dc1dee090d740ba077b7d9709,Las Vegas Raiders,Los Angeles Chargers,Yes,231.8,No,AFC,West,AFC,West,-110.0,-110.0,5.5,-5.5,200.0,-245.0,-110.0,-110.0,43.5,-110,-110,200,-245,-110,-110,-110.0,-110.0,,,-110.0,-110.0,,,,,,,,,,,,,,,,,,,,,,,,,,,,,,,,,,,,,,,,,,
NFL,2026-08-08 18:28:33,2026-12-13 16:25,180b5fa7ea6bd0d2d9ddb9ba5ee38cc0,Cincinnati Bengals,Kansas City Chiefs,No,535.7,No,AFC,North,AFC,West,-5.0,-115.0,-1.5,1.5,-125.0,105.0,-110.0,-110.0,48.5,-110,-110,-125,105,-110,-110,100.0,-120.0,,,-110.0,-110.0,,,,,,,,,,,,,,,,,,,,,,,,,,,,,,,,,,,,,,,,,,
NFL,2026-08-08 18:28:33,2026-12-13 16:25,6174916c7e2df8d1b80a88cfbd259d44,San Francisco 49ers,Los Angeles Rams,Yes,313.4,No,NFC,West,NFC,West,-115.0,-105.0,2.5,-2.5,110.0,-130.0,-110.0,-110.0,49.5,-115,-105,110,-130,-110,-110,,,,,,,,,,,,,,,,,,,,,,,,,,,,,,,,,,,,,,,,,,,,,,,,
NFL,2026-08-08 18:28:33,2026-12-13 16:25,f5ab9d8455daf9e2a6c4c443fe0cd19f,Seattle Seahawks,New York Giants,No,2401.9,No,NFC,West,NFC,East,-110.0,-110.0,-7.5,7.5,-355.0,280.0,-110.0,-110.0,45.5,-110,-110,-355,280,-110,-110,,,,,,,,,,,,,,,,,,,,,,,,,,,,,,,,,,,,,,,,,,,,,,,,
NFL,2026-08-08 18:28:33,2026-12-13 20:20,c4877c048defcb80e0ab37c0688f37f6,Green Bay Packers,Buffalo Bills,No,479.8,Yes,NFC,North,AFC,East,-110.0,-110.0,-1.5,1.5,-125.0,105.0,-110.0,-110.0,49.5,-110,-110,-125,105,-110,-110,,,,,,,,,,,,,,,,,,,,,,,,,,,,,,,,,,,,,,,,,,,,,,,,
NFL,2026-08-08 18:28:33,2026-12-14 20:15,690e2ee2ed5f0875f7cbaecdc51373f5,Jacksonville Jaguars,Pittsburgh Steelers,No,703.8,Yes,AFC,South,AFC,North,-110.0,-110.0,-3.0,3.0,-162.0,136.0,-110.0,-110.0,44.5,-110,-110,-162,136,-110,-110,-110.0,-110.0,,,-110.0,-110.0,,,,,,,,,,,,,,,,,,,,,,,,,,,,,,,,,,,,,,,,,,
NFL,2026-08-08 18:28:33,2026-12-17 20:15,790af233087803c297861901ffa271d7,Los Angeles Chargers,San Francisco 49ers,No,313.4,Yes,AFC,West,NFC,West,-110.0,-110.0,-2.5,2.5,-135.0,114.0,-110.0,-110.0,47.5,-110,-110,-135,114,-110,-110,-110.0,-110.0,,,-110.0,-110.0,,,,,,,,,,,,,,,,,,,,,,,,,,,,,,,,,,,,,,,,,,
NFL,2026-08-08 18:28:33,2026-12-19 17:00,171aba127aaad3dcbe32a02fc194eb32,Philadelphia Eagles,Seattle Seahawks,No,2380.9,No,NFC,East,NFC,West,-5.0,-115.0,-1.5,1.5,-125.0,105.0,-110.0,-110.0,43.5,-110,-110,-125,105,-110,-110,100.0,-120.0,,,-110.0,-110.0,,,,,,,,,,,,,,,,,,,,,,,,,,,,,,,,,,,,,,,,,,
NFL,2026-08-08 18:28:33,2026-12-19 20:20,784568b1df055bf7eb8780c110d5e910,Buffalo Bills,Chicago Bears,No,456.4,Yes,AFC,East,NFC,North,-110.0,-110.0,-3.5,3.5,-192.0,160.0,-110.0,-110.0,51.5,-110,-110,-192,160,-110,-110,,,,,,,,,,,,,,,,,,,,,,,,,,,,,,,,,,,,,,,,,,,,,,,,
NFL,2026-08-08 18:28:33,2026-12-20 13:00,5931eee49f5f2656a5344e1388a68816,Washington Commanders,Atlanta Falcons,No,550.1,No,NFC,East,NFC,South,-110.0,-110.0,-3.5,3.5,-185.0,154.0,-110.0,-110.0,46.5,-110,-110,-185,154,-110,-110,,,,,,,,,,,,,,,,,,,,,,,,,,,,,,,,,,,,,,,,,,,,,,,,
NFL,2026-08-08 18:28:33,2026-12-20 13:00,2f4b1899c1c278947920e0254b682d90,Pittsburgh Steelers,Baltimore Ravens,Yes,197.6,No,AFC,North,AFC,North,-5.0,-115.0,2.5,-2.5,124.0,-148.0,-110.0,-110.0,46.0,100,-120,124,-148,-110,-110,-110.0,-110.0,,,-110.0,-110.0,,,,,,,,,,,,,,,,,,,,,,,,,,,,,,,,,,,,,,,,,,
NFL,2026-08-08 18:28:33,2026-12-20 13:00,000fc688beb4fc004ecdad115d9adb1c,Carolina Panthers,Cincinnati Bengals,No,334.8,No,NFC,South,AFC,North,-5.0,-115.0,2.5,-2.5,124.0,-148.0,-110.0,-110.0,47.5,100,-120,124,-148,-110,-110,-110.0,-110.0,,,-110.0,-110.0,,,,,,,,,,,,,,,,,,,,,,,,,,,,,,,,,,,,,,,,,,
NFL,2026-08-08 18:28:33,2026-12-20 13:00,1cb23c83ae4af84cffcdae6b31d06e83,New York Giants,Cleveland Browns,No,400.4,No,NFC,East,AFC,North,-110.0,-110.0,-4.5,4.5,-218.0,180.0,-110.0,-110.0,40.5,-110,-110,-218,180,-110,-110,,,,,,,,,,,,,,,,,,,,,,,,,,,,,,,,,,,,,,,,,,,,,,,,
NFL,2026-08-08 18:28:33,2026-12-20 13:00,99719df35bc2efdcc72096f865ed8841,Green Bay Packers,Miami Dolphins,No,1351.2,No,NFC,North,AFC,East,-110.0,-110.0,-10.5,10.5,-550.0,410.0,-110.0,-110.0,45.5,-110,-110,-550,410,-110,-110,,,,,,,,,,,,,,,,,,,,,,,,,,,,,,,,,,,,,,,,,,,,,,,,
NFL,2026-08-08 18:28:33,2026-12-20 13:00,29211b6e78461220a2833184233f70e5,Houston Texans,Jacksonville Jaguars,Yes,826.4,No,AFC,South,AFC,South,-110.0,-110.0,-3.0,3.0,-162.0,136.0,-110.0,-110.0,43.5,-110,-110,-162,136,-110,-110,,,,,,,,,,,,,,,,,,,,,,,,,,,,,,,,,,,,,,,,,,,,,,,,
NFL,2026-08-08 18:28:33,2026-12-20 13:00,3b696c07ff6a1ef461d023a73db17584,Tennessee Titans,Indianapolis Colts,Yes,250.1,No,AFC,South,AFC,South,-110.0,-110.0,1.5,-1.5,105.0,-125.0,-110.0,-110.0,47.5,-110,-110,105,-125,-110,-110,-110.0,-110.0,,,-110.0,-110.0,,,,,,,,,,,,,,,,,,,,,,,,,,,,,,,,,,,,,,,,,,
NFL,2026-08-08 18:28:33,2026-12-20 13:00,e15a91cebf3480ff0b93b4fbacb09797,Tampa Bay Buccaneers,New Orleans Saints,Yes,478.6,No,NFC,South,NFC,South,-112.5,-107.5,-3.5,3.5,-192.0,160.0,-110.0,-110.0,45.5,-110,-110,-192,160,-110,-110,-115.0,-105.0,,,-110.0,-110.0,,,,,,,,,,,,,,,,,,,,,,,,,,,,,,,,,,,,,,,,,,
NFL,2026-08-08 18:28:33,2026-12-20 16:05,d8cd12e7684fa2aa39f5b188ef6e62e0,Arizona Cardinals,New York Jets,No,2148.5,No,NFC,West,AFC,East,-125.0,105.0,1.5,-1.5,-110.0,-110.0,-110.0,-110.0,41.5,-125,105,-110,-110,-110,-110,,,,,,,,,,,,,,,,,,,,,,,,,,,,,,,,,,,,,,,,,,,,,,,,
NFL,2026-08-08 18:28:33,2026-12-20 16:25,77396e9d565860fbfd05779028223a8a,Los Angeles Rams,Dallas Cowboys,No,1229.4,No,NFC,West,NFC,East,-110.0,-110.0,-6.0,6.0,-250.0,205.0,-110.0,-110.0,52.5,-110,-110,-250,205,-110,-110,,,,,,,,,,,,,,,,,,,,,,,,,,,,,,,,,,,,,,,,,,,,,,,,
NFL,2026-08-08 18:28:33,2026-12-20 16:25,9f507007b9c0a7082c1471a5fa841336,Las Vegas Raiders,Denver Broncos,Yes,609.3,No,AFC,West,AFC,West,-110.0,-110.0,4.5,-4.5,185.0,-225.0,-110.0,-110.0,41.5,-110,-110,185,-225,-110,-110,,,,,,,,,,,,,,,,,,,,,,,,,,,,,,,,,,,,,,,,,,,,,,,,
NFL,2026-08-08 18:28:33,2026-12-20 20:20,b34897a0368d570291d44e176c0c2331,Minnesota Vikings,Detroit Lions,Yes,542.8,Yes,NFC,North,NFC,North,-110.0,-110.0,1.5,-1.5,102.0,-122.0,-110.0,-110.0,46.5,-110,-110,102,-122,-110,-110,,,,,,,,,,,,,,,,,,,,,,,,,,,,,,,,,,,,,,,,,,,,,,,,
NFL,2026-08-08 18:28:33,2026-12-21 20:15,b2759105c27a25289ea1938f290c50fd,Kansas City Chiefs,New England Patriots,No,1235.7,Yes,AFC,West,AFC,East,-110.0,-110.0,-2.5,2.5,-135.0,114.0,-110.0,-110.0,45.5,-110,-110,-135,114,-110,-110,-110.0,-110.0,,,-110.0,-110.0,,,,,,,,,,,,,,,,,,,,,,,,,,,,,,,,,,,,,,,,,,
NFL,2026-08-08 18:28:33,2026-12-24 20:15,3f226ec5402c6ec4d84a59be80c2fa67,Philadelphia Eagles,Houston Texans,No,1344.6,Yes,NFC,East,AFC,South,-106.5,-113.5,-2.5,2.5,-130.5,111.0,-115.0,-106.0,37.5,-108,-112,-135,114,-110,-110,,,,,,,-105.0,-115.0,-126.0,108.0,-120.0,-102.0,,,,,,,,,,,,,,,,,,,,,,,,,,,,,,,,,,,,
NFL,2026-08-08 18:28:33,2026-12-25 13:00,2828c07018dfafbe96aba205809cc7ac,Chicago Bears,Green Bay Packers,Yes,183.6,No,NFC,North,NFC,North,-105.0,-115.0,-1.5,1.5,-118.0,-1.0,-111.0,-109.0,47.5,-105,-115,-118,-102,-110,-110,,,,,,,-105.0,-115.0,-118.0,100.0,-112.0,-108.0,,,,,,,,,,,,,,,,,,,,,,,,,,,,,,,,,,,,
NFL,2026-08-08 18:28:33,2026-12-25 16:30,126f27c71e8130ef87de0d137e833d9b,Denver Broncos,Buffalo Bills,No,1376.3,No,AFC,West,AFC,East,-105.0,-115.0,1.5,-1.5,111.0,-131.0,-114.0,-107.0,46.5,-105,-115,110,-130,-110,-110,,,,,,,-105.0,-115.0,112.0,-132.0,-118.0,-104.0,,,,,,,,,,,,,,,,,,,,,,,,,,,,,,,,,,,,
NFL,2026-08-08 18:28:33,2026-12-25 20:15,f1af9705dbd2bbe4f1555f080ad06ba2,Seattle Seahawks,Los Angeles Rams,Yes,964.0,Yes,NFC,West,NFC,West,-116.5,-104.5,0.0,0.0,-116.0,-3.0,-110.0,-110.0,46.5,-115,-105,-130,110,-110,-110,,,,,,,-118.0,-104.0,-102.0,-116.0,-110.0,-110.0,,,,,,,,,,,,,,,,,,,,,,,,,,,,,,,,,,,,
NFL,2026-08-08 18:28:33,2026-12-27 13:00,8fd00347b6d77ce384d83cba814430d7,New Orleans Saints,Arizona Cardinals,No,1326.4,No,NFC,South,NFC,West,-110.0,-110.0,-5.5,5.5,-245.0,200.0,-110.0,-110.0,44.5,-110,-110,-245,200,-110,-110,-110.0,-110.0,,,-110.0,-110.0,,,,,,,,,,,,,,,,,,,,,,,,,,,,,,,,,,,,,,,,,,
NFL,2026-08-08 18:28:33,2026-12-27 13:00,bd13d00f06ad222b0a1b6ea4d0add763,Atlanta Falcons,Tampa Bay Buccaneers,Yes,413.8,No,NFC,South,NFC,South,-110.0,-110.0,1.5,-1.5,105.0,-125.0,-110.0,-110.0,45.5,-110,-110,105,-125,-110,-110,,,,,,,,,,,,,,,,,,,,,,,,,,,,,,,,,,,,,,,,,,,,,,,,
NFL,2026-08-08 18:28:33,2026-12-27 13:00,0f23afce92c2f0af28973c0a7533763e,Baltimore Ravens,Cleveland Browns,Yes,308.7,No,AFC,North,AFC,North,-110.0,-110.0,-9.75,9.75,-455.0,350.0,-110.0,-110.0,43.5,-110,-110,-455,350,-110,-110,-110.0,-110.0,,,-110.0,-110.0,,,,,,,,,,,,,,,,,,,,,,,,,,,,,,,,,,,,,,,,,,
NFL,2026-08-08 18:28:33,2026-12-27 13:00,74cb0e112d069cdbda1671ae85531f43,Pittsburgh Steelers,Carolina Panthers,No,363.0,No,AFC,North,NFC,South,-110.0,-110.0,-3.5,3.5,-192.0,160.0,-110.0,-110.0,41.5,-110,-110,-192,160,-110,-110,-110.0,-110.0,,,-110.0,-110.0,,,,,,,,,,,,,,,,,,,,,,,,,,,,,,,,,,,,,,,,,,
NFL,2026-08-08 18:28:33,2026-12-27 13:00,ca8982dccb6c3ae01525800317287f02,Indianapolis Colts,Cincinnati Bengals,No,99.4,No,AFC,South,AFC,North,-110.0,-110.0,1.5,-1.5,105.0,-125.0,-110.0,-110.0,52.5,-110,-110,105,-125,-110,-110,-110.0,-110.0,,,-110.0,-110.0,,,,,,,,,,,,,,,,,,,,,,,,,,,,,,,,,,,,,,,,,,
NFL,2026-08-08 18:28:33,2026-12-27 13:00,29425f5c68826d615277cf9be2b82e00,Las Vegas Raiders,Tennessee Titans,No,1583.4,No,AFC,West,AFC,South,-110.0,-110.0,-1.5,1.5,-125.0,105.0,-110.0,-110.0,42.5,-110,-110,-125,105,-110,-110,-110.0,-110.0,,,-110.0,-110.0,,,,,,,,,,,,,,,,,,,,,,,,,,,,,,,,,,,,,,,,,,
NFL,2026-08-08 18:28:33,2026-12-27 13:00,fe2eb511d4c2da3a8e88b85b4f4e9f7e,Miami Dolphins,Los Angeles Chargers,No,2336.5,No,AFC,East,AFC,West,-108.0,-112.0,7.0,-7.0,260.0,-325.0,-110.0,-110.0,45.5,-108,-112,260,-325,-110,-110,,,,,,,,,,,,,,,,,,,,,,,,,,,,,,,,,,,,,,,,,,,,,,,,
NFL,2026-08-08 18:28:33,2026-12-27 13:00,cf5cefa5556bcd0156bd394171ef6c8e,Minnesota Vikings,Washington Commanders,No,940.4,No,NFC,North,NFC,East,-110.0,-110.0,-2.5,2.5,-135.0,114.0,-110.0,-110.0,46.5,-110,-110,-135,114,-110,-110,-110.0,-110.0,,,-110.0,-110.0,,,,,,,,,,,,,,,,,,,,,,,,,,,,,,,,,,,,,,,,,,
NFL,2026-08-08 18:28:33,2026-12-27 13:00,669a7b568c2a64f9a136dadb0eda1da8,New York Jets,New England Patriots,Yes,170.4,No,AFC,East,AFC,East,-110.0,-110.0,6.5,-6.5,230.0,-285.0,-110.0,-110.0,40.5,-110,-110,230,-285,-110,-110,,,,,,,,,,,,,,,,,,,,,,,,,,,,,,,,,,,,,,,,,,,,,,,,
NFL,2026-08-08 18:28:33,2026-12-27 16:25,fc7cce3ae7c73cc7151357829e11b6d5,Kansas City Chiefs,San Francisco 49ers,No,1494.1,No,AFC,West,NFC,West,-112.5,-7.5,-2.75,2.75,-155.0,130.0,-110.0,-110.0,46.5,-105,-115,-155,130,-110,-110,-120.0,100.0,,,-110.0,-110.0,,,,,,,,,,,,,,,,,,,,,,,,,,,,,,,,,,,,,,,,,,
NFL,2026-08-08 18:28:33,2026-12-27 20:20,b1c4ec04c3398a9efa25492000858384,Dallas Cowboys,Jacksonville Jaguars,No,926.4,Yes,NFC,East,AFC,South,-105.0,-115.0,-3.0,3.0,-162.0,136.0,-110.0,-110.0,51.5,-105,-115,-162,136,-110,-110,,,,,,,,,,,,,,,,,,,,,,,,,,,,,,,,,,,,,,,,,,,,,,,,
NFL,2026-08-08 18:28:33,2026-12-28 20:15,ca92c191ebf7361ea56f9bbc09a5f51b,Detroit Lions,New York Giants,No,476.5,Yes,NFC,North,NFC,East,-110.0,-110.0,-4.5,4.5,-218.0,180.0,-110.0,-110.0,49.5,-110,-110,-218,180,-110,-110,,,,,,,,,,,,,,,,,,,,,,,,,,,,,,,,,,,,,,,,,,,,,,,,
NFL,2026-08-08 18:28:33,2026-12-31 20:15,be268ce293cf4fad1c0c867a3ca4c257,Cincinnati Bengals,Baltimore Ravens,Yes,423.8,Yes,AFC,North,AFC,North,-107.5,-112.5,-2.5,2.5,-135.0,114.0,-110.0,-110.0,51.5,-110,-110,-135,114,-110,-110,-105.0,-115.0,,,-110.0,-110.0,,,,,,,,,,,,,,,,,,,,,,,,,,,,,,,,,,,,,,,,,,
NFL,2026-08-08 18:28:33,2027-01-03 13:00,e5dd9cc3fd5452d55c250949e946743d,Atlanta Falcons,New Orleans Saints,Yes,424.5,No,NFC,South,NFC,South,-110.0,-110.0,-1.5,1.5,-125.0,105.0,-110.0,-110.0,44.5,-110,-110,-125,105,-110,-110,,,,,,,,,,,,,,,,,,,,,,,,,,,,,,,,,,,,,,,,,,,,,,,,
NFL,2026-08-08 18:28:33,2027-01-03 13:00,d9a186d988a3ede2a33e504f4890fe52,Miami Dolphins,Buffalo Bills,Yes,1162.0,No,AFC,East,AFC,East,-110.0,-110.0,7.5,-7.5,280.0,-355.0,-110.0,-110.0,47.5,-110,-110,280,-355,-110,-110,,,,,,,,,,,,,,,,,,,,,,,,,,,,,,,,,,,,,,,,,,,,,,,,
NFL,2026-08-08 18:28:33,2027-01-03 13:00,b009f04b4f61b264a5163157c3439dc1,Carolina Panthers,Seattle Seahawks,No,2285.1,No,NFC,South,NFC,West,-110.0,-110.0,5.5,-5.5,195.0,-238.0,-110.0,-110.0,42.5,-110,-110,195,-238,-110,-110,-110.0,-110.0,,,-110.0,-110.0,,,,,,,,,,,,,,,,,,,,,,,,,,,,,,,,,,,,,,,,,,
NFL,2026-08-08 18:28:33,2027-01-03 13:00,f2e03f9b857485bb13211ee0f5eb5935,Cleveland Browns,Indianapolis Colts,No,263.8,No,AFC,North,AFC,South,-110.0,-110.0,2.5,-2.5,114.0,-135.0,-110.0,-110.0,43.5,-110,-110,114,-135,-110,-110,,,,,,,,,,,,,,,,,,,,,,,,,,,,,,,,,,,,,,,,,,,,,,,,
NFL,2026-08-08 18:28:33,2027-01-03 13:00,c8945d476449633912cf51a346ac98ca,Dallas Cowboys,New York Giants,Yes,1387.3,No,NFC,East,NFC,East,-110.0,-110.0,-4.5,4.5,-205.0,170.0,-110.0,-110.0,49.5,-110,-110,-205,170,-110,-110,,,,,,,,,,,,,,,,,,,,,,,,,,,,,,,,,,,,,,,,,,,,,,,,
NFL,2026-08-08 18:28:33,2027-01-03 13:00,f62dba1e231083f489c391271a1f171c,New England Patriots,Denver Broncos,No,1762.8,No,AFC,East,AFC,West,-110.0,-110.0,-2.5,2.5,-135.0,114.0,-110.0,-110.0,42.5,-110,-110,-135,114,-110,-110,,,,,,,,,,,,,,,,,,,,,,,,,,,,,,,,,,,,,,,,,,,,,,,,
NFL,2026-08-08 18:28:33,2027-01-03 13:00,c96a3e9e40569b4ed5a546dff131c61d,Jacksonville Jaguars,Washington Commanders,No,650.9,No,AFC,South,NFC,East,-110.0,-110.0,-3.5,3.5,-185.0,154.0,-110.0,-110.0,48.5,-110,-110,-185,154,-110,-110,-110.0,-110.0,,,-110.0,-110.0,,,,,,,,,,,,,,,,,,,,,,,,,,,,,,,,,,,,,,,,,,
NFL,2026-08-08 18:28:33,2027-01-03 13:00,419106b9bcc9f7ef39cfc2d1ee9a3f87,Tampa Bay Buccaneers,Los Angeles Rams,No,2155.6,No,NFC,South,NFC,West,-110.0,-110.0,4.5,-4.5,180.0,-218.0,-110.0,-110.0,48.5,-110,-110,180,-218,-110,-110,,,,,,,,,,,,,,,,,,,,,,,,,,,,,,,,,,,,,,,,,,,,,,,,
NFL,2026-08-08 18:28:33,2027-01-03 13:00,bfe51fa0034c9d22a69ffd80e2d717f5,New York Jets,Minnesota Vikings,No,1012.4,No,AFC,East,NFC,North,-110.0,-110.0,3.5,-3.5,160.0,-192.0,-110.0,-110.0,39.5,-110,-110,160,-192,-110,-110,,,,,,,,,,,,,,,,,,,,,,,,,,,,,,,,,,,,,,,,,,,,,,,,
NFL,2026-08-08 18:28:33,2027-01-03 13:00,d0ffa5ed13cbd7610f9176041464404a,Tennessee Titans,Pittsburgh Steelers,No,470.9,No,AFC,South,AFC,North,-110.0,-110.0,1.5,-1.5,105.0,-125.0,-110.0,-110.0,42.5,-110,-110,105,-125,-110,-110,-110.0,-110.0,,,-110.0,-110.0,,,,,,,,,,,,,,,,,,,,,,,,,,,,,,,,,,,,,,,,,,
NFL,2026-08-08 18:28:33,2027-01-03 16:05,08abdb683fcb6d77f66baed136f47283,Arizona Cardinals,Las Vegas Raiders,No,242.4,No,NFC,West,AFC,West,-107.5,-112.5,1.5,-1.5,110.0,-130.0,-110.0,-110.0,42.5,-105,-115,110,-130,-110,-110,-110.0,-110.0,,,-110.0,-110.0,,,,,,,,,,,,,,,,,,,,,,,,,,,,,,,,,,,,,,,,,,
NFL,2026-08-08 18:28:33,2027-01-03 16:25,12089441cea51add4694cdde98b4a5b7,Chicago Bears,Detroit Lions,Yes,237.2,No,NFC,North,NFC,North,-110.0,-110.0,-1.5,1.5,-122.0,102.0,-110.0,-110.0,49.5,-110,-110,-122,102,-110,-110,,,,,,,,,,,,,,,,,,,,,,,,,,,,,,,,,,,,,,,,,,,,,,,,
NFL,2026-08-08 18:28:33,2027-01-03 16:25,67d842cb73300ef923959105698b63bb,Los Angeles Chargers,Kansas City Chiefs,Yes,1369.2,No,AFC,West,AFC,West,-110.0,-110.0,-1.5,1.5,-125.0,105.0,-110.0,-110.0,45.5,-110,-110,-125,105,-110,-110,-110.0,-110.0,,,-110.0,-110.0,,,,,,,,,,,,,,,,,,,,,,,,,,,,,,,,,,,,,,,,,,
NFL,2026-08-08 18:28:33,2027-01-03 20:20,e7820b1226edbb1ef1fddce6b20f963d,San Francisco 49ers,Philadelphia Eagles,No,2508.4,Yes,NFC,West,NFC,East,-110.0,-110.0,-1.5,1.5,-125.0,105.0,-110.0,-110.0,45.5,-110,-110,-125,105,-110,-110,-110.0,-110.0,,,-110.0,-110.0,,,,,,,,,,,,,,,,,,,,,,,,,,,,,,,,,,,,,,,,,,
NFL,2026-08-08 18:28:33,2027-01-04 20:15,37bc346543da471e067b695b862ccfe9,Green Bay Packers,Houston Texans,No,1098.3,Yes,NFC,North,AFC,South,-110.0,-110.0,-2.5,2.5,-135.0,114.0,-110.0,-110.0,42.5,-110,-110,-135,114,-110,-110,,,,,,,,,,,,,,,,,,,,,,,,,,,,,,,,,,,,,,,,,,,,,,,,
NFL,2026-08-08 18:28:33,2027-01-10 13:00,7f809a45bc8baedf0cb0259e7da7cd29,Carolina Panthers,Atlanta Falcons,Yes,226.4,No,NFC,South,NFC,South,-110.0,-110.0,-2.5,2.5,-135.0,114.0,-110.0,-110.0,41.5,-110,-110,-135,114,-110,-110,,,,,,,,,,,,,,,,,,,,,,,,,,,,,,,,,,,,,,,,,,,,,,,,
NFL,2026-08-08 18:28:33,2027-01-10 13:00,d7da5587a88a7fc35c36b453d3264d5a,Baltimore Ravens,Pittsburgh Steelers,Yes,197.6,No,AFC,North,AFC,North,-110.0,-110.0,-5.5,5.5,-238.0,195.0,-110.0,-110.0,43.5,-110,-110,-238,195,-110,-110,-110.0,-110.0,,,-110.0,-110.0,,,,,,,,,,,,,,,,,,,,,,,,,,,,,,,,,,,,,,,,,,
NFL,2026-08-08 18:28:33,2027-01-10 13:00,97cbd9ad26dff1af47192120defe112d,Buffalo Bills,New York Jets,Yes,278.4,No,AFC,East,AFC,East,-110.0,-110.0,-10.0,10.0,-470.0,360.0,-110.0,-110.0,43.5,-110,-110,-470,360,-110,-110,,,,,,,,,,,,,,,,,,,,,,,,,,,,,,,,,,,,,,,,,,,,,,,,
NFL,2026-08-08 18:28:33,2027-01-10 13:00,d190fb7ea85c33b96a495041dad22142,Minnesota Vikings,Chicago Bears,Yes,355.8,No,NFC,North,NFC,North,-110.0,-110.0,-1.5,1.5,-125.0,105.0,-110.0,-110.0,43.5,-110,-110,-125,105,-110,-110,,,,,,,,,,,,,,,,,,,,,,,,,,,,,,,,,,,,,,,,,,,,,,,,
NFL,2026-08-08 18:28:33,2027-01-10 13:00,8c16104c8afc72b583531508b2aa1c33,Cincinnati Bengals,Cleveland Browns,Yes,223.1,No,AFC,North,AFC,North,-110.0,-110.0,-7.5,7.5,-355.0,280.0,-110.0,-110.0,43.5,-110,-110,-355,280,-110,-110,,,,,,,,,,,,,,,,,,,,,,,,,,,,,,,,,,,,,,,,,,,,,,,,
NFL,2026-08-08 18:28:33,2027-01-10 13:00,3f460f14b810d7bf642bdf7b658530c0,Washington Commanders,Dallas Cowboys,Yes,1209.4,No,NFC,East,NFC,East,-110.0,-110.0,1.5,-1.5,102.0,-122.0,-110.0,-110.0,49.5,-110,-110,102,-122,-110,-110,,,,,,,,,,,,,,,,,,,,,,,,,,,,,,,,,,,,,,,,,,,,,,,,
NFL,2026-08-08 18:28:33,2027-01-10 13:00,71d0d10e384393c1e071c39dd3931c19,Denver Broncos,Los Angeles Chargers,Yes,837.9,No,AFC,West,AFC,West,-110.0,-110.0,-1.5,1.5,-125.0,105.0,-110.0,-110.0,41.5,-110,-110,-125,105,-110,-110,,,,,,,,,,,,,,,,,,,,,,,,,,,,,,,,,,,,,,,,,,,,,,,,
NFL,2026-08-08 18:28:33,2027-01-10 13:00,8f81778bbdb984be44e24a3d55a49b4d,Green Bay Packers,Detroit Lions,Yes,293.2,No,NFC,North,NFC,North,-110.0,-110.0,-2.5,2.5,-135.0,114.0,-110.0,-110.0,47.5,-110,-110,-135,114,-110,-110,,,,,,,,,,,,,,,,,,,,,,,,,,,,,,,,,,,,,,,,,,,,,,,,
NFL,2026-08-08 18:28:33,2027-01-10 13:00,9bb63096709ba607443c454d2a813b14,Houston Texans,Tennessee Titans,Yes,671.5,No,AFC,South,AFC,South,-110.0,-110.0,-7.0,7.0,-325.0,260.0,-110.0,-110.0,39.5,-110,-110,-325,260,-110,-110,,,,,,,,,,,,,,,,,,,,,,,,,,,,,,,,,,,,,,,,,,,,,,,,
NFL,2026-08-08 18:28:33,2027-01-10 13:00,bea47af467e217653bba8d69888e4d95,Indianapolis Colts,Jacksonville Jaguars,Yes,699.0,No,AFC,South,AFC,South,-5.0,-115.0,-1.5,1.5,-122.0,102.0,-110.0,-110.0,46.5,-110,-110,-122,102,-110,-110,100.0,-120.0,,,-110.0,-110.0,,,,,,,,,,,,,,,,,,,,,,,,,,,,,,,,,,,,,,,,,,
NFL,2026-08-08 18:28:33,2027-01-10 13:00,bb66a6f02c535c0cd8b9c689a5513687,Kansas City Chiefs,Las Vegas Raiders,Yes,1151.8,No,AFC,West,AFC,West,-110.0,-110.0,-8.5,8.5,-410.0,320.0,-110.0,-110.0,40.5,-110,-110,-410,320,-110,-110,-110.0,-110.0,,,-110.0,-110.0,,,,,,,,,,,,,,,,,,,,,,,,,,,,,,,,,,,,,,,,,,
NFL,2026-08-08 18:28:33,2027-01-10 13:00,f370f9410ef82b37bd15d1719434370b,New England Patriots,Miami Dolphins,Yes,1223.7,No,AFC,East,AFC,East,-110.0,-110.0,-10.5,10.5,-550.0,410.0,-110.0,-110.0,42.5,-110,-110,-550,410,-110,-110,,,,,,,,,,,,,,,,,,,,,,,,,,,,,,,,,,,,,,,,,,,,,,,,
NFL,2026-08-08 18:28:33,2027-01-10 13:00,7b8ce34c0e173e4ff6ccf8e8caa09113,New Orleans Saints,Tampa Bay Buccaneers,Yes,478.6,No,NFC,South,NFC,South,-112.5,-107.5,1.5,-1.5,105.0,-125.0,-110.0,-110.0,43.5,-110,-110,105,-125,-110,-110,-115.0,-105.0,,,-110.0,-110.0,,,,,,,,,,,,,,,,,,,,,,,,,,,,,,,,,,,,,,,,,,
NFL,2026-08-08 18:28:33,2027-01-10 13:00,01baed6f9d6482c5d89d37379c7c63c7,New York Giants,Philadelphia Eagles,Yes,85.4,No,NFC,East,NFC,East,-110.0,-110.0,3.0,-3.0,130.0,-155.0,-110.0,-110.0,41.5,-110,-110,130,-155,-110,-110,,,,,,,,,,,,,,,,,,,,,,,,,,,,,,,,,,,,,,,,,,,,,,,,
NFL,2026-08-08 18:28:33,2027-01-10 16:05,f1480276ab67dcf60686556ba9336695,Arizona Cardinals,San Francisco 49ers,Yes,608.8,No,NFC,West,NFC,West,-110.0,-110.0,8.5,-8.5,310.0,-395.0,-110.0,-110.0,44.5,-110,-110,310,-395,-110,-110,-110.0,-110.0,,,-110.0,-110.0,,,,,,,,,,,,,,,,,,,,,,,,,,,,,,,,,,,,,,,,,,
NFL,2026-08-08 18:28:33,2027-01-10 16:05,dc2d9177b48e6f3962dabb1407aba7d3,Los Angeles Rams,Seattle Seahawks,Yes,964.0,No,NFC,West,NFC,West,-110.0,-110.0,-3.0,3.0,-166.0,140.0,-110.0,-110.0,44.5,-110,-110,-166,140,-110,-110,,,,,,,,,,,,,,,,,,,,,,,,,,,,,,,,,,,,,,,,,,,,,,,,
