model,n,accuracy,log_loss,brier,auc,top3_hit,top3_conf,weeks_swept,model_kind,n_features,features,step_feature
logistic/fwd,1954,0.6663,0.6108,0.2115,0.7234,0.8138,0.7956,0.5789,logistic,1,spread_line,+spread_line
logistic/fwd,1954,0.6658,0.6103,0.2112,0.7243,0.8138,0.7962,0.5855,logistic,2,spread_line|away_ppg_diff_std,+away_ppg_diff_std
logistic/fwd,1954,0.6643,0.6094,0.2109,0.7251,0.8092,0.7965,0.5789,logistic,3,spread_line|away_ppg_diff_std|total_line,+total_line
logistic/fwd,1954,0.6668,0.6092,0.2108,0.7254,0.8115,0.7965,0.5921,logistic,4,spread_line|away_ppg_diff_std|total_line|roll_margin_diff,+roll_margin_diff
logistic/fwd,1954,0.6663,0.6093,0.2109,0.7254,0.8115,0.796,0.5921,logistic,5,spread_line|away_ppg_diff_std|total_line|roll_margin_diff|away_roll_pf,+away_roll_pf
logistic/fwd,1954,0.6648,0.6094,0.2108,0.7258,0.8092,0.7959,0.5789,logistic,6,spread_line|away_ppg_diff_std|total_line|roll_margin_diff|away_roll_pf|elo_vs_spread,+elo_vs_spread
logistic/fwd,1954,0.6663,0.6095,0.2109,0.7256,0.8069,0.7952,0.5789,logistic,7,spread_line|away_ppg_diff_std|total_line|roll_margin_diff|away_roll_pf|elo_vs_spread|home_roll_total_vs_line,+home_roll_total_vs_line
logistic/fwd,1954,0.6653,0.6097,0.2109,0.7255,0.8023,0.7957,0.5658,logistic,8,spread_line|away_ppg_diff_std|total_line|roll_margin_diff|away_roll_pf|elo_vs_spread|home_roll_total_vs_line|elo_diff,+elo_diff
logistic/fwd,1954,0.6694,0.6098,0.211,0.7254,0.8023,0.7942,0.5658,logistic,9,spread_line|away_ppg_diff_std|total_line|roll_margin_diff|away_roll_pf|elo_vs_spread|home_roll_total_vs_line|elo_diff|market_home_prob,+market_home_prob
logistic/fwd,1954,0.6694,0.6099,0.211,0.7254,0.8,0.7946,0.5592,logistic,10,spread_line|away_ppg_diff_std|total_line|roll_margin_diff|away_roll_pf|elo_vs_spread|home_roll_total_vs_line|elo_diff|market_home_prob|elo_spread,+elo_spread
logistic/fwd,1954,0.6689,0.6099,0.211,0.7254,0.8,0.7947,0.5592,logistic,11,spread_line|away_ppg_diff_std|total_line|roll_margin_diff|away_roll_pf|elo_vs_spread|home_roll_total_vs_line|elo_diff|market_home_prob|elo_spread|elo_home_prob,+elo_home_prob
logistic/fwd,1954,0.6689,0.6101,0.2111,0.725,0.8023,0.795,0.5592,logistic,12,spread_line|away_ppg_diff_std|total_line|roll_margin_diff|away_roll_pf|elo_vs_spread|home_roll_total_vs_line|elo_diff|market_home_prob|elo_spread|elo_home_prob|home_roll_margin,+home_roll_margin
logistic/fwd,1954,0.6684,0.6101,0.2111,0.7253,0.8023,0.7952,0.5592,logistic,13,spread_line|away_ppg_diff_std|total_line|roll_margin_diff|away_roll_pf|elo_vs_spread|home_roll_total_vs_line|elo_diff|market_home_prob|elo_spread|elo_home_prob|home_roll_margin|away_roll_total_vs_line,+away_roll_total_vs_line
logistic/fwd,1954,0.6663,0.6105,0.2112,0.7248,0.8023,0.7946,0.5658,logistic,14,spread_line|away_ppg_diff_std|total_line|roll_margin_diff|away_roll_pf|elo_vs_spread|home_roll_total_vs_line|elo_diff|market_home_prob|elo_spread|elo_home_prob|home_roll_margin|away_roll_total_vs_line|travel_miles,+travel_miles
logistic/fwd,1954,0.6633,0.6112,0.2114,0.7246,0.8046,0.7957,0.5592,logistic,15,spread_line|away_ppg_diff_std|total_line|roll_margin_diff|away_roll_pf|elo_vs_spread|home_roll_total_vs_line|elo_diff|market_home_prob|elo_spread|elo_home_prob|home_roll_margin|away_roll_total_vs_line|travel_miles|market_vig,+market_vig
logistic/bwd,1954,0.6663,0.6105,0.2112,0.7248,0.8023,0.7946,0.5658,logistic,14,spread_line|market_home_prob|elo_diff|roll_margin_diff|elo_vs_spread|elo_spread|away_roll_pf|home_roll_margin|elo_home_prob|away_ppg_diff_std|travel_miles|home_roll_total_vs_line|total_line|away_roll_total_vs_line,-market_vig
logistic/bwd,1954,0.6684,0.6101,0.2111,0.7253,0.8023,0.7952,0.5592,logistic,13,spread_line|market_home_prob|elo_diff|roll_margin_diff|elo_vs_spread|elo_spread|away_roll_pf|home_roll_margin|elo_home_prob|away_ppg_diff_std|home_roll_total_vs_line|total_line|away_roll_total_vs_line,-travel_miles
logistic/bwd,1954,0.6668,0.61,0.2111,0.7253,0.8046,0.7961,0.5658,logistic,12,spread_line|elo_diff|roll_margin_diff|elo_vs_spread|elo_spread|away_roll_pf|home_roll_margin|elo_home_prob|away_ppg_diff_std|home_roll_total_vs_line|total_line|away_roll_total_vs_line,-market_home_prob
logistic/bwd,1954,0.6658,0.6099,0.211,0.7253,0.8046,0.7962,0.5658,logistic,11,spread_line|elo_diff|elo_vs_spread|elo_spread|away_roll_pf|home_roll_margin|elo_home_prob|away_ppg_diff_std|home_roll_total_vs_line|total_line|away_roll_total_vs_line,-roll_margin_diff
logistic/bwd,1954,0.6668,0.6099,0.211,0.7253,0.8046,0.7957,0.5658,logistic,10,spread_line|elo_vs_spread|elo_spread|away_roll_pf|home_roll_margin|elo_home_prob|away_ppg_diff_std|home_roll_total_vs_line|total_line|away_roll_total_vs_line,-elo_diff
logistic/bwd,1954,0.6668,0.6098,0.211,0.7252,0.8069,0.7947,0.5789,logistic,9,spread_line|elo_vs_spread|away_roll_pf|home_roll_margin|elo_home_prob|away_ppg_diff_std|home_roll_total_vs_line|total_line|away_roll_total_vs_line,-elo_spread
logistic/bwd,1954,0.6663,0.6097,0.2109,0.7253,0.8092,0.796,0.5789,logistic,8,spread_line|elo_vs_spread|away_roll_pf|home_roll_margin|away_ppg_diff_std|home_roll_total_vs_line|total_line|away_roll_total_vs_line,-elo_home_prob
logistic/bwd,1954,0.6673,0.6095,0.2109,0.725,0.8138,0.796,0.5855,logistic,7,spread_line|away_roll_pf|home_roll_margin|away_ppg_diff_std|home_roll_total_vs_line|total_line|away_roll_total_vs_line,-elo_vs_spread
logistic/bwd,1954,0.6663,0.6093,0.2109,0.7255,0.8069,0.7952,0.5724,logistic,6,spread_line|away_roll_pf|away_ppg_diff_std|home_roll_total_vs_line|total_line|away_roll_total_vs_line,-home_roll_margin
logistic/bwd,1954,0.6663,0.6092,0.2108,0.7256,0.8092,0.796,0.5789,logistic,5,spread_line|away_roll_pf|away_ppg_diff_std|total_line|away_roll_total_vs_line,-home_roll_total_vs_line
logistic/bwd,1954,0.6663,0.6094,0.2109,0.7252,0.8092,0.7958,0.5789,logistic,4,spread_line|away_roll_pf|away_ppg_diff_std|total_line,-away_roll_total_vs_line
logistic/bwd,1954,0.6643,0.6094,0.2109,0.7251,0.8092,0.7965,0.5789,logistic,3,spread_line|away_ppg_diff_std|total_line,-away_roll_pf
logistic/bwd,1954,0.6622,0.6103,0.2113,0.7242,0.8092,0.7955,0.5855,logistic,2,spread_line|total_line,-away_ppg_diff_std
logistic/bwd,1954,0.6663,0.6108,0.2115,0.7234,0.8138,0.7956,0.5789,logistic,1,spread_line,-total_line
lgbm/fwd,1954,0.6638,0.6176,0.2145,0.7144,0.777,0.7923,0.5197,lgbm,1,spread_line,+spread_line
lgbm/fwd,1954,0.6617,0.616,0.2136,0.7176,0.7977,0.7886,0.5526,lgbm,2,spread_line|total_line,+total_line
lgbm/fwd,1954,0.6622,0.6151,0.2134,0.7173,0.7862,0.7873,0.5263,lgbm,3,spread_line|total_line|away_ppg_diff_std,+away_ppg_diff_std
lgbm/fwd,1954,0.6617,0.615,0.2132,0.7189,0.7816,0.7871,0.5132,lgbm,4,spread_line|total_line|away_ppg_diff_std|away_roll_total_vs_line,+away_roll_total_vs_line
lgbm/fwd,1954,0.6602,0.6144,0.2129,0.7192,0.7931,0.7818,0.5461,lgbm,5,spread_line|total_line|away_ppg_diff_std|away_roll_total_vs_line|market_home_prob,+market_home_prob
lgbm/fwd,1954,0.6586,0.6149,0.2132,0.7186,0.7747,0.786,0.5,lgbm,6,spread_line|total_line|away_ppg_diff_std|away_roll_total_vs_line|market_home_prob|home_roll_margin,+home_roll_margin
lgbm/fwd,1954,0.6668,0.6154,0.2133,0.7189,0.7724,0.7815,0.5066,lgbm,7,spread_line|total_line|away_ppg_diff_std|away_roll_total_vs_line|market_home_prob|home_roll_margin|away_roll_pf,+away_roll_pf
lgbm/fwd,1954,0.6612,0.6175,0.2142,0.7161,0.7747,0.7812,0.5132,lgbm,8,spread_line|total_line|away_ppg_diff_std|away_roll_total_vs_line|market_home_prob|home_roll_margin|away_roll_pf|roll_margin_diff,+roll_margin_diff
lgbm/fwd,1954,0.6592,0.6171,0.2141,0.7163,0.7793,0.7825,0.5329,lgbm,9,spread_line|total_line|away_ppg_diff_std|away_roll_total_vs_line|market_home_prob|home_roll_margin|away_roll_pf|roll_margin_diff|elo_vs_spread,+elo_vs_spread
lgbm/fwd,1954,0.6597,0.6187,0.2149,0.7144,0.7701,0.7808,0.5066,lgbm,10,spread_line|total_line|away_ppg_diff_std|away_roll_total_vs_line|market_home_prob|home_roll_margin|away_roll_pf|roll_margin_diff|elo_vs_spread|home_roll_total_vs_line,+home_roll_total_vs_line
lgbm/fwd,1954,0.6592,0.6193,0.2152,0.7124,0.7862,0.7809,0.5395,lgbm,11,spread_line|total_line|away_ppg_diff_std|away_roll_total_vs_line|market_home_prob|home_roll_margin|away_roll_pf|roll_margin_diff|elo_vs_spread|home_roll_total_vs_line|elo_home_prob,+elo_home_prob
lgbm/fwd,1954,0.6602,0.6206,0.2157,0.7111,0.7655,0.7799,0.4868,lgbm,12,spread_line|total_line|away_ppg_diff_std|away_roll_total_vs_line|market_home_prob|home_roll_margin|away_roll_pf|roll_margin_diff|elo_vs_spread|home_roll_total_vs_line|elo_home_prob|elo_diff,+elo_diff
lgbm/fwd,1954,0.6643,0.6203,0.2156,0.7114,0.7724,0.7808,0.5066,lgbm,13,spread_line|total_line|away_ppg_diff_std|away_roll_total_vs_line|market_home_prob|home_roll_margin|away_roll_pf|roll_margin_diff|elo_vs_spread|home_roll_total_vs_line|elo_home_prob|elo_diff|elo_spread,+elo_spread
lgbm/fwd,1954,0.6607,0.6226,0.2166,0.708,0.7747,0.7794,0.5461,lgbm,14,spread_line|total_line|away_ppg_diff_std|away_roll_total_vs_line|market_home_prob|home_roll_margin|away_roll_pf|roll_margin_diff|elo_vs_spread|home_roll_total_vs_line|elo_home_prob|elo_diff|elo_spread|travel_miles,+travel_miles
lgbm/fwd,1954,0.6612,0.6232,0.2169,0.7069,0.7816,0.7809,0.5263,lgbm,15,spread_line|total_line|away_ppg_diff_std|away_roll_total_vs_line|market_home_prob|home_roll_margin|away_roll_pf|roll_margin_diff|elo_vs_spread|home_roll_total_vs_line|elo_home_prob|elo_diff|elo_spread|travel_miles|market_vig,+market_vig
lgbm/bwd,1954,0.6576,0.622,0.2164,0.7088,0.7816,0.7836,0.5658,lgbm,14,spread_line|market_home_prob|elo_diff|roll_margin_diff|elo_vs_spread|elo_spread|away_roll_pf|home_roll_margin|elo_home_prob|away_ppg_diff_std|travel_miles|home_roll_total_vs_line|total_line|away_roll_total_vs_line,-market_vig
lgbm/bwd,1954,0.6597,0.6201,0.2156,0.7109,0.7839,0.7799,0.5329,lgbm,13,spread_line|market_home_prob|elo_diff|roll_margin_diff|elo_vs_spread|elo_spread|away_roll_pf|home_roll_margin|elo_home_prob|away_ppg_diff_std|home_roll_total_vs_line|total_line|away_roll_total_vs_line,-travel_miles
lgbm/bwd,1954,0.6668,0.6201,0.2155,0.712,0.777,0.7808,0.5395,lgbm,12,market_home_prob|elo_diff|roll_margin_diff|elo_vs_spread|elo_spread|away_roll_pf|home_roll_margin|elo_home_prob|away_ppg_diff_std|home_roll_total_vs_line|total_line|away_roll_total_vs_line,-spread_line
lgbm/bwd,1954,0.6571,0.6209,0.2159,0.7103,0.7839,0.7813,0.5395,lgbm,11,market_home_prob|elo_diff|roll_margin_diff|elo_vs_spread|elo_spread|away_roll_pf|elo_home_prob|away_ppg_diff_std|home_roll_total_vs_line|total_line|away_roll_total_vs_line,-home_roll_margin
lgbm/bwd,1954,0.6597,0.6203,0.2156,0.7115,0.7885,0.7828,0.5395,lgbm,10,market_home_prob|elo_diff|roll_margin_diff|elo_vs_spread|elo_spread|elo_home_prob|away_ppg_diff_std|home_roll_total_vs_line|total_line|away_roll_total_vs_line,-away_roll_pf
lgbm/bwd,1954,0.6617,0.6201,0.2155,0.711,0.7839,0.783,0.5395,lgbm,9,market_home_prob|elo_diff|elo_vs_spread|elo_spread|elo_home_prob|away_ppg_diff_std|home_roll_total_vs_line|total_line|away_roll_total_vs_line,-roll_margin_diff
lgbm/bwd,1954,0.6612,0.6192,0.2151,0.7127,0.7885,0.7826,0.5263,lgbm,8,market_home_prob|elo_diff|elo_vs_spread|elo_home_prob|away_ppg_diff_std|home_roll_total_vs_line|total_line|away_roll_total_vs_line,-elo_spread
lgbm/bwd,1954,0.6566,0.6199,0.2155,0.7115,0.7954,0.7803,0.5526,lgbm,7,market_home_prob|elo_diff|elo_vs_spread|elo_home_prob|away_ppg_diff_std|total_line|away_roll_total_vs_line,-home_roll_total_vs_line
lgbm/bwd,1954,0.6633,0.618,0.2146,0.714,0.7954,0.7818,0.5461,lgbm,6,market_home_prob|elo_diff|elo_vs_spread|away_ppg_diff_std|total_line|away_roll_total_vs_line,-elo_home_prob
lgbm/bwd,1954,0.6561,0.6155,0.2135,0.7174,0.7816,0.7824,0.5132,lgbm,5,market_home_prob|elo_vs_spread|away_ppg_diff_std|total_line|away_roll_total_vs_line,-elo_diff
lgbm/bwd,1954,0.6566,0.6149,0.2131,0.7191,0.7655,0.7842,0.5,lgbm,4,market_home_prob|away_ppg_diff_std|total_line|away_roll_total_vs_line,-elo_vs_spread
lgbm/bwd,1954,0.6592,0.615,0.2132,0.7177,0.7793,0.786,0.5395,lgbm,3,market_home_prob|away_ppg_diff_std|total_line,-away_roll_total_vs_line
lgbm/bwd,1954,0.6566,0.6163,0.2137,0.7175,0.7931,0.7849,0.5658,lgbm,2,market_home_prob|total_line,-away_ppg_diff_std
lgbm/bwd,1954,0.6566,0.6185,0.2147,0.7133,0.7678,0.7862,0.5066,lgbm,1,market_home_prob,-total_line
logistic/rand,1954,0.6633,0.6111,0.2114,0.7248,0.8092,0.7965,0.5789,logistic,12,market_vig|elo_vs_spread|away_roll_pf|spread_line|elo_spread|total_line|elo_diff|away_roll_total_vs_line|roll_margin_diff|away_ppg_diff_std|travel_miles|elo_home_prob,
logistic/rand,1954,0.6658,0.6104,0.2112,0.7247,0.8046,0.7957,0.5592,logistic,5,away_ppg_diff_std|away_roll_total_vs_line|elo_home_prob|spread_line|total_line,
logistic/rand,1954,0.6653,0.6104,0.2111,0.725,0.8069,0.7953,0.5658,logistic,12,elo_spread|away_roll_total_vs_line|away_roll_pf|elo_diff|market_home_prob|home_roll_margin|spread_line|away_ppg_diff_std|elo_vs_spread|total_line|travel_miles|elo_home_prob,
logistic/rand,1954,0.6668,0.6117,0.2115,0.7243,0.8,0.7938,0.5526,logistic,11,market_vig|away_roll_pf|elo_vs_spread|away_ppg_diff_std|roll_margin_diff|market_home_prob|home_roll_margin|elo_home_prob|away_roll_total_vs_line|travel_miles|elo_diff,
logistic/rand,1954,0.6627,0.6111,0.2114,0.7247,0.8069,0.796,0.5724,logistic,12,roll_margin_diff|travel_miles|away_ppg_diff_std|away_roll_total_vs_line|elo_vs_spread|total_line|home_roll_total_vs_line|spread_line|elo_diff|away_roll_pf|market_vig|elo_spread,
logistic/rand,1954,0.6668,0.6103,0.2111,0.7251,0.8046,0.7959,0.5724,logistic,9,total_line|elo_vs_spread|away_roll_total_vs_line|away_ppg_diff_std|travel_miles|elo_spread|away_roll_pf|spread_line|roll_margin_diff,
logistic/rand,1954,0.6679,0.6109,0.2113,0.7245,0.7931,0.7938,0.5461,logistic,11,market_home_prob|elo_home_prob|away_roll_total_vs_line|away_roll_pf|travel_miles|home_roll_total_vs_line|spread_line|elo_spread|total_line|away_ppg_diff_std|elo_diff,
logistic/rand,1954,0.6622,0.6112,0.2114,0.7248,0.8046,0.7964,0.5592,logistic,14,away_ppg_diff_std|elo_vs_spread|elo_home_prob|roll_margin_diff|away_roll_pf|elo_spread|travel_miles|away_roll_total_vs_line|market_vig|total_line|home_roll_margin|spread_line|elo_diff|market_home_prob,
logistic/rand,1954,0.6658,0.61,0.211,0.7253,0.8023,0.7954,0.5592,logistic,10,elo_vs_spread|total_line|spread_line|away_roll_total_vs_line|home_roll_margin|away_roll_pf|roll_margin_diff|elo_diff|market_home_prob|away_ppg_diff_std,
logistic/rand,1954,0.6679,0.6103,0.2113,0.724,0.8023,0.7957,0.5658,logistic,3,spread_line|away_ppg_diff_std|away_roll_total_vs_line,
logistic/rand,1954,0.6622,0.6112,0.2114,0.7246,0.8046,0.7956,0.5592,logistic,14,elo_spread|away_roll_total_vs_line|away_ppg_diff_std|home_roll_margin|roll_margin_diff|travel_miles|market_home_prob|away_roll_pf|home_roll_total_vs_line|spread_line|elo_vs_spread|elo_diff|market_vig|total_line,
logistic/rand,1954,0.6627,0.6121,0.2118,0.7237,0.8069,0.7951,0.5658,logistic,13,elo_diff|travel_miles|home_roll_margin|market_vig|roll_margin_diff|total_line|spread_line|elo_vs_spread|market_home_prob|elo_spread|away_roll_pf|away_roll_total_vs_line|home_roll_total_vs_line,
logistic/rand,1954,0.6638,0.6107,0.2112,0.7248,0.8046,0.7956,0.5592,logistic,11,elo_spread|total_line|market_home_prob|home_roll_margin|roll_margin_diff|away_roll_pf|market_vig|home_roll_total_vs_line|away_ppg_diff_std|spread_line|elo_vs_spread,
logistic/rand,1954,0.6638,0.6116,0.2116,0.7241,0.8069,0.7967,0.5592,logistic,10,roll_margin_diff|away_roll_pf|spread_line|total_line|travel_miles|away_ppg_diff_std|market_vig|elo_home_prob|elo_diff|home_roll_margin,
logistic/rand,1954,0.6627,0.6123,0.2119,0.7231,0.8046,0.794,0.5658,logistic,11,roll_margin_diff|elo_vs_spread|total_line|market_vig|elo_home_prob|spread_line|market_home_prob|travel_miles|away_roll_total_vs_line|elo_diff|away_roll_pf,
logistic/rand,1954,0.6668,0.6113,0.2114,0.7241,0.7954,0.7936,0.5461,logistic,11,elo_home_prob|travel_miles|elo_diff|home_roll_margin|home_roll_total_vs_line|away_ppg_diff_std|spread_line|away_roll_total_vs_line|away_roll_pf|market_home_prob|roll_margin_diff,
logistic/rand,1954,0.6668,0.6117,0.2115,0.7243,0.8,0.7938,0.5526,logistic,11,away_roll_total_vs_line|elo_spread|away_ppg_diff_std|market_home_prob|elo_vs_spread|market_vig|home_roll_margin|roll_margin_diff|elo_home_prob|away_roll_pf|travel_miles,
logistic/rand,1954,0.6668,0.6114,0.2116,0.7233,0.8092,0.7905,0.5789,logistic,4,home_roll_margin|elo_vs_spread|away_roll_pf|elo_home_prob,
logistic/rand,1954,0.6633,0.6112,0.2114,0.7246,0.8046,0.7957,0.5592,logistic,15,spread_line|market_home_prob|away_roll_total_vs_line|roll_margin_diff|away_roll_pf|elo_vs_spread|elo_home_prob|total_line|market_vig|elo_diff|travel_miles|home_roll_margin|home_roll_total_vs_line|away_ppg_diff_std|elo_spread,
logistic/rand,1954,0.6474,0.638,0.223,0.6908,0.7402,0.7513,0.4408,logistic,3,elo_spread|away_roll_pf|elo_home_prob,
logistic/rand,1954,0.6638,0.611,0.2113,0.7245,0.8069,0.7954,0.5658,logistic,12,market_vig|elo_vs_spread|home_roll_total_vs_line|away_roll_pf|away_ppg_diff_std|market_home_prob|home_roll_margin|away_roll_total_vs_line|spread_line|elo_diff|travel_miles|total_line,
logistic/rand,1954,0.6638,0.6111,0.2114,0.7245,0.8069,0.7959,0.5658,logistic,13,market_home_prob|travel_miles|market_vig|roll_margin_diff|home_roll_total_vs_line|total_line|spread_line|elo_vs_spread|elo_spread|elo_home_prob|elo_diff|home_roll_margin|away_ppg_diff_std,
logistic/rand,1954,0.6658,0.6116,0.2116,0.7236,0.8023,0.7932,0.5592,logistic,8,travel_miles|home_roll_margin|total_line|market_home_prob|away_roll_pf|elo_diff|home_roll_total_vs_line|spread_line,
logistic/rand,1954,0.6653,0.6101,0.2111,0.7254,0.8023,0.7952,0.5658,logistic,9,away_ppg_diff_std|home_roll_total_vs_line|travel_miles|elo_spread|total_line|elo_vs_spread|elo_home_prob|roll_margin_diff|spread_line,
logistic/rand,1954,0.6658,0.6121,0.2118,0.7228,0.8069,0.7944,0.5658,logistic,6,away_roll_total_vs_line|elo_diff|home_roll_total_vs_line|market_vig|elo_vs_spread|home_roll_margin,
logistic/rand,1954,0.6633,0.6112,0.2114,0.7246,0.8046,0.7957,0.5592,logistic,15,away_ppg_diff_std|home_roll_margin|roll_margin_diff|elo_spread|elo_vs_spread|market_home_prob|home_roll_total_vs_line|elo_diff|market_vig|away_roll_pf|spread_line|elo_home_prob|total_line|away_roll_total_vs_line|travel_miles,
logistic/rand,1954,0.6428,0.6391,0.2234,0.6904,0.731,0.7498,0.4276,logistic,9,away_ppg_diff_std|total_line|market_vig|elo_diff|away_roll_total_vs_line|away_roll_pf|travel_miles|elo_spread|elo_home_prob,
logistic/rand,1954,0.6633,0.6119,0.2118,0.7233,0.8023,0.7951,0.5724,logistic,3,travel_miles|market_vig|spread_line,
logistic/rand,1954,0.6709,0.6136,0.2123,0.7218,0.8023,0.789,0.5461,logistic,3,elo_diff|home_roll_margin|market_home_prob,
logistic/rand,1954,0.6643,0.6125,0.2119,0.723,0.8023,0.7921,0.5592,logistic,10,market_home_prob|travel_miles|away_roll_pf|total_line|roll_margin_diff|home_roll_total_vs_line|market_vig|away_roll_total_vs_line|elo_vs_spread|elo_diff,
logistic/rand,1954,0.6638,0.6114,0.2116,0.724,0.8069,0.7937,0.5658,logistic,12,market_home_prob|elo_vs_spread|spread_line|elo_spread|roll_margin_diff|travel_miles|away_roll_total_vs_line|home_roll_margin|home_roll_total_vs_line|total_line|elo_home_prob|away_roll_pf,
logistic/rand,1954,0.6673,0.6099,0.211,0.7252,0.8023,0.7952,0.5658,logistic,9,elo_home_prob|elo_vs_spread|away_ppg_diff_std|home_roll_total_vs_line|elo_diff|total_line|away_roll_pf|away_roll_total_vs_line|spread_line,
logistic/rand,1954,0.6525,0.6377,0.2228,0.691,0.7448,0.7575,0.4408,logistic,3,travel_miles|home_roll_margin|elo_diff,
logistic/rand,1954,0.6627,0.611,0.2115,0.724,0.8046,0.7954,0.5592,logistic,5,total_line|elo_diff|roll_margin_diff|elo_vs_spread|elo_spread,
logistic/rand,1954,0.6699,0.6126,0.2119,0.7233,0.8023,0.79,0.5592,logistic,7,market_home_prob|roll_margin_diff|away_ppg_diff_std|away_roll_pf|market_vig|elo_spread|total_line,
logistic/rand,1954,0.6679,0.6112,0.2114,0.7242,0.7977,0.7937,0.5526,logistic,9,elo_vs_spread|elo_spread|travel_miles|roll_margin_diff|away_ppg_diff_std|elo_diff|home_roll_margin|away_roll_pf|market_home_prob,
logistic/rand,1954,0.6679,0.6108,0.2113,0.7243,0.8,0.7954,0.5461,logistic,7,elo_diff|home_roll_total_vs_line|away_roll_pf|away_ppg_diff_std|away_roll_total_vs_line|spread_line|home_roll_margin,
logistic/rand,1954,0.652,0.6352,0.2217,0.6951,0.7264,0.7591,0.4145,logistic,10,elo_diff|home_roll_total_vs_line|away_roll_pf|roll_margin_diff|away_roll_total_vs_line|total_line|away_ppg_diff_std|market_vig|home_roll_margin|travel_miles,
logistic/rand,1954,0.6638,0.6107,0.2112,0.725,0.8069,0.7951,0.5724,logistic,12,roll_margin_diff|home_roll_total_vs_line|elo_diff|away_ppg_diff_std|away_roll_pf|spread_line|away_roll_total_vs_line|total_line|market_vig|market_home_prob|elo_home_prob|elo_vs_spread,
logistic/rand,1954,0.6627,0.6121,0.2118,0.7234,0.8069,0.7961,0.5592,logistic,8,home_roll_total_vs_line|market_vig|total_line|elo_diff|roll_margin_diff|away_roll_total_vs_line|spread_line|home_roll_margin,
logistic/rand,1954,0.6653,0.6111,0.2114,0.7245,0.8046,0.7954,0.5592,logistic,14,elo_vs_spread|away_roll_pf|elo_home_prob|roll_margin_diff|home_roll_total_vs_line|away_ppg_diff_std|market_vig|market_home_prob|total_line|travel_miles|spread_line|elo_diff|elo_spread|home_roll_margin,
logistic/rand,1954,0.6633,0.6112,0.2114,0.7246,0.8046,0.7957,0.5592,logistic,15,total_line|market_home_prob|away_ppg_diff_std|market_vig|elo_vs_spread|elo_diff|roll_margin_diff|home_roll_total_vs_line|elo_spread|away_roll_total_vs_line|travel_miles|home_roll_margin|away_roll_pf|elo_home_prob|spread_line,
logistic/rand,1954,0.6633,0.6119,0.2118,0.7232,0.8046,0.7944,0.5724,logistic,4,spread_line|away_roll_pf|market_vig|travel_miles,
logistic/rand,1954,0.6633,0.6128,0.2121,0.7227,0.8,0.7928,0.5526,logistic,10,away_roll_pf|market_vig|spread_line|away_roll_total_vs_line|home_roll_total_vs_line|roll_margin_diff|total_line|travel_miles|market_home_prob|elo_diff,
logistic/rand,1954,0.6653,0.6137,0.2123,0.7218,0.8046,0.7902,0.5526,logistic,10,home_roll_total_vs_line|market_vig|home_roll_margin|elo_home_prob|travel_miles|away_ppg_diff_std|away_roll_total_vs_line|market_home_prob|elo_spread|total_line,
logistic/rand,1954,0.6684,0.6112,0.2114,0.7237,0.8,0.7916,0.5592,logistic,9,elo_spread|elo_home_prob|market_home_prob|away_roll_pf|elo_vs_spread|travel_miles|away_ppg_diff_std|home_roll_margin|home_roll_total_vs_line,
logistic/rand,1954,0.6663,0.6104,0.2112,0.7249,0.8,0.7946,0.5592,logistic,9,roll_margin_diff|away_ppg_diff_std|away_roll_pf|market_home_prob|away_roll_total_vs_line|elo_home_prob|total_line|spread_line|elo_diff,
logistic/rand,1954,0.6663,0.6112,0.2114,0.7245,0.7977,0.7958,0.5592,logistic,8,away_roll_pf|market_vig|away_roll_total_vs_line|roll_margin_diff|elo_spread|elo_diff|away_ppg_diff_std|elo_vs_spread,
logistic/rand,1954,0.6622,0.6112,0.2114,0.7245,0.8069,0.7955,0.5658,logistic,14,total_line|elo_spread|home_roll_margin|away_ppg_diff_std|spread_line|away_roll_total_vs_line|market_home_prob|travel_miles|elo_vs_spread|roll_margin_diff|elo_home_prob|market_vig|elo_diff|home_roll_total_vs_line,
logistic/rand,1954,0.6633,0.6112,0.2114,0.7246,0.8046,0.7957,0.5592,logistic,15,total_line|away_roll_total_vs_line|away_roll_pf|elo_vs_spread|market_home_prob|home_roll_margin|home_roll_total_vs_line|travel_miles|roll_margin_diff|away_ppg_diff_std|market_vig|spread_line|elo_diff|elo_spread|elo_home_prob,
logistic/rand,1954,0.6658,0.6119,0.2118,0.7233,0.8023,0.7937,0.5526,logistic,3,elo_spread|spread_line|market_home_prob,
logistic/rand,1954,0.6638,0.6102,0.2112,0.7243,0.8046,0.7962,0.5724,logistic,4,total_line|spread_line|home_roll_total_vs_line|home_roll_margin,
logistic/rand,1954,0.6638,0.6104,0.2111,0.7253,0.8115,0.795,0.5789,logistic,8,elo_vs_spread|roll_margin_diff|market_home_prob|spread_line|market_vig|away_ppg_diff_std|total_line|away_roll_total_vs_line,
logistic/rand,1954,0.6627,0.6122,0.2118,0.7236,0.8069,0.7952,0.5658,logistic,14,elo_spread|elo_diff|elo_home_prob|elo_vs_spread|home_roll_margin|travel_miles|home_roll_total_vs_line|market_home_prob|market_vig|away_roll_total_vs_line|away_roll_pf|spread_line|total_line|roll_margin_diff,
logistic/rand,1954,0.6484,0.6408,0.2241,0.688,0.7333,0.7496,0.4145,logistic,3,travel_miles|market_vig|elo_spread,
logistic/rand,1954,0.6633,0.6112,0.2114,0.7246,0.8046,0.7957,0.5592,logistic,15,home_roll_margin|spread_line|elo_home_prob|elo_diff|market_home_prob|away_ppg_diff_std|home_roll_total_vs_line|travel_miles|total_line|elo_spread|away_roll_pf|elo_vs_spread|away_roll_total_vs_line|roll_margin_diff|market_vig,
logistic/rand,1954,0.6494,0.6354,0.2219,0.6943,0.7287,0.7542,0.4211,logistic,8,total_line|elo_home_prob|elo_spread|travel_miles|away_roll_pf|home_roll_total_vs_line|away_ppg_diff_std|roll_margin_diff,
logistic/rand,1954,0.6658,0.6116,0.2115,0.7243,0.8046,0.7954,0.5592,logistic,11,home_roll_margin|spread_line|away_ppg_diff_std|elo_diff|market_vig|travel_miles|total_line|away_roll_pf|elo_spread|market_home_prob|away_roll_total_vs_line,
logistic/rand,1954,0.6627,0.6108,0.2113,0.7249,0.8023,0.7962,0.5526,logistic,14,home_roll_total_vs_line|market_home_prob|total_line|market_vig|spread_line|elo_spread|away_roll_total_vs_line|elo_diff|away_ppg_diff_std|elo_vs_spread|roll_margin_diff|away_roll_pf|home_roll_margin|elo_home_prob,
logistic/rand,1954,0.6474,0.6394,0.2236,0.6896,0.7517,0.7525,0.4408,logistic,3,home_roll_total_vs_line|away_ppg_diff_std|elo_spread,
logistic/rand,1954,0.6627,0.6111,0.2114,0.7244,0.8069,0.7954,0.5658,logistic,13,away_ppg_diff_std|away_roll_total_vs_line|market_home_prob|travel_miles|market_vig|home_roll_total_vs_line|elo_vs_spread|elo_diff|elo_spread|total_line|home_roll_margin|roll_margin_diff|spread_line,
logistic/rand,1954,0.6489,0.6362,0.2222,0.6934,0.7287,0.7548,0.4145,logistic,6,total_line|elo_diff|away_ppg_diff_std|market_vig|travel_miles|roll_margin_diff,
logistic/rand,1954,0.588,0.6696,0.2384,0.6218,0.6506,0.6674,0.3026,logistic,3,travel_miles|away_roll_pf|elo_vs_spread,
logistic/rand,1954,0.6648,0.6112,0.2115,0.7238,0.8069,0.7954,0.5658,logistic,3,roll_margin_diff|spread_line|elo_vs_spread,
logistic/rand,1954,0.6653,0.6111,0.2114,0.7244,0.7977,0.7954,0.5526,logistic,7,market_vig|roll_margin_diff|away_roll_total_vs_line|away_ppg_diff_std|away_roll_pf|travel_miles|spread_line,
logistic/rand,1954,0.6663,0.6117,0.2115,0.724,0.8046,0.7952,0.5592,logistic,14,market_home_prob|elo_diff|away_ppg_diff_std|market_vig|spread_line|elo_home_prob|elo_spread|home_roll_margin|travel_miles|away_roll_pf|roll_margin_diff|away_roll_total_vs_line|home_roll_total_vs_line|total_line,
logistic/rand,1954,0.6648,0.6113,0.2114,0.7243,0.8069,0.7948,0.5658,logistic,14,elo_diff|home_roll_total_vs_line|home_roll_margin|away_roll_total_vs_line|market_vig|market_home_prob|away_ppg_diff_std|away_roll_pf|roll_margin_diff|elo_vs_spread|elo_home_prob|total_line|elo_spread|travel_miles,
logistic/rand,1954,0.6648,0.6123,0.2119,0.7227,0.8069,0.7948,0.5592,logistic,5,travel_miles|home_roll_total_vs_line|spread_line|elo_spread|home_roll_margin,
logistic/rand,1954,0.6377,0.6358,0.2227,0.688,0.7678,0.7535,0.5,logistic,7,away_roll_total_vs_line|away_roll_pf|away_ppg_diff_std|roll_margin_diff|home_roll_margin|elo_vs_spread|total_line,
logistic/rand,1954,0.6633,0.6111,0.2113,0.7247,0.8023,0.7947,0.5592,logistic,11,away_roll_total_vs_line|total_line|travel_miles|away_ppg_diff_std|market_home_prob|elo_vs_spread|spread_line|market_vig|home_roll_total_vs_line|elo_diff|away_roll_pf,
logistic/rand,1954,0.632,0.6412,0.2252,0.6788,0.7609,0.7418,0.4803,logistic,9,roll_margin_diff|market_vig|away_ppg_diff_std|home_roll_total_vs_line|away_roll_total_vs_line|travel_miles|total_line|elo_vs_spread|away_roll_pf,
logistic/rand,1954,0.6653,0.6114,0.2116,0.7234,0.8046,0.795,0.5592,logistic,5,elo_vs_spread|elo_spread|spread_line|elo_diff|home_roll_total_vs_line,
logistic/rand,1954,0.6684,0.6123,0.2119,0.7231,0.8,0.7923,0.5526,logistic,9,home_roll_total_vs_line|elo_spread|roll_margin_diff|market_home_prob|away_roll_total_vs_line|elo_home_prob|elo_vs_spread|spread_line|market_vig,
logistic/rand,1954,0.6658,0.6115,0.2116,0.7236,0.7954,0.796,0.5395,logistic,5,elo_home_prob|away_ppg_diff_std|elo_spread|away_roll_total_vs_line|spread_line,
logistic/rand,1954,0.6622,0.6111,0.2114,0.7246,0.8069,0.7962,0.5658,logistic,13,elo_home_prob|travel_miles|elo_vs_spread|market_vig|home_roll_margin|away_ppg_diff_std|elo_spread|market_home_prob|away_roll_total_vs_line|spread_line|elo_diff|roll_margin_diff|total_line,
logistic/rand,1954,0.6653,0.61,0.2111,0.7251,0.8069,0.7947,0.5724,logistic,6,total_line|away_ppg_diff_std|home_roll_total_vs_line|elo_vs_spread|elo_home_prob|spread_line,
logistic/rand,1954,0.6484,0.6363,0.2222,0.6928,0.731,0.7516,0.4079,logistic,6,home_roll_total_vs_line|travel_miles|elo_home_prob|total_line|away_roll_total_vs_line|home_roll_margin,
logistic/rand,1954,0.6633,0.612,0.2118,0.7236,0.8069,0.7958,0.5658,logistic,12,travel_miles|home_roll_margin|home_roll_total_vs_line|elo_vs_spread|roll_margin_diff|elo_diff|spread_line|total_line|elo_spread|away_roll_total_vs_line|elo_home_prob|market_vig,
logistic/rand,1954,0.6658,0.6106,0.2113,0.7243,0.7977,0.7941,0.5592,logistic,6,away_roll_total_vs_line|elo_home_prob|roll_margin_diff|away_ppg_diff_std|elo_diff|elo_vs_spread,
logistic/rand,1954,0.6679,0.6105,0.2112,0.7247,0.8,0.7944,0.5592,logistic,13,elo_home_prob|elo_spread|market_home_prob|elo_vs_spread|elo_diff|travel_miles|away_roll_pf|total_line|roll_margin_diff|home_roll_total_vs_line|spread_line|home_roll_margin|away_ppg_diff_std,
logistic/rand,1954,0.6663,0.6109,0.2114,0.7244,0.8069,0.7962,0.5658,logistic,10,home_roll_margin|away_roll_pf|elo_spread|travel_miles|elo_home_prob|away_roll_total_vs_line|roll_margin_diff|spread_line|away_ppg_diff_std|total_line,
logistic/rand,1954,0.6714,0.6127,0.2119,0.7231,0.7885,0.789,0.5263,logistic,8,elo_diff|elo_spread|away_roll_total_vs_line|away_ppg_diff_std|roll_margin_diff|elo_home_prob|away_roll_pf|market_home_prob,
logistic/rand,1954,0.6633,0.6112,0.2114,0.7246,0.8046,0.7957,0.5592,logistic,15,travel_miles|home_roll_margin|elo_spread|total_line|away_roll_pf|home_roll_total_vs_line|away_roll_total_vs_line|elo_diff|elo_home_prob|elo_vs_spread|away_ppg_diff_std|roll_margin_diff|market_vig|market_home_prob|spread_line,
logistic/rand,1954,0.6658,0.6115,0.2114,0.7245,0.7977,0.7954,0.5461,logistic,11,spread_line|away_roll_pf|home_roll_margin|elo_spread|travel_miles|away_roll_total_vs_line|market_vig|elo_vs_spread|roll_margin_diff|away_ppg_diff_std|market_home_prob,
logistic/rand,1954,0.5757,0.6697,0.2384,0.6233,0.6736,0.656,0.3026,logistic,3,home_roll_total_vs_line|elo_vs_spread|away_ppg_diff_std,
logistic/rand,1954,0.6663,0.6106,0.2112,0.7245,0.8023,0.795,0.5592,logistic,9,away_ppg_diff_std|home_roll_total_vs_line|elo_spread|elo_vs_spread|travel_miles|elo_diff|home_roll_margin|away_roll_total_vs_line|away_roll_pf,
logistic/rand,1954,0.6679,0.6116,0.2115,0.7242,0.7977,0.7939,0.5461,logistic,13,elo_spread|away_roll_pf|elo_vs_spread|elo_home_prob|travel_miles|home_roll_margin|elo_diff|away_roll_total_vs_line|market_vig|roll_margin_diff|home_roll_total_vs_line|market_home_prob|away_ppg_diff_std,
logistic/rand,1954,0.6663,0.6106,0.2113,0.7246,0.8069,0.7905,0.5724,logistic,9,travel_miles|total_line|away_roll_total_vs_line|away_roll_pf|away_ppg_diff_std|elo_home_prob|roll_margin_diff|home_roll_margin|elo_vs_spread,
logistic/rand,1954,0.672,0.6124,0.2118,0.7227,0.8046,0.7871,0.5724,logistic,6,away_ppg_diff_std|market_vig|market_home_prob|away_roll_total_vs_line|home_roll_total_vs_line|roll_margin_diff,
logistic/rand,1954,0.6663,0.611,0.2114,0.7245,0.8,0.7895,0.5592,logistic,7,elo_home_prob|away_roll_pf|roll_margin_diff|elo_vs_spread|travel_miles|away_roll_total_vs_line|away_ppg_diff_std,
logistic/rand,1954,0.6264,0.6513,0.2298,0.6629,0.7195,0.7192,0.4145,logistic,4,home_roll_total_vs_line|travel_miles|roll_margin_diff|away_roll_total_vs_line,
logistic/rand,1954,0.6663,0.6104,0.2112,0.7238,0.8138,0.7929,0.5921,logistic,6,home_roll_margin|away_roll_pf|away_ppg_diff_std|spread_line|market_home_prob|home_roll_total_vs_line,
logistic/rand,1954,0.6648,0.6125,0.2119,0.7235,0.8023,0.7955,0.5526,logistic,10,elo_spread|elo_vs_spread|away_roll_total_vs_line|market_vig|elo_diff|elo_home_prob|away_roll_pf|travel_miles|roll_margin_diff|home_roll_margin,
logistic/rand,1954,0.6673,0.6111,0.2114,0.7241,0.8,0.7933,0.5526,logistic,5,market_home_prob|elo_home_prob|elo_vs_spread|away_ppg_diff_std|elo_diff,
logistic/rand,1954,0.6658,0.6114,0.2115,0.7244,0.7931,0.794,0.5461,logistic,11,market_vig|elo_home_prob|elo_vs_spread|travel_miles|roll_margin_diff|elo_diff|home_roll_total_vs_line|away_ppg_diff_std|away_roll_total_vs_line|away_roll_pf|spread_line,
logistic/rand,1954,0.6633,0.6112,0.2114,0.7246,0.8046,0.7957,0.5592,logistic,15,away_roll_total_vs_line|elo_spread|market_home_prob|away_roll_pf|total_line|elo_diff|market_vig|spread_line|elo_home_prob|roll_margin_diff|away_ppg_diff_std|travel_miles|home_roll_margin|elo_vs_spread|home_roll_total_vs_line,
logistic/rand,1954,0.6679,0.6136,0.2123,0.7216,0.7977,0.7873,0.5329,logistic,3,elo_spread|market_home_prob|home_roll_total_vs_line,
logistic/rand,1954,0.6663,0.613,0.212,0.7228,0.7977,0.7903,0.5461,logistic,11,market_vig|market_home_prob|elo_diff|away_roll_total_vs_line|away_ppg_diff_std|home_roll_margin|away_roll_pf|home_roll_total_vs_line|total_line|elo_spread|roll_margin_diff,
logistic/rand,1954,0.6673,0.6114,0.2116,0.7235,0.8069,0.7894,0.5724,logistic,8,total_line|home_roll_total_vs_line|travel_miles|elo_home_prob|home_roll_margin|away_roll_pf|elo_vs_spread|roll_margin_diff,
logistic/rand,1954,0.6684,0.61,0.211,0.725,0.8092,0.7936,0.5855,logistic,9,away_ppg_diff_std|total_line|spread_line|market_home_prob|roll_margin_diff|home_roll_margin|home_roll_total_vs_line|away_roll_total_vs_line|elo_vs_spread,
