date,games,correct,accuracy,log_loss,brier,avg_margin_err,avg_total_err,skipped,home_log_loss,home_correct,d_ll_sum,d_ll_sq_sum,cum_games,cum_correct,cum_accuracy,cum_log_loss,cum_brier,cum_d_ll_mean,cum_d_ll_se
2026-08-07,15,6,0.4,0.7109,0.259,4.47,2.6,0,0.7,7,0.1640918513065107,0.2863331955592292,15,6,0.4,0.7109,0.259,0.01094,0.03681
2026-08-08,15,11,0.7333,0.708,0.2565,3.67,2.2,0,0.6818,9,0.3917959154861068,0.372151030974777,30,17,0.5667,0.7094,0.2578,0.01853,0.0273
2026-08-09,15,10,0.6667,0.6635,0.2349,3.8,3.13,0,0.6909,8,-0.4118624116220467,0.3102973932649356,45,27,0.6,0.6941,0.2501,0.0032,0.02211
2026-08-10,10,6,0.6,0.6477,0.228,2.77,3.43,0,0.6955,5,-0.478041190772968,0.2380564460936685,55,33,0.6,0.6857,0.2461,-0.00607,0.02014
2026-08-11,15,7,0.4667,0.6744,0.2406,2.9,3.59,0,0.6728,10,0.0250448937013753,0.3510476731373303,70,40,0.5714,0.6833,0.2449,-0.00441,0.01795
2026-08-12,15,8,0.5333,0.6676,0.2372,3.21,2.84,0,0.6728,10,-0.0767715174241633,0.3490619409963805,85,48,0.5647,0.6805,0.2436,-0.00454,0.01634
2026-08-13,9,3,0.3333,0.7525,0.2794,5.21,3.7,0,0.7182,3,0.3089137456880616,0.1276105709262091,94,51,0.5426,0.6874,0.247,-0.00082,0.01526
2026-08-14,14,6,0.4286,0.7349,0.2706,2.78,4.59,0,0.6857,8,0.6881493415850549,0.1635289014987084,108,57,0.5278,0.6936,0.2501,0.00566,0.01378
2026-08-15,10,4,0.4,0.7306,0.2685,4.01,3.67,0,0.7363,2,-0.057384686688290776,0.08477814066528866,118,61,0.5169,0.6967,0.2516,0.00469,0.01285
